[
    {
        "all_awardings": [],
        "allow_live_comments": false,
        "author": "Waldonville",
        "author_flair_css_class": null,
        "author_flair_richtext": [],
        "author_flair_text": null,
        "author_flair_type": "text",
        "author_fullname": "t2_3unqfk1b",
        "author_patreon_flair": false,
        "author_premium": false,
        "awarders": [],
        "can_mod_post": false,
        "contest_mode": false,
        "created_utc": "2020-10-26 03:07:02",
        "domain": "aljazeera.com",
        "full_link": "https://www.reddit.com/r/Coronavirus/comments/ji73ck/recovered_covid19_patients_plasma_of_little_use/",
        "gildings": {},
        "id": "ji73ck",
        "is_crosspostable": true,
        "is_meta": false,
        "is_original_content": false,
        "is_reddit_media_domain": false,
        "is_robot_indexable": true,
        "is_self": false,
        "is_video": false,
        "link_flair_background_color": "#0079d3",
        "link_flair_richtext": [],
        "link_flair_template_id": "279c03dc-5e49-11ea-8af7-0ef8f68bfceb",
        "link_flair_text": "Centers for Disease Control and Prevention",
        "link_flair_text_color": "dark",
        "link_flair_type": "text",
        "locked": false,
        "media_only": false,
        "no_follow": true,
        "num_comments": 6,
        "num_crossposts": 0,
        "over_18": false,
        "parent_whitelist_status": "all_ads",
        "permalink": "/r/Coronavirus/comments/ji73ck/recovered_covid19_patients_plasma_of_little_use/",
        "pinned": false,
        "post_hint": "link",
        "preview": {
            "enabled": false,
            "images": [
                {
                    "id": "I9yfZmHv2fAazit3wRyCRFBWmPFLNAklaogxxXHi7ps",
                    "resolutions": [
                        {
                            "height": 56,
                            "url": "https://external-preview.redd.it/1vLeWx3jFLdyNPREPuVz79mgBU_XdY-6jaNiEq81n8k.jpg?width=108&amp;crop=smart&amp;auto=webp&amp;s=ffbf064f36db750ace2494790f40fe1d59430d53",
                            "width": 108
                        },
                        {
                            "height": 113,
                            "url": "https://external-preview.redd.it/1vLeWx3jFLdyNPREPuVz79mgBU_XdY-6jaNiEq81n8k.jpg?width=216&amp;crop=smart&amp;auto=webp&amp;s=8427a8c28c54ead1254cd39e88d164355f0f93c5",
                            "width": 216
                        },
                        {
                            "height": 168,
                            "url": "https://external-preview.redd.it/1vLeWx3jFLdyNPREPuVz79mgBU_XdY-6jaNiEq81n8k.jpg?width=320&amp;crop=smart&amp;auto=webp&amp;s=46b4e1d26f351c047766b676bed4039ba6034dee",
                            "width": 320
                        },
                        {
                            "height": 336,
                            "url": "https://external-preview.redd.it/1vLeWx3jFLdyNPREPuVz79mgBU_XdY-6jaNiEq81n8k.jpg?width=640&amp;crop=smart&amp;auto=webp&amp;s=c04f2eee22573fbee69f48d4d49b1db0111e27b8",
                            "width": 640
                        },
                        {
                            "height": 504,
                            "url": "https://external-preview.redd.it/1vLeWx3jFLdyNPREPuVz79mgBU_XdY-6jaNiEq81n8k.jpg?width=960&amp;crop=smart&amp;auto=webp&amp;s=22c6b660e17cf9bea561dd101d9a1cc2ff984d0d",
                            "width": 960
                        },
                        {
                            "height": 567,
                            "url": "https://external-preview.redd.it/1vLeWx3jFLdyNPREPuVz79mgBU_XdY-6jaNiEq81n8k.jpg?width=1080&amp;crop=smart&amp;auto=webp&amp;s=fc3efd45b589789c9c80993328e8b59ab2ef91d7",
                            "width": 1080
                        }
                    ],
                    "source": {
                        "height": 630,
                        "url": "https://external-preview.redd.it/1vLeWx3jFLdyNPREPuVz79mgBU_XdY-6jaNiEq81n8k.jpg?auto=webp&amp;s=61a141a6519e5933b24205801f593a815fc108cb",
                        "width": 1200
                    },
                    "variants": {}
                }
            ]
        },
        "pwls": 6,
        "retrieved_on": 1603681634,
        "score": 1,
        "selftext": "",
        "send_replies": true,
        "spoiler": false,
        "stickied": false,
        "subreddit": "Coronavirus",
        "subreddit_id": "t5_2x4yx",
        "subreddit_subscribers": 2299260,
        "subreddit_type": "public",
        "suggested_sort": "confidence",
        "thumbnail": "https://b.thumbs.redditmedia.com/YmxHjtOsU5WUWqhrP7x9qYFN4bApWHPlVnapN-XJ63g.jpg",
        "thumbnail_height": 73,
        "thumbnail_width": 140,
        "title": "Recovered COVID-19 patients\u2019 plasma of little use in treatment - Findings of India study, one of first clinical trials to investigate the efficacy of convalescent plasma, are a setback.",
        "total_awards_received": 0,
        "treatment_tags": [],
        "upvote_ratio": 1.0,
        "url": "https://www.aljazeera.com/news/2020/10/23/recovered-covid-19-patients-plasma-of-little-use-in-treatment",
        "url_overridden_by_dest": "https://www.aljazeera.com/news/2020/10/23/recovered-covid-19-patients-plasma-of-little-use-in-treatment",
        "whitelist_status": "all_ads",
        "wls": 6
    },
    {
        "all_awardings": [],
        "allow_live_comments": false,
        "author": "Timothy-Sumer",
        "author_flair_css_class": null,
        "author_flair_richtext": [],
        "author_flair_text": null,
        "author_flair_type": "text",
        "author_fullname": "t2_33ycuh8q",
        "author_patreon_flair": false,
        "author_premium": false,
        "awarders": [],
        "can_mod_post": false,
        "contest_mode": false,
        "created_utc": "2020-10-23 07:38:18",
        "domain": "covid19newshq.com",
        "full_link": "https://www.reddit.com/r/Coronavirus/comments/jgilms/blood_of_recovered_covid19_patients_shows_little/",
        "gildings": {},
        "id": "jgilms",
        "is_crosspostable": false,
        "is_meta": false,
        "is_original_content": false,
        "is_reddit_media_domain": false,
        "is_robot_indexable": false,
        "is_self": false,
        "is_video": false,
        "link_flair_background_color": "",
        "link_flair_richtext": [],
        "link_flair_text_color": "dark",
        "link_flair_type": "text",
        "locked": false,
        "media_only": false,
        "no_follow": true,
        "num_comments": 0,
        "num_crossposts": 0,
        "over_18": false,
        "parent_whitelist_status": "all_ads",
        "permalink": "/r/Coronavirus/comments/jgilms/blood_of_recovered_covid19_patients_shows_little/",
        "pinned": false,
        "post_hint": "link",
        "preview": {
            "enabled": false,
            "images": [
                {
                    "id": "XL2dS39R7PAsQm3W6aOkxa9VpbAU27nPCWoefaWny-8",
                    "resolutions": [
                        {
                            "height": 72,
                            "url": "https://external-preview.redd.it/o0rojPpmgXuTTI9MffLHsZox-NMXR7cckPI3uEzwTGA.jpg?width=108&amp;crop=smart&amp;auto=webp&amp;s=5db61048bc04520669bb0d9bc667e5b0fe0a0efb",
                            "width": 108
                        },
                        {
                            "height": 145,
                            "url": "https://external-preview.redd.it/o0rojPpmgXuTTI9MffLHsZox-NMXR7cckPI3uEzwTGA.jpg?width=216&amp;crop=smart&amp;auto=webp&amp;s=8e1253cdf0f185464111bb25eccc7f5126a6fb05",
                            "width": 216
                        },
                        {
                            "height": 215,
                            "url": "https://external-preview.redd.it/o0rojPpmgXuTTI9MffLHsZox-NMXR7cckPI3uEzwTGA.jpg?width=320&amp;crop=smart&amp;auto=webp&amp;s=c100391fdfccbf35ff040d5d13db3385b1ee19bf",
                            "width": 320
                        },
                        {
                            "height": 431,
                            "url": "https://external-preview.redd.it/o0rojPpmgXuTTI9MffLHsZox-NMXR7cckPI3uEzwTGA.jpg?width=640&amp;crop=smart&amp;auto=webp&amp;s=39b1ba29963064e8d9015a30406f39a84fbf978c",
                            "width": 640
                        }
                    ],
                    "source": {
                        "height": 539,
                        "url": "https://external-preview.redd.it/o0rojPpmgXuTTI9MffLHsZox-NMXR7cckPI3uEzwTGA.jpg?auto=webp&amp;s=2373f41292c30eda05264a2fea260418f75a5156",
                        "width": 800
                    },
                    "variants": {}
                }
            ]
        },
        "pwls": 6,
        "removed_by_category": "moderator",
        "retrieved_on": 1603438709,
        "score": 1,
        "selftext": "",
        "send_replies": false,
        "spoiler": false,
        "stickied": false,
        "subreddit": "Coronavirus",
        "subreddit_id": "t5_2x4yx",
        "subreddit_subscribers": 2297288,
        "subreddit_type": "public",
        "suggested_sort": "confidence",
        "thumbnail": "https://a.thumbs.redditmedia.com/RUDfh0lrs-IH8JEV-PjrtsA9MQOLWZ6xN0kdhf93yf0.jpg",
        "thumbnail_height": 94,
        "thumbnail_width": 140,
        "title": "Blood of recovered COVID-19 patients shows little benefit as treatment",
        "total_awards_received": 0,
        "treatment_tags": [],
        "upvote_ratio": 1.0,
        "url": "https://covid19newshq.com/2020/10/23/blood-of-recovered-covid-19-patients-shows-little-benefit-as-treatment/",
        "url_overridden_by_dest": "https://covid19newshq.com/2020/10/23/blood-of-recovered-covid-19-patients-shows-little-benefit-as-treatment/",
        "whitelist_status": "all_ads",
        "wls": 6
    },
    {
        "all_awardings": [],
        "allow_live_comments": false,
        "author": "Scbadiver",
        "author_flair_css_class": null,
        "author_flair_richtext": [],
        "author_flair_text": null,
        "author_flair_type": "text",
        "author_fullname": "t2_11ud6w",
        "author_patreon_flair": false,
        "author_premium": false,
        "awarders": [],
        "can_mod_post": false,
        "contest_mode": false,
        "created_utc": "2020-10-23 04:27:06",
        "domain": "reuters.com",
        "full_link": "https://www.reddit.com/r/Coronavirus/comments/jgg3di/blood_of_recovered_covid19_patients_shows_little/",
        "gildings": {},
        "id": "jgg3di",
        "is_crosspostable": true,
        "is_meta": false,
        "is_original_content": false,
        "is_reddit_media_domain": false,
        "is_robot_indexable": true,
        "is_self": false,
        "is_video": false,
        "link_flair_background_color": "",
        "link_flair_richtext": [],
        "link_flair_text_color": "dark",
        "link_flair_type": "text",
        "locked": false,
        "media_only": false,
        "no_follow": true,
        "num_comments": 3,
        "num_crossposts": 0,
        "over_18": false,
        "parent_whitelist_status": "all_ads",
        "permalink": "/r/Coronavirus/comments/jgg3di/blood_of_recovered_covid19_patients_shows_little/",
        "pinned": false,
        "post_hint": "link",
        "preview": {
            "enabled": false,
            "images": [
                {
                    "id": "WB3H1BDIzVOcOtlE6r62XZhjCE9qse-zxOHWE9IZ3II",
                    "resolutions": [
                        {
                            "height": 72,
                            "url": "https://external-preview.redd.it/ccerCkuxQgUs8AkjbnQT_WyG9G9KT-tIgC7QkDRgLpI.jpg?width=108&amp;crop=smart&amp;auto=webp&amp;s=ca90f01c0d0c3aab342567c4508d24ee05a81d9c",
                            "width": 108
                        },
                        {
                            "height": 145,
                            "url": "https://external-preview.redd.it/ccerCkuxQgUs8AkjbnQT_WyG9G9KT-tIgC7QkDRgLpI.jpg?width=216&amp;crop=smart&amp;auto=webp&amp;s=1fc8ecd4794412c9bb046dd38b8e7cbc3f54896f",
                            "width": 216
                        },
                        {
                            "height": 215,
                            "url": "https://external-preview.redd.it/ccerCkuxQgUs8AkjbnQT_WyG9G9KT-tIgC7QkDRgLpI.jpg?width=320&amp;crop=smart&amp;auto=webp&amp;s=532841de2960b46d61685d73b576460730d56d6f",
                            "width": 320
                        },
                        {
                            "height": 431,
                            "url": "https://external-preview.redd.it/ccerCkuxQgUs8AkjbnQT_WyG9G9KT-tIgC7QkDRgLpI.jpg?width=640&amp;crop=smart&amp;auto=webp&amp;s=5f5bedaf7fd88a1de4086020c3482489b0944e09",
                            "width": 640
                        }
                    ],
                    "source": {
                        "height": 539,
                        "url": "https://external-preview.redd.it/ccerCkuxQgUs8AkjbnQT_WyG9G9KT-tIgC7QkDRgLpI.jpg?auto=webp&amp;s=3cf0343cbe6ffa81a0570a51dcbfe2c4a85818d0",
                        "width": 800
                    },
                    "variants": {}
                }
            ]
        },
        "pwls": 6,
        "retrieved_on": 1603427237,
        "score": 1,
        "selftext": "",
        "send_replies": true,
        "spoiler": false,
        "stickied": false,
        "subreddit": "Coronavirus",
        "subreddit_id": "t5_2x4yx",
        "subreddit_subscribers": 2297214,
        "subreddit_type": "public",
        "suggested_sort": "confidence",
        "thumbnail": "https://a.thumbs.redditmedia.com/fySZ3pDtRVSRoKCQ30f4vCqDIvhNLURZeksmFfImRf0.jpg",
        "thumbnail_height": 94,
        "thumbnail_width": 140,
        "title": "Blood of recovered COVID-19 patients shows little benefit as treatment",
        "total_awards_received": 0,
        "treatment_tags": [],
        "upvote_ratio": 1.0,
        "url": "https://www.reuters.com/article/us-health-coronavirus-plasma-idUSKBN27738R",
        "url_overridden_by_dest": "https://www.reuters.com/article/us-health-coronavirus-plasma-idUSKBN27738R",
        "whitelist_status": "all_ads",
        "wls": 6
    },
    {
        "all_awardings": [],
        "allow_live_comments": false,
        "author": "tenno4all",
        "author_flair_css_class": null,
        "author_flair_richtext": [],
        "author_flair_text": null,
        "author_flair_type": "text",
        "author_fullname": "t2_6qgrjdsf",
        "author_patreon_flair": false,
        "author_premium": false,
        "awarders": [],
        "can_mod_post": false,
        "contest_mode": false,
        "created_utc": "2020-10-22 07:09:22",
        "domain": "newsweek.com",
        "full_link": "https://www.reddit.com/r/Coronavirus/comments/jfux7q/over_27_million_people_have_recovered_from/",
        "gildings": {},
        "id": "jfux7q",
        "is_crosspostable": false,
        "is_meta": false,
        "is_original_content": false,
        "is_reddit_media_domain": false,
        "is_robot_indexable": false,
        "is_self": false,
        "is_video": false,
        "link_flair_background_color": "#0dd3bb",
        "link_flair_richtext": [],
        "link_flair_template_id": "ca99103a-5e48-11ea-861e-0e14b931d16d",
        "link_flair_text": "World",
        "link_flair_text_color": "dark",
        "link_flair_type": "text",
        "locked": false,
        "media_only": false,
        "no_follow": true,
        "num_comments": 0,
        "num_crossposts": 0,
        "over_18": false,
        "parent_whitelist_status": "all_ads",
        "permalink": "/r/Coronavirus/comments/jfux7q/over_27_million_people_have_recovered_from/",
        "pinned": false,
        "post_hint": "link",
        "preview": {
            "enabled": false,
            "images": [
                {
                    "id": "0T8UoOnGrUCGOPU7KtywWxN-sq2SGptbVUtBzHfrT5o",
                    "resolutions": [
                        {
                            "height": 72,
                            "url": "https://external-preview.redd.it/jXOcJsrZrfvg2gCJOefggIQwyvAcWyagiiKdLY24gfY.jpg?width=108&amp;crop=smart&amp;auto=webp&amp;s=b56a37c4a900d06a01f4f3df23a250f4e7009dc5",
                            "width": 108
                        },
                        {
                            "height": 144,
                            "url": "https://external-preview.redd.it/jXOcJsrZrfvg2gCJOefggIQwyvAcWyagiiKdLY24gfY.jpg?width=216&amp;crop=smart&amp;auto=webp&amp;s=e472c1596f2994848d835c6148e06645a7fca766",
                            "width": 216
                        },
                        {
                            "height": 213,
                            "url": "https://external-preview.redd.it/jXOcJsrZrfvg2gCJOefggIQwyvAcWyagiiKdLY24gfY.jpg?width=320&amp;crop=smart&amp;auto=webp&amp;s=8cbfbb49d79b96241e8454b09c08f534b1579b22",
                            "width": 320
                        },
                        {
                            "height": 426,
                            "url": "https://external-preview.redd.it/jXOcJsrZrfvg2gCJOefggIQwyvAcWyagiiKdLY24gfY.jpg?width=640&amp;crop=smart&amp;auto=webp&amp;s=0c5c694448aecee2e31ddd740d74a18bc93874c4",
                            "width": 640
                        },
                        {
                            "height": 640,
                            "url": "https://external-preview.redd.it/jXOcJsrZrfvg2gCJOefggIQwyvAcWyagiiKdLY24gfY.jpg?width=960&amp;crop=smart&amp;auto=webp&amp;s=a6455e13799d031ac575b7a0d541ed9bd18aa877",
                            "width": 960
                        },
                        {
                            "height": 720,
                            "url": "https://external-preview.redd.it/jXOcJsrZrfvg2gCJOefggIQwyvAcWyagiiKdLY24gfY.jpg?width=1080&amp;crop=smart&amp;auto=webp&amp;s=319fb5512316dcf1dfcc6e543414f8ea12a560bb",
                            "width": 1080
                        }
                    ],
                    "source": {
                        "height": 1667,
                        "url": "https://external-preview.redd.it/jXOcJsrZrfvg2gCJOefggIQwyvAcWyagiiKdLY24gfY.jpg?auto=webp&amp;s=e914e7ec91ea2468c666cf97216750d2c289e6e5",
                        "width": 2500
                    },
                    "variants": {}
                }
            ]
        },
        "pwls": 6,
        "removed_by_category": "moderator",
        "retrieved_on": 1603350573,
        "score": 1,
        "selftext": "",
        "send_replies": true,
        "spoiler": false,
        "stickied": false,
        "subreddit": "Coronavirus",
        "subreddit_id": "t5_2x4yx",
        "subreddit_subscribers": 2296846,
        "subreddit_type": "public",
        "suggested_sort": "confidence",
        "thumbnail": "https://b.thumbs.redditmedia.com/9NMYDU-o8COK8Gz5dUePfxXEKsydjhi7pvAd3rccWTs.jpg",
        "thumbnail_height": 93,
        "thumbnail_width": 140,
        "title": "Over 27 Million people have recovered from COVID-19 globally",
        "total_awards_received": 0,
        "treatment_tags": [],
        "upvote_ratio": 1.0,
        "url": "https://www.newsweek.com/over-27-million-people-have-recovered-covid-19-globally-1541048",
        "url_overridden_by_dest": "https://www.newsweek.com/over-27-million-people-have-recovered-covid-19-globally-1541048",
        "whitelist_status": "all_ads",
        "wls": 6
    },
    {
        "all_awardings": [],
        "allow_live_comments": false,
        "author": "gops1234",
        "author_flair_css_class": null,
        "author_flair_richtext": [],
        "author_flair_text": null,
        "author_flair_type": "text",
        "author_fullname": "t2_8kfc13c9",
        "author_patreon_flair": false,
        "author_premium": false,
        "awarders": [],
        "can_mod_post": false,
        "contest_mode": false,
        "created_utc": "2020-10-21 11:08:51",
        "domain": "self.Coronavirus",
        "full_link": "https://www.reddit.com/r/Coronavirus/comments/jfasis/i_was_positive_for_45_days_and_successfully/",
        "gildings": {},
        "id": "jfasis",
        "is_crosspostable": false,
        "is_meta": false,
        "is_original_content": false,
        "is_reddit_media_domain": false,
        "is_robot_indexable": false,
        "is_self": true,
        "is_video": false,
        "link_flair_background_color": "#0dd3bb",
        "link_flair_richtext": [],
        "link_flair_template_id": "ca99103a-5e48-11ea-861e-0e14b931d16d",
        "link_flair_text": "World",
        "link_flair_text_color": "dark",
        "link_flair_type": "text",
        "locked": false,
        "media_only": false,
        "no_follow": true,
        "num_comments": 0,
        "num_crossposts": 0,
        "over_18": false,
        "parent_whitelist_status": "all_ads",
        "permalink": "/r/Coronavirus/comments/jfasis/i_was_positive_for_45_days_and_successfully/",
        "pinned": false,
        "pwls": 6,
        "removed_by_category": "moderator",
        "retrieved_on": 1603278542,
        "score": 1,
        "selftext": "[removed]\n\n[View Poll](https://www.reddit.com/poll/jfasis)",
        "send_replies": true,
        "spoiler": false,
        "stickied": false,
        "subreddit": "Coronavirus",
        "subreddit_id": "t5_2x4yx",
        "subreddit_subscribers": 2296431,
        "subreddit_type": "public",
        "suggested_sort": "confidence",
        "thumbnail": "self",
        "title": "I was positive for 45 days and successfully recovered.",
        "total_awards_received": 0,
        "treatment_tags": [],
        "upvote_ratio": 1.0,
        "url": "https://www.reddit.com/r/Coronavirus/comments/jfasis/i_was_positive_for_45_days_and_successfully/",
        "whitelist_status": "all_ads",
        "wls": 6
    },
    {
        "all_awardings": [],
        "allow_live_comments": false,
        "author": "LanJiaoDuaKee",
        "author_flair_css_class": null,
        "author_flair_richtext": [],
        "author_flair_text": null,
        "author_flair_type": "text",
        "author_fullname": "t2_57c32zx5",
        "author_patreon_flair": false,
        "author_premium": false,
        "awarders": [],
        "can_mod_post": false,
        "contest_mode": false,
        "created_utc": "2020-10-20 12:37:55",
        "domain": "straitstimes.com",
        "full_link": "https://www.reddit.com/r/Coronavirus/comments/jeomxd/people_who_have_recovered_from_covid19_for_180/",
        "gildings": {},
        "id": "jeomxd",
        "is_crosspostable": true,
        "is_meta": false,
        "is_original_content": false,
        "is_reddit_media_domain": false,
        "is_robot_indexable": true,
        "is_self": false,
        "is_video": false,
        "link_flair_background_color": "#a06324",
        "link_flair_richtext": [],
        "link_flair_template_id": "bded30d0-5f12-11ea-acd8-0e6e24c51fab",
        "link_flair_text": "South &amp; SE Asia",
        "link_flair_text_color": "dark",
        "link_flair_type": "text",
        "locked": false,
        "media_only": false,
        "no_follow": true,
        "num_comments": 3,
        "num_crossposts": 0,
        "over_18": false,
        "parent_whitelist_status": "all_ads",
        "permalink": "/r/Coronavirus/comments/jeomxd/people_who_have_recovered_from_covid19_for_180/",
        "pinned": false,
        "post_hint": "link",
        "preview": {
            "enabled": false,
            "images": [
                {
                    "id": "7NjsjnzovCK58wwYaykTqeV35RTNNLWGdPDk-zrYj5k",
                    "resolutions": [
                        {
                            "height": 72,
                            "url": "https://external-preview.redd.it/zuivfbVzmHeG6R9TwXbjgsKfWEBwQTQDYgN_wY2_gns.jpg?width=108&amp;crop=smart&amp;auto=webp&amp;s=078c7e69a113be8c8dfe847f45e679e95478ece0",
                            "width": 108
                        },
                        {
                            "height": 144,
                            "url": "https://external-preview.redd.it/zuivfbVzmHeG6R9TwXbjgsKfWEBwQTQDYgN_wY2_gns.jpg?width=216&amp;crop=smart&amp;auto=webp&amp;s=b0e37881c60901b9f4f58362d38b6c5358429237",
                            "width": 216
                        },
                        {
                            "height": 213,
                            "url": "https://external-preview.redd.it/zuivfbVzmHeG6R9TwXbjgsKfWEBwQTQDYgN_wY2_gns.jpg?width=320&amp;crop=smart&amp;auto=webp&amp;s=6942ca0200734af5f704e174aee0dbb03bcd7ed8",
                            "width": 320
                        },
                        {
                            "height": 426,
                            "url": "https://external-preview.redd.it/zuivfbVzmHeG6R9TwXbjgsKfWEBwQTQDYgN_wY2_gns.jpg?width=640&amp;crop=smart&amp;auto=webp&amp;s=c236fdcfbbffaa40c036fe9fe3c12946bf8ef4e2",
                            "width": 640
                        }
                    ],
                    "source": {
                        "height": 509,
                        "url": "https://external-preview.redd.it/zuivfbVzmHeG6R9TwXbjgsKfWEBwQTQDYgN_wY2_gns.jpg?auto=webp&amp;s=d607ab746cd2f252c5f01987e0956719ebec4318",
                        "width": 763
                    },
                    "variants": {}
                }
            ]
        },
        "pwls": 6,
        "retrieved_on": 1603197487,
        "score": 1,
        "selftext": "",
        "send_replies": true,
        "spoiler": false,
        "stickied": false,
        "subreddit": "Coronavirus",
        "subreddit_id": "t5_2x4yx",
        "subreddit_subscribers": 2295715,
        "subreddit_type": "public",
        "suggested_sort": "confidence",
        "thumbnail": "https://b.thumbs.redditmedia.com/fHWoRPPS5P20tx3TYatV5XT1XQZduaA2KJQ-wDxqmUk.jpg",
        "thumbnail_height": 93,
        "thumbnail_width": 140,
        "title": "People who have recovered from Covid-19 for 180 days to be exempt from pre-event testing in Singapore",
        "total_awards_received": 0,
        "treatment_tags": [],
        "upvote_ratio": 1.0,
        "url": "https://www.straitstimes.com/singapore/people-who-have-recovered-from-covid-19-for-180-days-to-be-exempt-from-pre-event-testing",
        "url_overridden_by_dest": "https://www.straitstimes.com/singapore/people-who-have-recovered-from-covid-19-for-180-days-to-be-exempt-from-pre-event-testing",
        "whitelist_status": "all_ads",
        "wls": 6
    },
    {
        "all_awardings": [],
        "allow_live_comments": false,
        "author": "Dizzy_Slip",
        "author_flair_css_class": null,
        "author_flair_richtext": [],
        "author_flair_text": null,
        "author_flair_type": "text",
        "author_fullname": "t2_54jmt",
        "author_patreon_flair": false,
        "author_premium": false,
        "awarders": [],
        "can_mod_post": false,
        "contest_mode": false,
        "created_utc": "2020-10-16 02:00:08",
        "domain": "channel3000.com",
        "full_link": "https://www.reddit.com/r/Coronavirus/comments/jc124u/she_was_a_healthy_teenager_3_months_after_getting/",
        "gildings": {},
        "id": "jc124u",
        "is_crosspostable": true,
        "is_meta": false,
        "is_original_content": false,
        "is_reddit_media_domain": false,
        "is_robot_indexable": true,
        "is_self": false,
        "is_video": false,
        "link_flair_background_color": "#ff8717",
        "link_flair_richtext": [],
        "link_flair_template_id": "e7643a50-5e48-11ea-8e30-0e05eb9dc901",
        "link_flair_text": "USA",
        "link_flair_text_color": "dark",
        "link_flair_type": "text",
        "locked": false,
        "media_only": false,
        "no_follow": true,
        "num_comments": 132,
        "num_crossposts": 0,
        "over_18": false,
        "parent_whitelist_status": "all_ads",
        "permalink": "/r/Coronavirus/comments/jc124u/she_was_a_healthy_teenager_3_months_after_getting/",
        "pinned": false,
        "post_hint": "link",
        "preview": {
            "enabled": false,
            "images": [
                {
                    "id": "ImsCC4_kmw6JKDaQ_f-oHR1t7OLM5v_ZmIDH4XtVgvc",
                    "resolutions": [
                        {
                            "height": 60,
                            "url": "https://external-preview.redd.it/qqnOV9Lb3RjDE1eSm16NHc4XwyLHYxQYhB-BG9eeUP8.jpg?width=108&amp;crop=smart&amp;auto=webp&amp;s=dc3f9f3612e21411e017c20da781049fe4546b47",
                            "width": 108
                        },
                        {
                            "height": 121,
                            "url": "https://external-preview.redd.it/qqnOV9Lb3RjDE1eSm16NHc4XwyLHYxQYhB-BG9eeUP8.jpg?width=216&amp;crop=smart&amp;auto=webp&amp;s=6b89e40c9cd31109220306c5d98eaa912e79c2b2",
                            "width": 216
                        },
                        {
                            "height": 180,
                            "url": "https://external-preview.redd.it/qqnOV9Lb3RjDE1eSm16NHc4XwyLHYxQYhB-BG9eeUP8.jpg?width=320&amp;crop=smart&amp;auto=webp&amp;s=3df0a4fb05ee6f1d1f346b9b34e5743f6c138588",
                            "width": 320
                        },
                        {
                            "height": 360,
                            "url": "https://external-preview.redd.it/qqnOV9Lb3RjDE1eSm16NHc4XwyLHYxQYhB-BG9eeUP8.jpg?width=640&amp;crop=smart&amp;auto=webp&amp;s=43d0488331e9ccd434ea9c380b3d61cfbd047ef7",
                            "width": 640
                        },
                        {
                            "height": 540,
                            "url": "https://external-preview.redd.it/qqnOV9Lb3RjDE1eSm16NHc4XwyLHYxQYhB-BG9eeUP8.jpg?width=960&amp;crop=smart&amp;auto=webp&amp;s=0415905f9fbf15b3e1d977146e709804fde311c9",
                            "width": 960
                        },
                        {
                            "height": 607,
                            "url": "https://external-preview.redd.it/qqnOV9Lb3RjDE1eSm16NHc4XwyLHYxQYhB-BG9eeUP8.jpg?width=1080&amp;crop=smart&amp;auto=webp&amp;s=0a55c054184bb6b15e02dfea4bdbf1d5c72043f9",
                            "width": 1080
                        }
                    ],
                    "source": {
                        "height": 720,
                        "url": "https://external-preview.redd.it/qqnOV9Lb3RjDE1eSm16NHc4XwyLHYxQYhB-BG9eeUP8.jpg?auto=webp&amp;s=502c6ab9168933b33a90c83c641d1b89c10d1ab3",
                        "width": 1280
                    },
                    "variants": {}
                }
            ]
        },
        "pwls": 6,
        "retrieved_on": 1602813619,
        "score": 1,
        "selftext": "",
        "send_replies": false,
        "spoiler": false,
        "stickied": false,
        "subreddit": "Coronavirus",
        "subreddit_id": "t5_2x4yx",
        "subreddit_subscribers": 2292864,
        "subreddit_type": "public",
        "suggested_sort": "confidence",
        "thumbnail": "https://b.thumbs.redditmedia.com/1TCFXtz_KqQ8oJsSs2Il4Mp98xfgknH5t78P7rTVbOY.jpg",
        "thumbnail_height": 78,
        "thumbnail_width": 140,
        "title": "She was a healthy teenager. 3 months after getting COVID-19, she still hasn't recovered.",
        "total_awards_received": 0,
        "treatment_tags": [],
        "upvote_ratio": 1.0,
        "url": "https://www.channel3000.com/she-was-a-healthy-teenager-but-3-months-after-getting-covid-19-she-still-hasnt-recovered/",
        "url_overridden_by_dest": "https://www.channel3000.com/she-was-a-healthy-teenager-but-3-months-after-getting-covid-19-she-still-hasnt-recovered/",
        "whitelist_status": "all_ads",
        "wls": 6
    },
    {
        "all_awardings": [],
        "allow_live_comments": false,
        "author": "smoothvibe",
        "author_flair_css_class": null,
        "author_flair_richtext": [],
        "author_flair_text": null,
        "author_flair_type": "text",
        "author_fullname": "t2_py55y",
        "author_patreon_flair": false,
        "author_premium": false,
        "awarders": [],
        "can_mod_post": false,
        "contest_mode": false,
        "created_utc": "2020-10-13 20:45:07",
        "domain": "medrxiv.org",
        "full_link": "https://www.reddit.com/r/Coronavirus/comments/jam208/antibodydependent_enhancement_ade_of_sarscov2/",
        "gildings": {},
        "id": "jam208",
        "is_crosspostable": true,
        "is_meta": false,
        "is_original_content": false,
        "is_reddit_media_domain": false,
        "is_robot_indexable": true,
        "is_self": false,
        "is_video": false,
        "link_flair_background_color": "#0079d3",
        "link_flair_richtext": [],
        "link_flair_template_id": "394b6910-5e49-11ea-843b-0ebc196d18f7",
        "link_flair_text": "Academic Report",
        "link_flair_text_color": "dark",
        "link_flair_type": "text",
        "locked": false,
        "media_only": false,
        "no_follow": true,
        "num_comments": 13,
        "num_crossposts": 0,
        "over_18": false,
        "parent_whitelist_status": "all_ads",
        "permalink": "/r/Coronavirus/comments/jam208/antibodydependent_enhancement_ade_of_sarscov2/",
        "pinned": false,
        "pwls": 6,
        "retrieved_on": 1602621919,
        "score": 1,
        "selftext": "",
        "send_replies": true,
        "spoiler": false,
        "stickied": false,
        "subreddit": "Coronavirus",
        "subreddit_id": "t5_2x4yx",
        "subreddit_subscribers": 2290956,
        "subreddit_type": "public",
        "suggested_sort": "confidence",
        "thumbnail": "default",
        "title": "Antibody-dependent enhancement (ADE) of SARS-CoV-2 infection in recovered COVID-19 patients",
        "total_awards_received": 0,
        "treatment_tags": [],
        "upvote_ratio": 1.0,
        "url": "https://www.medrxiv.org/content/10.1101/2020.10.08.20209114v1",
        "url_overridden_by_dest": "https://www.medrxiv.org/content/10.1101/2020.10.08.20209114v1",
        "whitelist_status": "all_ads",
        "wls": 6
    },
    {
        "all_awardings": [],
        "allow_live_comments": false,
        "author": "unlucky_gagball",
        "author_flair_css_class": null,
        "author_flair_richtext": [],
        "author_flair_text": null,
        "author_flair_type": "text",
        "author_fullname": "t2_85vl0q51",
        "author_patreon_flair": false,
        "author_premium": false,
        "awarders": [],
        "can_mod_post": false,
        "contest_mode": false,
        "created_utc": "2020-10-10 08:45:49",
        "domain": "youtube.com",
        "full_link": "https://www.reddit.com/r/Coronavirus/comments/j8h5fy/the_spanish_flu_how_the_world_recovered_19181929/",
        "gildings": {},
        "id": "j8h5fy",
        "is_crosspostable": false,
        "is_meta": false,
        "is_original_content": false,
        "is_reddit_media_domain": false,
        "is_robot_indexable": false,
        "is_self": false,
        "is_video": false,
        "link_flair_background_color": "#dadada",
        "link_flair_richtext": [],
        "link_flair_template_id": "75b62d9a-5e49-11ea-8548-0e8ad1945b69",
        "link_flair_text": "Video/Image",
        "link_flair_text_color": "dark",
        "link_flair_type": "text",
        "locked": false,
        "media_only": false,
        "no_follow": true,
        "num_comments": 3,
        "num_crossposts": 0,
        "over_18": false,
        "parent_whitelist_status": "all_ads",
        "permalink": "/r/Coronavirus/comments/j8h5fy/the_spanish_flu_how_the_world_recovered_19181929/",
        "pinned": false,
        "pwls": 6,
        "removed_by_category": "automod_filtered",
        "retrieved_on": 1602319560,
        "score": 1,
        "selftext": "",
        "send_replies": true,
        "spoiler": false,
        "stickied": false,
        "subreddit": "Coronavirus",
        "subreddit_id": "t5_2x4yx",
        "subreddit_subscribers": 2289103,
        "subreddit_type": "public",
        "suggested_sort": "confidence",
        "thumbnail": "default",
        "title": "The Spanish Flu &amp; How The World Recovered (1918-1929) History Documentary",
        "total_awards_received": 0,
        "treatment_tags": [],
        "upvote_ratio": 1.0,
        "url": "https://www.youtube.com/watch?v=d0AoRkmj9YM&amp;ab_channel=HistoryTime",
        "url_overridden_by_dest": "https://www.youtube.com/watch?v=d0AoRkmj9YM&amp;ab_channel=HistoryTime",
        "whitelist_status": "all_ads",
        "wls": 6
    },
    {
        "all_awardings": [],
        "allow_live_comments": false,
        "author": "baljitsinghorm",
        "author_flair_css_class": null,
        "author_flair_richtext": [],
        "author_flair_text": null,
        "author_flair_type": "text",
        "author_fullname": "t2_8046yilz",
        "author_patreon_flair": false,
        "author_premium": false,
        "awarders": [],
        "can_mod_post": false,
        "contest_mode": false,
        "created_utc": "2020-10-09 07:22:15",
        "domain": "worldometers.info",
        "full_link": "https://www.reddit.com/r/Coronavirus/comments/j7uku6/total_cases_36763650_deaths_1066983_recovered/",
        "gildings": {},
        "id": "j7uku6",
        "is_crosspostable": false,
        "is_meta": false,
        "is_original_content": false,
        "is_reddit_media_domain": false,
        "is_robot_indexable": false,
        "is_self": false,
        "is_video": false,
        "link_flair_background_color": "#0dd3bb",
        "link_flair_richtext": [],
        "link_flair_template_id": "ca99103a-5e48-11ea-861e-0e14b931d16d",
        "link_flair_text": "World",
        "link_flair_text_color": "dark",
        "link_flair_type": "text",
        "locked": false,
        "media_only": false,
        "no_follow": true,
        "num_comments": 0,
        "num_crossposts": 0,
        "over_18": false,
        "parent_whitelist_status": "all_ads",
        "permalink": "/r/Coronavirus/comments/j7uku6/total_cases_36763650_deaths_1066983_recovered/",
        "pinned": false,
        "post_hint": "link",
        "preview": {
            "enabled": false,
            "images": [
                {
                    "id": "SLRyT6co1I0oA8sfrWUM4E1_DuAMqDNRT-PmowNl7uc",
                    "resolutions": [
                        {
                            "height": 108,
                            "url": "https://external-preview.redd.it/kj43YgJlQYcyFpcsvjutpsAb2TmTXGpqkhon-YBRvyI.jpg?width=108&amp;crop=smart&amp;auto=webp&amp;s=4a9e758df2c7176e1f65997d41d379c534c96ff1",
                            "width": 108
                        }
                    ],
                    "source": {
                        "height": 200,
                        "url": "https://external-preview.redd.it/kj43YgJlQYcyFpcsvjutpsAb2TmTXGpqkhon-YBRvyI.jpg?auto=webp&amp;s=13b04bb6f80346895fa0bf79065c2fcde96396b6",
                        "width": 200
                    },
                    "variants": {}
                }
            ]
        },
        "pwls": 6,
        "removed_by_category": "moderator",
        "retrieved_on": 1602228145,
        "score": 1,
        "selftext": "",
        "send_replies": true,
        "spoiler": false,
        "stickied": false,
        "subreddit": "Coronavirus",
        "subreddit_id": "t5_2x4yx",
        "subreddit_subscribers": 2288591,
        "subreddit_type": "public",
        "suggested_sort": "confidence",
        "thumbnail": "https://b.thumbs.redditmedia.com/ZB2mbYgtIkG5qvKpE4wpvOzywgaKPwS7zVJ9aH3UOwk.jpg",
        "thumbnail_height": 140,
        "thumbnail_width": 140,
        "title": "Total Cases - 36,763,650, Deaths - 1,066,983, Recovered - 27,674,406",
        "total_awards_received": 0,
        "treatment_tags": [],
        "upvote_ratio": 1.0,
        "url": "https://www.worldometers.info/coronavirus/",
        "url_overridden_by_dest": "https://www.worldometers.info/coronavirus/",
        "whitelist_status": "all_ads",
        "wls": 6
    },
    {
        "all_awardings": [],
        "allow_live_comments": false,
        "author": "Bawonga",
        "author_flair_css_class": null,
        "author_flair_richtext": [],
        "author_flair_text": null,
        "author_flair_type": "text",
        "author_fullname": "t2_2wj9bpoq",
        "author_patreon_flair": false,
        "author_premium": false,
        "awarders": [],
        "can_mod_post": false,
        "contest_mode": false,
        "created_utc": "2020-10-07 23:07:12",
        "domain": "foxbusiness.com",
        "full_link": "https://www.reddit.com/r/Coronavirus/comments/j71kmg/the_richest_americans_recovered_most_of_their/",
        "gildings": {},
        "id": "j71kmg",
        "is_crosspostable": false,
        "is_meta": false,
        "is_original_content": false,
        "is_reddit_media_domain": false,
        "is_robot_indexable": false,
        "is_self": false,
        "is_video": false,
        "link_flair_background_color": "#ff8717",
        "link_flair_richtext": [],
        "link_flair_template_id": "e7643a50-5e48-11ea-8e30-0e05eb9dc901",
        "link_flair_text": "USA",
        "link_flair_text_color": "dark",
        "link_flair_type": "text",
        "locked": false,
        "media_only": false,
        "no_follow": true,
        "num_comments": 1,
        "num_crossposts": 0,
        "over_18": false,
        "parent_whitelist_status": "all_ads",
        "permalink": "/r/Coronavirus/comments/j71kmg/the_richest_americans_recovered_most_of_their/",
        "pinned": false,
        "post_hint": "link",
        "preview": {
            "enabled": false,
            "images": [
                {
                    "id": "9DGCgTEoqcdvD6A8DW5PMyGSrqazvdPkaHqY4iUT9AE",
                    "resolutions": [
                        {
                            "height": 60,
                            "url": "https://external-preview.redd.it/G6Yg-21LBLxFzmFFdFLQzkXw_Xn_n7DaEWd147E3gGU.jpg?width=108&amp;crop=smart&amp;auto=webp&amp;s=0e268feaa47814c9c950af12a8938c5bf0126052",
                            "width": 108
                        },
                        {
                            "height": 121,
                            "url": "https://external-preview.redd.it/G6Yg-21LBLxFzmFFdFLQzkXw_Xn_n7DaEWd147E3gGU.jpg?width=216&amp;crop=smart&amp;auto=webp&amp;s=70716f826282fbe9e4614d4c82ddf57ef375a8b1",
                            "width": 216
                        },
                        {
                            "height": 180,
                            "url": "https://external-preview.redd.it/G6Yg-21LBLxFzmFFdFLQzkXw_Xn_n7DaEWd147E3gGU.jpg?width=320&amp;crop=smart&amp;auto=webp&amp;s=347c6c0b84bbb35c092b9ceb5b0434d1f57431e5",
                            "width": 320
                        },
                        {
                            "height": 360,
                            "url": "https://external-preview.redd.it/G6Yg-21LBLxFzmFFdFLQzkXw_Xn_n7DaEWd147E3gGU.jpg?width=640&amp;crop=smart&amp;auto=webp&amp;s=f8184f8c4895866184106491e9468c849fd7d5aa",
                            "width": 640
                        },
                        {
                            "height": 540,
                            "url": "https://external-preview.redd.it/G6Yg-21LBLxFzmFFdFLQzkXw_Xn_n7DaEWd147E3gGU.jpg?width=960&amp;crop=smart&amp;auto=webp&amp;s=63bc843405bda189be9cf6f4b0664d0c60cb3941",
                            "width": 960
                        },
                        {
                            "height": 607,
                            "url": "https://external-preview.redd.it/G6Yg-21LBLxFzmFFdFLQzkXw_Xn_n7DaEWd147E3gGU.jpg?width=1080&amp;crop=smart&amp;auto=webp&amp;s=286a678cce4a7dfe96f49ef63a2613b761ba9f77",
                            "width": 1080
                        }
                    ],
                    "source": {
                        "height": 720,
                        "url": "https://external-preview.redd.it/G6Yg-21LBLxFzmFFdFLQzkXw_Xn_n7DaEWd147E3gGU.jpg?auto=webp&amp;s=fb5fb1053885944e7184b8248605403a48d746aa",
                        "width": 1280
                    },
                    "variants": {}
                }
            ]
        },
        "pwls": 6,
        "removed_by_category": "automod_filtered",
        "retrieved_on": 1602112043,
        "score": 1,
        "selftext": "",
        "send_replies": true,
        "spoiler": false,
        "stickied": false,
        "subreddit": "Coronavirus",
        "subreddit_id": "t5_2x4yx",
        "subreddit_subscribers": 2287736,
        "subreddit_type": "public",
        "suggested_sort": "confidence",
        "thumbnail": "https://b.thumbs.redditmedia.com/GhPEmaIXU00tz7IGTW59Mfdi7fQy8cWY-nYK5VrIxdA.jpg",
        "thumbnail_height": 78,
        "thumbnail_width": 140,
        "title": "The richest Americans recovered most of their wealth after the Covid outbreak",
        "total_awards_received": 0,
        "treatment_tags": [],
        "upvote_ratio": 1.0,
        "url": "https://www.foxbusiness.com/lifestyle/the-richest-americans-recovered-most-of-their-wealth-after-the-covid-outbreak",
        "url_overridden_by_dest": "https://www.foxbusiness.com/lifestyle/the-richest-americans-recovered-most-of-their-wealth-after-the-covid-outbreak",
        "whitelist_status": "all_ads",
        "wls": 6
    },
    {
        "all_awardings": [],
        "allow_live_comments": false,
        "author": "GabeIT84",
        "author_flair_css_class": null,
        "author_flair_richtext": [],
        "author_flair_text": null,
        "author_flair_type": "text",
        "author_fullname": "t2_4z9lmhql",
        "author_patreon_flair": false,
        "author_premium": true,
        "awarders": [],
        "can_mod_post": false,
        "contest_mode": false,
        "created_utc": "2020-10-07 15:18:07",
        "domain": "opendatadpc.maps.arcgis.com",
        "full_link": "https://www.reddit.com/r/Coronavirus/comments/j6sq34/italy_records_3678_new_cases_of_which_2442_new/",
        "gildings": {},
        "id": "j6sq34",
        "is_crosspostable": true,
        "is_meta": false,
        "is_original_content": false,
        "is_reddit_media_domain": false,
        "is_robot_indexable": true,
        "is_self": false,
        "is_video": false,
        "link_flair_background_color": "#94e044",
        "link_flair_richtext": [],
        "link_flair_template_id": "fd072d2c-5e48-11ea-8569-0eaa0007e55b",
        "link_flair_text": "Europe",
        "link_flair_text_color": "dark",
        "link_flair_type": "text",
        "locked": false,
        "media_only": false,
        "no_follow": true,
        "num_comments": 8,
        "num_crossposts": 0,
        "over_18": false,
        "parent_whitelist_status": "all_ads",
        "permalink": "/r/Coronavirus/comments/j6sq34/italy_records_3678_new_cases_of_which_2442_new/",
        "pinned": false,
        "pwls": 6,
        "retrieved_on": 1602083898,
        "score": 1,
        "selftext": "",
        "send_replies": false,
        "spoiler": false,
        "stickied": false,
        "subreddit": "Coronavirus",
        "subreddit_id": "t5_2x4yx",
        "subreddit_subscribers": 2287584,
        "subreddit_type": "public",
        "suggested_sort": "confidence",
        "thumbnail": "default",
        "title": "Italy records 3.678 new cases, of which: 2.442 new infections, 1.204 recovered and 31 deaths (Ministry Of Health's official dashboard)",
        "total_awards_received": 0,
        "treatment_tags": [],
        "upvote_ratio": 1.0,
        "url": "https://opendatadpc.maps.arcgis.com/apps/opsdashboard/index.html#/b0c68bce2cce478eaac82fe38d4138b1",
        "url_overridden_by_dest": "https://opendatadpc.maps.arcgis.com/apps/opsdashboard/index.html#/b0c68bce2cce478eaac82fe38d4138b1",
        "whitelist_status": "all_ads",
        "wls": 6
    },
    {
        "all_awardings": [],
        "allow_live_comments": false,
        "author": "pgraczer",
        "author_flair_css_class": null,
        "author_flair_richtext": [],
        "author_flair_text": null,
        "author_flair_type": "text",
        "author_fullname": "t2_e270i",
        "author_patreon_flair": false,
        "author_premium": false,
        "awarders": [],
        "can_mod_post": false,
        "contest_mode": false,
        "created_utc": "2020-10-07 00:50:50",
        "domain": "stuff.co.nz",
        "full_link": "https://www.reddit.com/r/Coronavirus/comments/j6hcum/new_zealand_all_community_cases_recovered_virus/",
        "gildings": {},
        "id": "j6hcum",
        "is_crosspostable": true,
        "is_meta": false,
        "is_original_content": false,
        "is_reddit_media_domain": false,
        "is_robot_indexable": true,
        "is_self": false,
        "is_video": false,
        "link_flair_background_color": "#46d160",
        "link_flair_richtext": [],
        "link_flair_template_id": "8967475c-5e49-11ea-bb7d-0e69024792b3",
        "link_flair_text": "Good News",
        "link_flair_text_color": "dark",
        "link_flair_type": "text",
        "locked": false,
        "media_only": false,
        "no_follow": true,
        "num_comments": 39,
        "num_crossposts": 0,
        "over_18": false,
        "parent_whitelist_status": "all_ads",
        "permalink": "/r/Coronavirus/comments/j6hcum/new_zealand_all_community_cases_recovered_virus/",
        "pinned": false,
        "post_hint": "link",
        "preview": {
            "enabled": false,
            "images": [
                {
                    "id": "wgn4VuSJO6T1JWVrPb17L1AaMvIg19mGDQKTaIxpfZE",
                    "resolutions": [
                        {
                            "height": 60,
                            "url": "https://external-preview.redd.it/IwZbKJ4qVrJQ_AmEp5pnPY-EuyR1lxHXBH7j6Ahi-J0.jpg?width=108&amp;crop=smart&amp;auto=webp&amp;s=f36820113ddd9dc9e3482db936e87d729c2010bf",
                            "width": 108
                        },
                        {
                            "height": 121,
                            "url": "https://external-preview.redd.it/IwZbKJ4qVrJQ_AmEp5pnPY-EuyR1lxHXBH7j6Ahi-J0.jpg?width=216&amp;crop=smart&amp;auto=webp&amp;s=136339ce172e7d4d904c2d0e400b3c712d2e652a",
                            "width": 216
                        },
                        {
                            "height": 179,
                            "url": "https://external-preview.redd.it/IwZbKJ4qVrJQ_AmEp5pnPY-EuyR1lxHXBH7j6Ahi-J0.jpg?width=320&amp;crop=smart&amp;auto=webp&amp;s=6eb6b9f749d3d863bd5076d1b12ef1a726a24b1c",
                            "width": 320
                        },
                        {
                            "height": 359,
                            "url": "https://external-preview.redd.it/IwZbKJ4qVrJQ_AmEp5pnPY-EuyR1lxHXBH7j6Ahi-J0.jpg?width=640&amp;crop=smart&amp;auto=webp&amp;s=528a7dc6f127b06246b27face609c50b56221067",
                            "width": 640
                        },
                        {
                            "height": 539,
                            "url": "https://external-preview.redd.it/IwZbKJ4qVrJQ_AmEp5pnPY-EuyR1lxHXBH7j6Ahi-J0.jpg?width=960&amp;crop=smart&amp;auto=webp&amp;s=42aad4248c64cb5ffba463f8bfcb3b37e19fc0fa",
                            "width": 960
                        },
                        {
                            "height": 606,
                            "url": "https://external-preview.redd.it/IwZbKJ4qVrJQ_AmEp5pnPY-EuyR1lxHXBH7j6Ahi-J0.jpg?width=1080&amp;crop=smart&amp;auto=webp&amp;s=77911a5ef5573957475a2f6d60b80642b7e18280",
                            "width": 1080
                        }
                    ],
                    "source": {
                        "height": 798,
                        "url": "https://external-preview.redd.it/IwZbKJ4qVrJQ_AmEp5pnPY-EuyR1lxHXBH7j6Ahi-J0.jpg?auto=webp&amp;s=06578ac1a95087cf9aca5bb7a68f7ee81e90b59a",
                        "width": 1420
                    },
                    "variants": {}
                }
            ]
        },
        "pwls": 6,
        "retrieved_on": 1602031861,
        "score": 1,
        "selftext": "",
        "send_replies": false,
        "spoiler": false,
        "stickied": false,
        "subreddit": "Coronavirus",
        "subreddit_id": "t5_2x4yx",
        "subreddit_subscribers": 2287149,
        "subreddit_type": "public",
        "suggested_sort": "confidence",
        "thumbnail": "https://b.thumbs.redditmedia.com/511JcZxwXxP-H9qB0ibVhCRmd2UNnUyg4rBclZBWriw.jpg",
        "thumbnail_height": 78,
        "thumbnail_width": 140,
        "title": "New Zealand: All community cases recovered, virus 'squashed' says Health Minister",
        "total_awards_received": 0,
        "treatment_tags": [],
        "upvote_ratio": 1.0,
        "url": "https://www.stuff.co.nz/national/health/coronavirus/123009637/covid19-all-community-cases-recovered-virus-squashed-says-health-minister",
        "url_overridden_by_dest": "https://www.stuff.co.nz/national/health/coronavirus/123009637/covid19-all-community-cases-recovered-virus-squashed-says-health-minister",
        "whitelist_status": "all_ads",
        "wls": 6
    },
    {
        "all_awardings": [],
        "allow_live_comments": false,
        "author": "MonkeeCatcher",
        "author_flair_css_class": null,
        "author_flair_richtext": [],
        "author_flair_text": null,
        "author_flair_type": "text",
        "author_fullname": "t2_jlaza",
        "author_patreon_flair": false,
        "author_premium": false,
        "awarders": [],
        "can_mod_post": false,
        "contest_mode": false,
        "created_utc": "2020-10-07 00:43:01",
        "domain": "stuff.co.nz",
        "full_link": "https://www.reddit.com/r/Coronavirus/comments/j6h8i1/covid19_all_nz_community_cases_of_covid_recovered/",
        "gildings": {},
        "id": "j6h8i1",
        "is_crosspostable": true,
        "is_meta": false,
        "is_original_content": false,
        "is_reddit_media_domain": false,
        "is_robot_indexable": true,
        "is_self": false,
        "is_video": false,
        "link_flair_background_color": "#46d160",
        "link_flair_richtext": [],
        "link_flair_template_id": "8967475c-5e49-11ea-bb7d-0e69024792b3",
        "link_flair_text": "Good News",
        "link_flair_text_color": "dark",
        "link_flair_type": "text",
        "locked": false,
        "media_only": false,
        "no_follow": true,
        "num_comments": 12,
        "num_crossposts": 0,
        "over_18": false,
        "parent_whitelist_status": "all_ads",
        "permalink": "/r/Coronavirus/comments/j6h8i1/covid19_all_nz_community_cases_of_covid_recovered/",
        "pinned": false,
        "post_hint": "link",
        "preview": {
            "enabled": false,
            "images": [
                {
                    "id": "wgn4VuSJO6T1JWVrPb17L1AaMvIg19mGDQKTaIxpfZE",
                    "resolutions": [
                        {
                            "height": 60,
                            "url": "https://external-preview.redd.it/IwZbKJ4qVrJQ_AmEp5pnPY-EuyR1lxHXBH7j6Ahi-J0.jpg?width=108&amp;crop=smart&amp;auto=webp&amp;s=f36820113ddd9dc9e3482db936e87d729c2010bf",
                            "width": 108
                        },
                        {
                            "height": 121,
                            "url": "https://external-preview.redd.it/IwZbKJ4qVrJQ_AmEp5pnPY-EuyR1lxHXBH7j6Ahi-J0.jpg?width=216&amp;crop=smart&amp;auto=webp&amp;s=136339ce172e7d4d904c2d0e400b3c712d2e652a",
                            "width": 216
                        },
                        {
                            "height": 179,
                            "url": "https://external-preview.redd.it/IwZbKJ4qVrJQ_AmEp5pnPY-EuyR1lxHXBH7j6Ahi-J0.jpg?width=320&amp;crop=smart&amp;auto=webp&amp;s=6eb6b9f749d3d863bd5076d1b12ef1a726a24b1c",
                            "width": 320
                        },
                        {
                            "height": 359,
                            "url": "https://external-preview.redd.it/IwZbKJ4qVrJQ_AmEp5pnPY-EuyR1lxHXBH7j6Ahi-J0.jpg?width=640&amp;crop=smart&amp;auto=webp&amp;s=528a7dc6f127b06246b27face609c50b56221067",
                            "width": 640
                        },
                        {
                            "height": 539,
                            "url": "https://external-preview.redd.it/IwZbKJ4qVrJQ_AmEp5pnPY-EuyR1lxHXBH7j6Ahi-J0.jpg?width=960&amp;crop=smart&amp;auto=webp&amp;s=42aad4248c64cb5ffba463f8bfcb3b37e19fc0fa",
                            "width": 960
                        },
                        {
                            "height": 606,
                            "url": "https://external-preview.redd.it/IwZbKJ4qVrJQ_AmEp5pnPY-EuyR1lxHXBH7j6Ahi-J0.jpg?width=1080&amp;crop=smart&amp;auto=webp&amp;s=77911a5ef5573957475a2f6d60b80642b7e18280",
                            "width": 1080
                        }
                    ],
                    "source": {
                        "height": 798,
                        "url": "https://external-preview.redd.it/IwZbKJ4qVrJQ_AmEp5pnPY-EuyR1lxHXBH7j6Ahi-J0.jpg?auto=webp&amp;s=06578ac1a95087cf9aca5bb7a68f7ee81e90b59a",
                        "width": 1420
                    },
                    "variants": {}
                }
            ]
        },
        "pwls": 6,
        "retrieved_on": 1602031392,
        "score": 1,
        "selftext": "",
        "send_replies": true,
        "spoiler": false,
        "stickied": false,
        "subreddit": "Coronavirus",
        "subreddit_id": "t5_2x4yx",
        "subreddit_subscribers": 2287143,
        "subreddit_type": "public",
        "suggested_sort": "confidence",
        "thumbnail": "https://b.thumbs.redditmedia.com/x_Kmt8hNs2nNts4jnnyn-EVnkk8KD5AhLA5rEdM-GuE.jpg",
        "thumbnail_height": 78,
        "thumbnail_width": 140,
        "title": "Covid-19: All NZ community cases of Covid recovered, marking end of Auckland cluster",
        "total_awards_received": 0,
        "treatment_tags": [],
        "upvote_ratio": 1.0,
        "url": "https://www.stuff.co.nz/national/health/coronavirus/123009637/covid19-all-nz-community-cases-of-covid-recovered-marking-end-of-auckland-cluster",
        "url_overridden_by_dest": "https://www.stuff.co.nz/national/health/coronavirus/123009637/covid19-all-nz-community-cases-of-covid-recovered-marking-end-of-auckland-cluster",
        "whitelist_status": "all_ads",
        "wls": 6
    },
    {
        "all_awardings": [],
        "allow_live_comments": false,
        "author": "sawrubthegreat2020",
        "author_flair_css_class": null,
        "author_flair_richtext": [],
        "author_flair_text": null,
        "author_flair_type": "text",
        "author_fullname": "t2_6qd688hb",
        "author_patreon_flair": false,
        "author_premium": false,
        "awarders": [],
        "can_mod_post": false,
        "contest_mode": false,
        "created_utc": "2020-10-02 19:37:13",
        "domain": "washingtonpost.com",
        "full_link": "https://www.reddit.com/r/Coronavirus/comments/j41dj1/supreme_court_nominee_tested_positive_for/",
        "gildings": {},
        "id": "j41dj1",
        "is_crosspostable": true,
        "is_meta": false,
        "is_original_content": false,
        "is_reddit_media_domain": false,
        "is_robot_indexable": true,
        "is_self": false,
        "is_video": false,
        "link_flair_background_color": "#ff8717",
        "link_flair_richtext": [],
        "link_flair_template_id": "e7643a50-5e48-11ea-8e30-0e05eb9dc901",
        "link_flair_text": "USA",
        "link_flair_text_color": "dark",
        "link_flair_type": "text",
        "locked": false,
        "media_only": false,
        "no_follow": true,
        "num_comments": 17,
        "num_crossposts": 0,
        "over_18": false,
        "parent_whitelist_status": "all_ads",
        "permalink": "/r/Coronavirus/comments/j41dj1/supreme_court_nominee_tested_positive_for/",
        "pinned": false,
        "post_hint": "link",
        "preview": {
            "enabled": false,
            "images": [
                {
                    "id": "gZd_WqEydpJx2h-uPLlADo4mNkAEZssD4g_4vobgAEA",
                    "resolutions": [
                        {
                            "height": 68,
                            "url": "https://external-preview.redd.it/fj7IKEl73SkUCM4CkH16CSB3aIKGfNHGW9eWD4Hy-2U.jpg?width=108&amp;crop=smart&amp;auto=webp&amp;s=9a7ad55375d714dd16161c536e58f5a80c6b69ed",
                            "width": 108
                        },
                        {
                            "height": 137,
                            "url": "https://external-preview.redd.it/fj7IKEl73SkUCM4CkH16CSB3aIKGfNHGW9eWD4Hy-2U.jpg?width=216&amp;crop=smart&amp;auto=webp&amp;s=291c22b32c818504fa4c85bc1330d6135cf684ad",
                            "width": 216
                        },
                        {
                            "height": 203,
                            "url": "https://external-preview.redd.it/fj7IKEl73SkUCM4CkH16CSB3aIKGfNHGW9eWD4Hy-2U.jpg?width=320&amp;crop=smart&amp;auto=webp&amp;s=f2b488ef2a03eeecc3c58a546c63abf90d87d4a7",
                            "width": 320
                        },
                        {
                            "height": 407,
                            "url": "https://external-preview.redd.it/fj7IKEl73SkUCM4CkH16CSB3aIKGfNHGW9eWD4Hy-2U.jpg?width=640&amp;crop=smart&amp;auto=webp&amp;s=ec8afbde71dc9eccf5862cae428ad678e283d649",
                            "width": 640
                        },
                        {
                            "height": 611,
                            "url": "https://external-preview.redd.it/fj7IKEl73SkUCM4CkH16CSB3aIKGfNHGW9eWD4Hy-2U.jpg?width=960&amp;crop=smart&amp;auto=webp&amp;s=30222688b86857f2f437a55f6a8880dcb82cdf70",
                            "width": 960
                        },
                        {
                            "height": 687,
                            "url": "https://external-preview.redd.it/fj7IKEl73SkUCM4CkH16CSB3aIKGfNHGW9eWD4Hy-2U.jpg?width=1080&amp;crop=smart&amp;auto=webp&amp;s=59a7c96c5aa458774fda4dd4d283781b0e2d14b0",
                            "width": 1080
                        }
                    ],
                    "source": {
                        "height": 917,
                        "url": "https://external-preview.redd.it/fj7IKEl73SkUCM4CkH16CSB3aIKGfNHGW9eWD4Hy-2U.jpg?auto=webp&amp;s=9ef87df31955d67ae894c2e62dc03cad983ccf09",
                        "width": 1440
                    },
                    "variants": {}
                }
            ]
        },
        "pwls": 6,
        "retrieved_on": 1601667444,
        "score": 1,
        "selftext": "",
        "send_replies": false,
        "spoiler": false,
        "stickied": false,
        "subreddit": "Coronavirus",
        "subreddit_id": "t5_2x4yx",
        "subreddit_subscribers": 2284150,
        "subreddit_type": "public",
        "suggested_sort": "confidence",
        "thumbnail": "https://b.thumbs.redditmedia.com/r8ZlpVdaldKO56OTLbAWnnVk33TMGES7RsPltW4aV2U.jpg",
        "thumbnail_height": 89,
        "thumbnail_width": 140,
        "title": "Supreme Court nominee tested positive for coronavirus this summer, has since recovered",
        "total_awards_received": 0,
        "treatment_tags": [],
        "upvote_ratio": 1.0,
        "url": "https://www.washingtonpost.com/politics/barrett-coronavirus-court-trump/2020/10/02/ecf7c7ce-04cf-11eb-8879-7663b816bfa5_story.html",
        "url_overridden_by_dest": "https://www.washingtonpost.com/politics/barrett-coronavirus-court-trump/2020/10/02/ecf7c7ce-04cf-11eb-8879-7663b816bfa5_story.html",
        "whitelist_status": "all_ads",
        "wls": 6
    },
    {
        "all_awardings": [],
        "allow_live_comments": false,
        "author": "grimgroth",
        "author_flair_css_class": null,
        "author_flair_richtext": [],
        "author_flair_text": null,
        "author_flair_type": "text",
        "author_fullname": "t2_4b4ad",
        "author_patreon_flair": false,
        "author_premium": false,
        "awarders": [],
        "can_mod_post": false,
        "contest_mode": false,
        "created_utc": "2020-10-02 01:15:04",
        "domain": "translate.googleusercontent.com",
        "full_link": "https://www.reddit.com/r/Coronavirus/comments/j3ldbe/recovered_plasma_found_to_be_uneffective_on/",
        "gildings": {},
        "id": "j3ldbe",
        "is_crosspostable": true,
        "is_meta": false,
        "is_original_content": false,
        "is_reddit_media_domain": false,
        "is_robot_indexable": true,
        "is_self": false,
        "is_video": false,
        "link_flair_background_color": "#0dd3bb",
        "link_flair_richtext": [],
        "link_flair_template_id": "ca99103a-5e48-11ea-861e-0e14b931d16d",
        "link_flair_text": "World",
        "link_flair_text_color": "dark",
        "link_flair_type": "text",
        "locked": false,
        "media_only": false,
        "no_follow": true,
        "num_comments": 11,
        "num_crossposts": 0,
        "over_18": false,
        "parent_whitelist_status": "all_ads",
        "permalink": "/r/Coronavirus/comments/j3ldbe/recovered_plasma_found_to_be_uneffective_on/",
        "pinned": false,
        "pwls": 6,
        "retrieved_on": 1601601315,
        "score": 1,
        "selftext": "",
        "send_replies": false,
        "spoiler": false,
        "stickied": false,
        "subreddit": "Coronavirus",
        "subreddit_id": "t5_2x4yx",
        "subreddit_subscribers": 2283407,
        "subreddit_type": "public",
        "suggested_sort": "confidence",
        "thumbnail": "default",
        "title": "Recovered plasma found to be uneffective on severe cases",
        "total_awards_received": 0,
        "treatment_tags": [],
        "upvote_ratio": 1.0,
        "url": "https://translate.googleusercontent.com/translate_c?depth=1&amp;nv=1&amp;pto=aue&amp;rurl=translate.google.com.ar&amp;sl=auto&amp;sp=nmt4&amp;tl=en&amp;u=https://www.lanacion.com.ar/sociedad/coronavirus-estudio-nacional-concluyeron-plasma-recuperados-no-nid2466966&amp;usg=ALkJrhimhYsZx_kTTrHggJSEnfV54nIi8g",
        "url_overridden_by_dest": "https://translate.googleusercontent.com/translate_c?depth=1&amp;nv=1&amp;pto=aue&amp;rurl=translate.google.com.ar&amp;sl=auto&amp;sp=nmt4&amp;tl=en&amp;u=https://www.lanacion.com.ar/sociedad/coronavirus-estudio-nacional-concluyeron-plasma-recuperados-no-nid2466966&amp;usg=ALkJrhimhYsZx_kTTrHggJSEnfV54nIi8g",
        "whitelist_status": "all_ads",
        "wls": 6
    },
    {
        "all_awardings": [],
        "allow_live_comments": false,
        "author": "Commandmanda",
        "author_flair_css_class": null,
        "author_flair_richtext": [],
        "author_flair_text": null,
        "author_flair_type": "text",
        "author_fullname": "t2_5dv0mzrt",
        "author_patreon_flair": false,
        "author_premium": true,
        "awarders": [],
        "can_mod_post": false,
        "contest_mode": false,
        "created_utc": "2020-10-24 15:05:37",
        "domain": "fiercepharma.com",
        "full_link": "https://www.reddit.com/r/Coronavirus/comments/jhag1u/fujifilms_flu_drug_avigan_improves_covid19/",
        "gildings": {},
        "id": "jhag1u",
        "is_crosspostable": true,
        "is_meta": false,
        "is_original_content": false,
        "is_reddit_media_domain": false,
        "is_robot_indexable": true,
        "is_self": false,
        "is_video": false,
        "link_flair_background_color": "#46d160",
        "link_flair_richtext": [],
        "link_flair_template_id": "8967475c-5e49-11ea-bb7d-0e69024792b3",
        "link_flair_text": "Good News",
        "link_flair_text_color": "dark",
        "link_flair_type": "text",
        "locked": false,
        "media_only": false,
        "no_follow": true,
        "num_comments": 21,
        "num_crossposts": 0,
        "over_18": false,
        "parent_whitelist_status": "all_ads",
        "permalink": "/r/Coronavirus/comments/jhag1u/fujifilms_flu_drug_avigan_improves_covid19/",
        "pinned": false,
        "post_hint": "link",
        "preview": {
            "enabled": false,
            "images": [
                {
                    "id": "dsIglLylUIL7sGQnxqBp5dPdlhQG2kL0Mbihs5F-t1k",
                    "resolutions": [
                        {
                            "height": 71,
                            "url": "https://external-preview.redd.it/Iw6znxJIPyP6RwV8GMC5Aw0Raj4cjBWqdcK8fTnRsks.jpg?width=108&amp;crop=smart&amp;auto=webp&amp;s=428fa36b9884d463f8a20da7d58e425de1b762df",
                            "width": 108
                        },
                        {
                            "height": 143,
                            "url": "https://external-preview.redd.it/Iw6znxJIPyP6RwV8GMC5Aw0Raj4cjBWqdcK8fTnRsks.jpg?width=216&amp;crop=smart&amp;auto=webp&amp;s=6b5a3507402f754769240eb4feb52c7e3dbc6034",
                            "width": 216
                        },
                        {
                            "height": 213,
                            "url": "https://external-preview.redd.it/Iw6znxJIPyP6RwV8GMC5Aw0Raj4cjBWqdcK8fTnRsks.jpg?width=320&amp;crop=smart&amp;auto=webp&amp;s=0db8b10fad0ed7893b6028f193b1be7e1e787db7",
                            "width": 320
                        },
                        {
                            "height": 426,
                            "url": "https://external-preview.redd.it/Iw6znxJIPyP6RwV8GMC5Aw0Raj4cjBWqdcK8fTnRsks.jpg?width=640&amp;crop=smart&amp;auto=webp&amp;s=1d0dbcb4b53ef49d43efd317f0e5845a29747e3b",
                            "width": 640
                        }
                    ],
                    "source": {
                        "height": 533,
                        "url": "https://external-preview.redd.it/Iw6znxJIPyP6RwV8GMC5Aw0Raj4cjBWqdcK8fTnRsks.jpg?auto=webp&amp;s=f3cc9fd9dde90097198a82003dc5db1401a4391a",
                        "width": 800
                    },
                    "variants": {}
                }
            ]
        },
        "pwls": 6,
        "retrieved_on": 1603551948,
        "score": 1,
        "selftext": "",
        "send_replies": true,
        "spoiler": false,
        "stickied": false,
        "subreddit": "Coronavirus",
        "subreddit_id": "t5_2x4yx",
        "subreddit_subscribers": 2298259,
        "subreddit_type": "public",
        "suggested_sort": "confidence",
        "thumbnail": "https://b.thumbs.redditmedia.com/KqynuVyeIO7BRpt3G8RTYOq6XgH_Kq_NFO-7GjEiUCo.jpg",
        "thumbnail_height": 93,
        "thumbnail_width": 140,
        "title": "Fujifilm's flu drug Avigan improves COVID-19 recovery time, setting up filing in Japan",
        "total_awards_received": 0,
        "treatment_tags": [],
        "upvote_ratio": 1.0,
        "url": "https://www.fiercepharma.com/pharma/fujifilm-s-flu-drug-avigan-improves-covid-19-recovery-time-setting-up-filing-japan",
        "url_overridden_by_dest": "https://www.fiercepharma.com/pharma/fujifilm-s-flu-drug-avigan-improves-covid-19-recovery-time-setting-up-filing-japan",
        "whitelist_status": "all_ads",
        "wls": 6
    },
    {
        "all_awardings": [],
        "allow_live_comments": false,
        "author": "Hundsheimer_Berge",
        "author_flair_css_class": null,
        "author_flair_richtext": [],
        "author_flair_text": null,
        "author_flair_type": "text",
        "author_fullname": "t2_7hyrgbyq",
        "author_patreon_flair": false,
        "author_premium": false,
        "awarders": [],
        "can_mod_post": false,
        "contest_mode": false,
        "created_utc": "2020-10-25 23:37:39",
        "domain": "insurancejournal.com",
        "full_link": "https://www.reddit.com/r/Coronavirus/comments/ji3sm8/crisis_within_a_crisis_how_covid19_is_driving_the/",
        "gildings": {},
        "id": "ji3sm8",
        "is_crosspostable": true,
        "is_meta": false,
        "is_original_content": false,
        "is_reddit_media_domain": false,
        "is_robot_indexable": true,
        "is_self": false,
        "is_video": false,
        "link_flair_background_color": "#ff8717",
        "link_flair_richtext": [],
        "link_flair_template_id": "e7643a50-5e48-11ea-8e30-0e05eb9dc901",
        "link_flair_text": "USA",
        "link_flair_text_color": "dark",
        "link_flair_type": "text",
        "locked": false,
        "media_only": false,
        "no_follow": true,
        "num_comments": 45,
        "num_crossposts": 0,
        "over_18": false,
        "parent_whitelist_status": "all_ads",
        "permalink": "/r/Coronavirus/comments/ji3sm8/crisis_within_a_crisis_how_covid19_is_driving_the/",
        "pinned": false,
        "post_hint": "link",
        "preview": {
            "enabled": false,
            "images": [
                {
                    "id": "fmtXsk3vTw7HS_6KdAsEhg9P6komH3loCzzVrfpVVkg",
                    "resolutions": [
                        {
                            "height": 67,
                            "url": "https://external-preview.redd.it/X5N5vlPwie3FX1vMhG_j1h6Hsv9D0pfmu2d6Bs3gWz8.jpg?width=108&amp;crop=smart&amp;auto=webp&amp;s=47d58533685f73b32e361c85219f180332234eb2",
                            "width": 108
                        },
                        {
                            "height": 134,
                            "url": "https://external-preview.redd.it/X5N5vlPwie3FX1vMhG_j1h6Hsv9D0pfmu2d6Bs3gWz8.jpg?width=216&amp;crop=smart&amp;auto=webp&amp;s=c290d6ee3ba213914d4d2870297852239019774a",
                            "width": 216
                        },
                        {
                            "height": 199,
                            "url": "https://external-preview.redd.it/X5N5vlPwie3FX1vMhG_j1h6Hsv9D0pfmu2d6Bs3gWz8.jpg?width=320&amp;crop=smart&amp;auto=webp&amp;s=221889139c548af36e5e28eb63b12a25dbbc0d5f",
                            "width": 320
                        }
                    ],
                    "source": {
                        "height": 361,
                        "url": "https://external-preview.redd.it/X5N5vlPwie3FX1vMhG_j1h6Hsv9D0pfmu2d6Bs3gWz8.jpg?auto=webp&amp;s=3839526b036796e15cd4211090e6b8e84c90dc10",
                        "width": 580
                    },
                    "variants": {}
                }
            ]
        },
        "pwls": 6,
        "retrieved_on": 1603669071,
        "score": 1,
        "selftext": "",
        "send_replies": true,
        "spoiler": false,
        "stickied": false,
        "subreddit": "Coronavirus",
        "subreddit_id": "t5_2x4yx",
        "subreddit_subscribers": 2299141,
        "subreddit_type": "public",
        "suggested_sort": "confidence",
        "thumbnail": "https://b.thumbs.redditmedia.com/59B2zWJe35SFzoouXe2LsulqgRL6y-zhyPu0N0X7nyU.jpg",
        "thumbnail_height": 87,
        "thumbnail_width": 140,
        "title": "Crisis Within a Crisis: How COVID-19 Is Driving the Opioid Epidemic",
        "total_awards_received": 0,
        "treatment_tags": [],
        "upvote_ratio": 1.0,
        "url": "https://www.insurancejournal.com/news/national/2020/10/13/586294.htm",
        "url_overridden_by_dest": "https://www.insurancejournal.com/news/national/2020/10/13/586294.htm",
        "whitelist_status": "all_ads",
        "wls": 6
    }
]