[
    {
        "all_awardings": [],
        "allow_live_comments": false,
        "author": "OverByTheEdge",
        "author_flair_css_class": null,
        "author_flair_richtext": [],
        "author_flair_text": null,
        "author_flair_type": "text",
        "author_fullname": "t2_7htt6j7z",
        "author_patreon_flair": false,
        "author_premium": false,
        "awarders": [],
        "can_mod_post": false,
        "contest_mode": false,
        "created_utc": "2020-10-25 19:04:24",
        "domain": "apnews.com",
        "full_link": "https://www.reddit.com/r/Coronavirus/comments/jhyywa/fear_and_anxiety_spike_in_virus_hot_spots_across/",
        "gildings": {},
        "id": "jhyywa",
        "is_crosspostable": true,
        "is_meta": false,
        "is_original_content": false,
        "is_reddit_media_domain": false,
        "is_robot_indexable": true,
        "is_self": false,
        "is_video": false,
        "link_flair_background_color": "#ff8717",
        "link_flair_richtext": [],
        "link_flair_template_id": "e7643a50-5e48-11ea-8e30-0e05eb9dc901",
        "link_flair_text": "USA",
        "link_flair_text_color": "dark",
        "link_flair_type": "text",
        "locked": false,
        "media_only": false,
        "no_follow": true,
        "num_comments": 10,
        "num_crossposts": 0,
        "over_18": false,
        "parent_whitelist_status": "all_ads",
        "permalink": "/r/Coronavirus/comments/jhyywa/fear_and_anxiety_spike_in_virus_hot_spots_across/",
        "pinned": false,
        "post_hint": "link",
        "preview": {
            "enabled": false,
            "images": [
                {
                    "id": "iDeC7jgecAiy5p4KRiI-2JGmR38Ir_OL1kbGeQzIwhg",
                    "resolutions": [
                        {
                            "height": 72,
                            "url": "https://external-preview.redd.it/7Nj1_1iFrlLjozfTZsih4FZBiVV3zmnWQsN-ogcJXek.jpg?width=108&amp;crop=smart&amp;auto=webp&amp;s=68ec5e075c6dbdff297bbee3a5b86697db07ccef",
                            "width": 108
                        },
                        {
                            "height": 144,
                            "url": "https://external-preview.redd.it/7Nj1_1iFrlLjozfTZsih4FZBiVV3zmnWQsN-ogcJXek.jpg?width=216&amp;crop=smart&amp;auto=webp&amp;s=497349a2b7fa9032478ad0bf1443370a9092b9a1",
                            "width": 216
                        },
                        {
                            "height": 213,
                            "url": "https://external-preview.redd.it/7Nj1_1iFrlLjozfTZsih4FZBiVV3zmnWQsN-ogcJXek.jpg?width=320&amp;crop=smart&amp;auto=webp&amp;s=1f223c2aa3586798c0e238426b9bfd28d3d12def",
                            "width": 320
                        },
                        {
                            "height": 426,
                            "url": "https://external-preview.redd.it/7Nj1_1iFrlLjozfTZsih4FZBiVV3zmnWQsN-ogcJXek.jpg?width=640&amp;crop=smart&amp;auto=webp&amp;s=6bbf7094a0e9ce67a0b137fb95c962038b15002e",
                            "width": 640
                        },
                        {
                            "height": 640,
                            "url": "https://external-preview.redd.it/7Nj1_1iFrlLjozfTZsih4FZBiVV3zmnWQsN-ogcJXek.jpg?width=960&amp;crop=smart&amp;auto=webp&amp;s=2647347d717a98cbaa7b7f6fdfb6bbfa0388caf4",
                            "width": 960
                        },
                        {
                            "height": 720,
                            "url": "https://external-preview.redd.it/7Nj1_1iFrlLjozfTZsih4FZBiVV3zmnWQsN-ogcJXek.jpg?width=1080&amp;crop=smart&amp;auto=webp&amp;s=6e37fcf1230e8ac6b533b8ddbf06d751f76f5e88",
                            "width": 1080
                        }
                    ],
                    "source": {
                        "height": 2000,
                        "url": "https://external-preview.redd.it/7Nj1_1iFrlLjozfTZsih4FZBiVV3zmnWQsN-ogcJXek.jpg?auto=webp&amp;s=11f9bc7f0fdf910e1b3333f834845949ca770349",
                        "width": 3000
                    },
                    "variants": {}
                }
            ]
        },
        "pwls": 6,
        "retrieved_on": 1603652674,
        "score": 1,
        "selftext": "",
        "send_replies": true,
        "spoiler": false,
        "stickied": false,
        "subreddit": "Coronavirus",
        "subreddit_id": "t5_2x4yx",
        "subreddit_subscribers": 2298979,
        "subreddit_type": "public",
        "suggested_sort": "confidence",
        "thumbnail": "https://b.thumbs.redditmedia.com/-d4_CYU_PxgnnNoNa1EX_NLmXhalxuYrcBHQ-LUp4nc.jpg",
        "thumbnail_height": 93,
        "thumbnail_width": 140,
        "title": "Fear and anxiety spike in virus hot spots across US",
        "total_awards_received": 0,
        "treatment_tags": [],
        "upvote_ratio": 1.0,
        "url": "https://apnews.com/article/83702dcb8b7d1d766e098b250e85f528",
        "url_overridden_by_dest": "https://apnews.com/article/83702dcb8b7d1d766e098b250e85f528",
        "whitelist_status": "all_ads",
        "wls": 6
    },
    {
        "all_awardings": [],
        "allow_live_comments": false,
        "author": "Staynelayly",
        "author_flair_css_class": null,
        "author_flair_richtext": [],
        "author_flair_text": null,
        "author_flair_type": "text",
        "author_fullname": "t2_89wa244l",
        "author_patreon_flair": false,
        "author_premium": false,
        "awarders": [],
        "can_mod_post": false,
        "contest_mode": false,
        "created_utc": "2020-10-25 19:00:13",
        "domain": "apnews.com",
        "full_link": "https://www.reddit.com/r/Coronavirus/comments/jhyw5b/fear_and_anxiety_spike_in_virus_hot_spots_across/",
        "gildings": {},
        "id": "jhyw5b",
        "is_crosspostable": true,
        "is_meta": false,
        "is_original_content": false,
        "is_reddit_media_domain": false,
        "is_robot_indexable": true,
        "is_self": false,
        "is_video": false,
        "link_flair_background_color": "#ff8717",
        "link_flair_richtext": [],
        "link_flair_template_id": "e7643a50-5e48-11ea-8e30-0e05eb9dc901",
        "link_flair_text": "USA",
        "link_flair_text_color": "dark",
        "link_flair_type": "text",
        "locked": false,
        "media_only": false,
        "no_follow": true,
        "num_comments": 1,
        "num_crossposts": 0,
        "over_18": false,
        "parent_whitelist_status": "all_ads",
        "permalink": "/r/Coronavirus/comments/jhyw5b/fear_and_anxiety_spike_in_virus_hot_spots_across/",
        "pinned": false,
        "post_hint": "link",
        "preview": {
            "enabled": false,
            "images": [
                {
                    "id": "iDeC7jgecAiy5p4KRiI-2JGmR38Ir_OL1kbGeQzIwhg",
                    "resolutions": [
                        {
                            "height": 72,
                            "url": "https://external-preview.redd.it/7Nj1_1iFrlLjozfTZsih4FZBiVV3zmnWQsN-ogcJXek.jpg?width=108&amp;crop=smart&amp;auto=webp&amp;s=68ec5e075c6dbdff297bbee3a5b86697db07ccef",
                            "width": 108
                        },
                        {
                            "height": 144,
                            "url": "https://external-preview.redd.it/7Nj1_1iFrlLjozfTZsih4FZBiVV3zmnWQsN-ogcJXek.jpg?width=216&amp;crop=smart&amp;auto=webp&amp;s=497349a2b7fa9032478ad0bf1443370a9092b9a1",
                            "width": 216
                        },
                        {
                            "height": 213,
                            "url": "https://external-preview.redd.it/7Nj1_1iFrlLjozfTZsih4FZBiVV3zmnWQsN-ogcJXek.jpg?width=320&amp;crop=smart&amp;auto=webp&amp;s=1f223c2aa3586798c0e238426b9bfd28d3d12def",
                            "width": 320
                        },
                        {
                            "height": 426,
                            "url": "https://external-preview.redd.it/7Nj1_1iFrlLjozfTZsih4FZBiVV3zmnWQsN-ogcJXek.jpg?width=640&amp;crop=smart&amp;auto=webp&amp;s=6bbf7094a0e9ce67a0b137fb95c962038b15002e",
                            "width": 640
                        },
                        {
                            "height": 640,
                            "url": "https://external-preview.redd.it/7Nj1_1iFrlLjozfTZsih4FZBiVV3zmnWQsN-ogcJXek.jpg?width=960&amp;crop=smart&amp;auto=webp&amp;s=2647347d717a98cbaa7b7f6fdfb6bbfa0388caf4",
                            "width": 960
                        },
                        {
                            "height": 720,
                            "url": "https://external-preview.redd.it/7Nj1_1iFrlLjozfTZsih4FZBiVV3zmnWQsN-ogcJXek.jpg?width=1080&amp;crop=smart&amp;auto=webp&amp;s=6e37fcf1230e8ac6b533b8ddbf06d751f76f5e88",
                            "width": 1080
                        }
                    ],
                    "source": {
                        "height": 2000,
                        "url": "https://external-preview.redd.it/7Nj1_1iFrlLjozfTZsih4FZBiVV3zmnWQsN-ogcJXek.jpg?auto=webp&amp;s=11f9bc7f0fdf910e1b3333f834845949ca770349",
                        "width": 3000
                    },
                    "variants": {}
                }
            ]
        },
        "pwls": 6,
        "retrieved_on": 1603652423,
        "score": 1,
        "selftext": "",
        "send_replies": true,
        "spoiler": false,
        "stickied": false,
        "subreddit": "Coronavirus",
        "subreddit_id": "t5_2x4yx",
        "subreddit_subscribers": 2298981,
        "subreddit_type": "public",
        "suggested_sort": "confidence",
        "thumbnail": "https://b.thumbs.redditmedia.com/fyoP_kPXdNewXZ9tVqC0w3bGioS7qSE0XVX5ORzqB6g.jpg",
        "thumbnail_height": 93,
        "thumbnail_width": 140,
        "title": "Fear and anxiety spike in virus hot spots across US",
        "total_awards_received": 0,
        "treatment_tags": [],
        "upvote_ratio": 1.0,
        "url": "https://apnews.com/article/joe-biden-donald-trump-pandemics-virus-outbreak-health-83702dcb8b7d1d766e098b250e85f528",
        "url_overridden_by_dest": "https://apnews.com/article/joe-biden-donald-trump-pandemics-virus-outbreak-health-83702dcb8b7d1d766e098b250e85f528",
        "whitelist_status": "all_ads",
        "wls": 6
    },
    {
        "all_awardings": [],
        "allow_live_comments": false,
        "author": "nutlikew",
        "author_flair_css_class": null,
        "author_flair_richtext": [],
        "author_flair_text": null,
        "author_flair_type": "text",
        "author_fullname": "t2_5tcb76us",
        "author_patreon_flair": false,
        "author_premium": false,
        "awarders": [],
        "can_mod_post": false,
        "contest_mode": false,
        "created_utc": "2020-10-22 23:52:31",
        "domain": "komonews.com",
        "full_link": "https://www.reddit.com/r/Coronavirus/comments/jgbnq3/spike_in_anxiety_depression_expected_as_covid19/",
        "gildings": {},
        "id": "jgbnq3",
        "is_crosspostable": true,
        "is_meta": false,
        "is_original_content": false,
        "is_reddit_media_domain": false,
        "is_robot_indexable": true,
        "is_self": false,
        "is_video": false,
        "link_flair_background_color": "#0dd3bb",
        "link_flair_richtext": [],
        "link_flair_template_id": "ca99103a-5e48-11ea-861e-0e14b931d16d",
        "link_flair_text": "World",
        "link_flair_text_color": "dark",
        "link_flair_type": "text",
        "locked": false,
        "media_only": false,
        "no_follow": true,
        "num_comments": 17,
        "num_crossposts": 0,
        "over_18": false,
        "parent_whitelist_status": "all_ads",
        "permalink": "/r/Coronavirus/comments/jgbnq3/spike_in_anxiety_depression_expected_as_covid19/",
        "pinned": false,
        "post_hint": "link",
        "preview": {
            "enabled": false,
            "images": [
                {
                    "id": "vh59BZUnM57UYb2XlIDVIzu1wir9vtshxHaDKom5Dh0",
                    "resolutions": [
                        {
                            "height": 60,
                            "url": "https://external-preview.redd.it/CKQ-ELAQ7cy48wM13me-7rnheHv0HVQJCFHCUC89BK8.jpg?width=108&amp;crop=smart&amp;auto=webp&amp;s=19896864eafab900736a7db4d0d725daedd962cd",
                            "width": 108
                        },
                        {
                            "height": 121,
                            "url": "https://external-preview.redd.it/CKQ-ELAQ7cy48wM13me-7rnheHv0HVQJCFHCUC89BK8.jpg?width=216&amp;crop=smart&amp;auto=webp&amp;s=d5aebe859a364b405432cb43e0248872d5f53b65",
                            "width": 216
                        },
                        {
                            "height": 180,
                            "url": "https://external-preview.redd.it/CKQ-ELAQ7cy48wM13me-7rnheHv0HVQJCFHCUC89BK8.jpg?width=320&amp;crop=smart&amp;auto=webp&amp;s=cdc3974d53184ac5eb23561c2d161218bef0661d",
                            "width": 320
                        },
                        {
                            "height": 360,
                            "url": "https://external-preview.redd.it/CKQ-ELAQ7cy48wM13me-7rnheHv0HVQJCFHCUC89BK8.jpg?width=640&amp;crop=smart&amp;auto=webp&amp;s=d280b9e081bbcb0ace4dcfe03a8c2b38a5c4935a",
                            "width": 640
                        },
                        {
                            "height": 540,
                            "url": "https://external-preview.redd.it/CKQ-ELAQ7cy48wM13me-7rnheHv0HVQJCFHCUC89BK8.jpg?width=960&amp;crop=smart&amp;auto=webp&amp;s=7cbc9a83937c454d131da7e957f2be5bd624855a",
                            "width": 960
                        }
                    ],
                    "source": {
                        "height": 555,
                        "url": "https://external-preview.redd.it/CKQ-ELAQ7cy48wM13me-7rnheHv0HVQJCFHCUC89BK8.jpg?auto=webp&amp;s=b0d1c8aa65ff3b5de8b3526773384f7318e819a3",
                        "width": 986
                    },
                    "variants": {}
                }
            ]
        },
        "pwls": 6,
        "retrieved_on": 1603410762,
        "score": 1,
        "selftext": "",
        "send_replies": true,
        "spoiler": false,
        "stickied": false,
        "subreddit": "Coronavirus",
        "subreddit_id": "t5_2x4yx",
        "subreddit_subscribers": 2297119,
        "subreddit_type": "public",
        "suggested_sort": "confidence",
        "thumbnail": "https://b.thumbs.redditmedia.com/FO3MDHGFbxo8ChaJ_os0b65pxE1dNkwY7iRYa9hrxbY.jpg",
        "thumbnail_height": 78,
        "thumbnail_width": 140,
        "title": "Spike in anxiety, depression expected as COVID-19 pandemic pushes through winter",
        "total_awards_received": 0,
        "treatment_tags": [],
        "upvote_ratio": 1.0,
        "url": "https://komonews.com/news/coronavirus/spike-in-anxiety-depression-expected-as-covid-19-pandemic-pushes-through-winter",
        "url_overridden_by_dest": "https://komonews.com/news/coronavirus/spike-in-anxiety-depression-expected-as-covid-19-pandemic-pushes-through-winter",
        "whitelist_status": "all_ads",
        "wls": 6
    },
    {
        "all_awardings": [],
        "allow_live_comments": false,
        "author": "RedditorsAreFuckwads",
        "author_flair_css_class": null,
        "author_flair_richtext": [],
        "author_flair_text": null,
        "author_flair_type": "text",
        "author_fullname": "t2_8jqfkro8",
        "author_patreon_flair": false,
        "author_premium": false,
        "awarders": [],
        "can_mod_post": false,
        "contest_mode": false,
        "created_utc": "2020-10-21 13:44:28",
        "domain": "dailymail.co.uk",
        "full_link": "https://www.reddit.com/r/Coronavirus/comments/jfd2c7/student_20_is_found_dead_in_his_halls_at_coventry/",
        "gildings": {},
        "id": "jfd2c7",
        "is_crosspostable": false,
        "is_meta": false,
        "is_original_content": false,
        "is_reddit_media_domain": false,
        "is_robot_indexable": false,
        "is_self": false,
        "is_video": false,
        "link_flair_background_color": "#ea0027",
        "link_flair_css_class": "rm infoquality",
        "link_flair_richtext": [],
        "link_flair_template_id": "2ac9e9e2-67cd-11ea-b6ae-0e214693e803",
        "link_flair_text": "Removed - Rule 5: Keep information quality high",
        "link_flair_text_color": "dark",
        "link_flair_type": "text",
        "locked": false,
        "media_only": false,
        "no_follow": true,
        "num_comments": 3,
        "num_crossposts": 0,
        "over_18": false,
        "parent_whitelist_status": "all_ads",
        "permalink": "/r/Coronavirus/comments/jfd2c7/student_20_is_found_dead_in_his_halls_at_coventry/",
        "pinned": false,
        "post_hint": "link",
        "preview": {
            "enabled": false,
            "images": [
                {
                    "id": "LlGJXoIAE4tVGrddxRRURsnwkFt4zdFNAmm2GuMMumc",
                    "resolutions": [
                        {
                            "height": 64,
                            "url": "https://external-preview.redd.it/5BGZsVsOCgN_NDBfFW4bgfrjYZXrgIP9UbEvadGwfYI.jpg?width=108&amp;crop=smart&amp;auto=webp&amp;s=431c360d14a00d0aedd80dbd9d01f5d0daf8d360",
                            "width": 108
                        },
                        {
                            "height": 129,
                            "url": "https://external-preview.redd.it/5BGZsVsOCgN_NDBfFW4bgfrjYZXrgIP9UbEvadGwfYI.jpg?width=216&amp;crop=smart&amp;auto=webp&amp;s=b3bf7e60c7b5d38e3495c97e357ed1152134d45a",
                            "width": 216
                        },
                        {
                            "height": 192,
                            "url": "https://external-preview.redd.it/5BGZsVsOCgN_NDBfFW4bgfrjYZXrgIP9UbEvadGwfYI.jpg?width=320&amp;crop=smart&amp;auto=webp&amp;s=c2c4883c07955bf0fcd7bfa2e28b8d8d814adb16",
                            "width": 320
                        }
                    ],
                    "source": {
                        "height": 382,
                        "url": "https://external-preview.redd.it/5BGZsVsOCgN_NDBfFW4bgfrjYZXrgIP9UbEvadGwfYI.jpg?auto=webp&amp;s=9928af4db1a7fa41c56e028a8eb53383a62d7501",
                        "width": 636
                    },
                    "variants": {}
                }
            ]
        },
        "pwls": 6,
        "removed_by_category": "moderator",
        "retrieved_on": 1603287879,
        "score": 1,
        "selftext": "",
        "send_replies": true,
        "spoiler": false,
        "stickied": false,
        "subreddit": "Coronavirus",
        "subreddit_id": "t5_2x4yx",
        "subreddit_subscribers": 2296489,
        "subreddit_type": "public",
        "suggested_sort": "confidence",
        "thumbnail": "https://a.thumbs.redditmedia.com/q3jkuOIHYUHEckg1mC2Is7GMTZbceDrWBTDaDWpsoY4.jpg",
        "thumbnail_height": 84,
        "thumbnail_width": 140,
        "title": "Student, 20, is found dead in his halls at Coventry University eight days after Cambridge academic's 19-year-old son who 'suffered with anxiety' died during Manchester campus lockdown",
        "total_awards_received": 0,
        "treatment_tags": [],
        "upvote_ratio": 1.0,
        "url": "https://www.dailymail.co.uk/news/article-8862997/Student-20-dead-halls-Coventry-University.html",
        "url_overridden_by_dest": "https://www.dailymail.co.uk/news/article-8862997/Student-20-dead-halls-Coventry-University.html",
        "whitelist_status": "all_ads",
        "wls": 6
    },
    {
        "all_awardings": [],
        "allow_live_comments": false,
        "author": "bbbbbrrrruuuhh1",
        "author_flair_css_class": null,
        "author_flair_richtext": [],
        "author_flair_text": null,
        "author_flair_type": "text",
        "author_fullname": "t2_8dlq5jl7",
        "author_patreon_flair": false,
        "author_premium": false,
        "awarders": [],
        "can_mod_post": false,
        "contest_mode": false,
        "created_utc": "2020-10-14 14:57:25",
        "domain": "thehealthypeopleproject.org",
        "full_link": "https://www.reddit.com/r/Coronavirus/comments/jb287q/5_steps_to_help_with_panicanxietystress_during/",
        "gildings": {},
        "id": "jb287q",
        "is_crosspostable": false,
        "is_meta": false,
        "is_original_content": false,
        "is_reddit_media_domain": false,
        "is_robot_indexable": false,
        "is_self": false,
        "is_video": false,
        "link_flair_background_color": "#46d160",
        "link_flair_richtext": [],
        "link_flair_template_id": "8967475c-5e49-11ea-bb7d-0e69024792b3",
        "link_flair_text": "Good News",
        "link_flair_text_color": "dark",
        "link_flair_type": "text",
        "locked": false,
        "media_only": false,
        "no_follow": true,
        "num_comments": 0,
        "num_crossposts": 0,
        "over_18": false,
        "parent_whitelist_status": "all_ads",
        "permalink": "/r/Coronavirus/comments/jb287q/5_steps_to_help_with_panicanxietystress_during/",
        "pinned": false,
        "post_hint": "link",
        "preview": {
            "enabled": false,
            "images": [
                {
                    "id": "wNBqeGOoJSfzVdqfIq2yHTL7CwRraZXXZO1d6wYg9z0",
                    "resolutions": [
                        {
                            "height": 72,
                            "url": "https://external-preview.redd.it/KUhHQYwRcr8yeQA-TyTJE_FSWkRtAhopOatsCTaL-SY.jpg?width=108&amp;crop=smart&amp;auto=webp&amp;s=d294924b558c0b50c434f5cf1b5ee2f7117c157f",
                            "width": 108
                        },
                        {
                            "height": 144,
                            "url": "https://external-preview.redd.it/KUhHQYwRcr8yeQA-TyTJE_FSWkRtAhopOatsCTaL-SY.jpg?width=216&amp;crop=smart&amp;auto=webp&amp;s=03ae95fd90b51ed429675f3f402987a60eccd1e4",
                            "width": 216
                        },
                        {
                            "height": 213,
                            "url": "https://external-preview.redd.it/KUhHQYwRcr8yeQA-TyTJE_FSWkRtAhopOatsCTaL-SY.jpg?width=320&amp;crop=smart&amp;auto=webp&amp;s=4cdf898613a3171b7c8e4e5a33085ee468eaeffb",
                            "width": 320
                        },
                        {
                            "height": 427,
                            "url": "https://external-preview.redd.it/KUhHQYwRcr8yeQA-TyTJE_FSWkRtAhopOatsCTaL-SY.jpg?width=640&amp;crop=smart&amp;auto=webp&amp;s=a1c04c4cfd0fd3a6eb01a4839e978d98f96a7554",
                            "width": 640
                        },
                        {
                            "height": 640,
                            "url": "https://external-preview.redd.it/KUhHQYwRcr8yeQA-TyTJE_FSWkRtAhopOatsCTaL-SY.jpg?width=960&amp;crop=smart&amp;auto=webp&amp;s=166fa9ac2bc25299b7d8529431294826fa24e7f4",
                            "width": 960
                        },
                        {
                            "height": 720,
                            "url": "https://external-preview.redd.it/KUhHQYwRcr8yeQA-TyTJE_FSWkRtAhopOatsCTaL-SY.jpg?width=1080&amp;crop=smart&amp;auto=webp&amp;s=a24e57cf755c1c05b93a4e510c51c6f6b71c2ae6",
                            "width": 1080
                        }
                    ],
                    "source": {
                        "height": 1709,
                        "url": "https://external-preview.redd.it/KUhHQYwRcr8yeQA-TyTJE_FSWkRtAhopOatsCTaL-SY.jpg?auto=webp&amp;s=cef7e140e58db1bcd0451c49b352bd7abaf480b2",
                        "width": 2560
                    },
                    "variants": {}
                }
            ]
        },
        "pwls": 6,
        "removed_by_category": "moderator",
        "retrieved_on": 1602687457,
        "score": 1,
        "selftext": "",
        "send_replies": true,
        "spoiler": false,
        "stickied": false,
        "subreddit": "Coronavirus",
        "subreddit_id": "t5_2x4yx",
        "subreddit_subscribers": 2291398,
        "subreddit_type": "public",
        "suggested_sort": "confidence",
        "thumbnail": "https://b.thumbs.redditmedia.com/dbcFDVmCSrCvBGHUGhJL9bc_dfAdjNJ_U_4PusodLcY.jpg",
        "thumbnail_height": 93,
        "thumbnail_width": 140,
        "title": "5 steps to help with panic/anxiety/stress during these times",
        "total_awards_received": 0,
        "treatment_tags": [],
        "upvote_ratio": 1.0,
        "url": "https://www.thehealthypeopleproject.org/how-to-not-panic-in-a-panicked-world/",
        "url_overridden_by_dest": "https://www.thehealthypeopleproject.org/how-to-not-panic-in-a-panicked-world/",
        "whitelist_status": "all_ads",
        "wls": 6
    },
    {
        "all_awardings": [],
        "allow_live_comments": false,
        "author": "isthatapeanut",
        "author_flair_css_class": null,
        "author_flair_richtext": [],
        "author_flair_text": null,
        "author_flair_type": "text",
        "author_fullname": "t2_1gsuh08o",
        "author_patreon_flair": false,
        "author_premium": false,
        "awarders": [],
        "can_mod_post": false,
        "contest_mode": false,
        "created_utc": "2020-10-13 20:58:10",
        "domain": "youtu.be",
        "full_link": "https://www.reddit.com/r/Coronavirus/comments/jamb2v/coronavirus_anxiety_the_melbourne_flow_podcast/",
        "gildings": {},
        "id": "jamb2v",
        "is_crosspostable": false,
        "is_meta": false,
        "is_original_content": false,
        "is_reddit_media_domain": false,
        "is_robot_indexable": false,
        "is_self": false,
        "is_video": false,
        "link_flair_background_color": "#dadada",
        "link_flair_richtext": [],
        "link_flair_template_id": "75b62d9a-5e49-11ea-8548-0e8ad1945b69",
        "link_flair_text": "Video/Image",
        "link_flair_text_color": "dark",
        "link_flair_type": "text",
        "locked": false,
        "media": {
            "oembed": {
                "author_name": "The Melbourne Flow",
                "author_url": "https://www.youtube.com/channel/UCiSuMywbivl0cQ6WX2hFmTA",
                "height": 338,
                "html": "&lt;iframe width=\"600\" height=\"338\" src=\"https://www.youtube.com/embed/-hjqNmSqq7c?feature=oembed&amp;enablejsapi=1\" frameborder=\"0\" allow=\"accelerometer; autoplay; clipboard-write; encrypted-media; gyroscope; picture-in-picture\" allowfullscreen&gt;&lt;/iframe&gt;",
                "provider_name": "YouTube",
                "provider_url": "https://www.youtube.com/",
                "thumbnail_height": 360,
                "thumbnail_url": "https://i.ytimg.com/vi/-hjqNmSqq7c/hqdefault.jpg",
                "thumbnail_width": 480,
                "title": "Coronavirus Anxiety - The Melbourne Flow Podcast - Episode 12 w/psychandsquats",
                "type": "video",
                "version": "1.0",
                "width": 600
            },
            "type": "youtube.com"
        },
        "media_embed": {
            "content": "&lt;iframe width=\"600\" height=\"338\" src=\"https://www.youtube.com/embed/-hjqNmSqq7c?feature=oembed&amp;enablejsapi=1\" frameborder=\"0\" allow=\"accelerometer; autoplay; clipboard-write; encrypted-media; gyroscope; picture-in-picture\" allowfullscreen&gt;&lt;/iframe&gt;",
            "height": 338,
            "scrolling": false,
            "width": 600
        },
        "media_only": false,
        "no_follow": true,
        "num_comments": 1,
        "num_crossposts": 0,
        "over_18": false,
        "parent_whitelist_status": "all_ads",
        "permalink": "/r/Coronavirus/comments/jamb2v/coronavirus_anxiety_the_melbourne_flow_podcast/",
        "pinned": false,
        "post_hint": "rich:video",
        "preview": {
            "enabled": false,
            "images": [
                {
                    "id": "nnf-kfivyBGkA_OGxSYjjB3F-8-P1OaNPGcV7hh0tUE",
                    "resolutions": [
                        {
                            "height": 81,
                            "url": "https://external-preview.redd.it/gGmqudCtRIp7xOAEyOUWL4nnogaTSNXo8qqF-XedaMI.jpg?width=108&amp;crop=smart&amp;auto=webp&amp;s=dd90703f49178f3d8878198e4aa459c982556ff4",
                            "width": 108
                        },
                        {
                            "height": 162,
                            "url": "https://external-preview.redd.it/gGmqudCtRIp7xOAEyOUWL4nnogaTSNXo8qqF-XedaMI.jpg?width=216&amp;crop=smart&amp;auto=webp&amp;s=4edc86957dc1bd990f46f8dc7caf3652662b6a7a",
                            "width": 216
                        },
                        {
                            "height": 240,
                            "url": "https://external-preview.redd.it/gGmqudCtRIp7xOAEyOUWL4nnogaTSNXo8qqF-XedaMI.jpg?width=320&amp;crop=smart&amp;auto=webp&amp;s=ffea84c9b90c714d9e1615047f627a2e2fd5eb2b",
                            "width": 320
                        }
                    ],
                    "source": {
                        "height": 360,
                        "url": "https://external-preview.redd.it/gGmqudCtRIp7xOAEyOUWL4nnogaTSNXo8qqF-XedaMI.jpg?auto=webp&amp;s=d1b7b6ffeb75bc292c8ac995c76b3ddc9f388ca8",
                        "width": 480
                    },
                    "variants": {}
                }
            ]
        },
        "pwls": 6,
        "removed_by_category": "automod_filtered",
        "retrieved_on": 1602622701,
        "score": 1,
        "secure_media": {
            "oembed": {
                "author_name": "The Melbourne Flow",
                "author_url": "https://www.youtube.com/channel/UCiSuMywbivl0cQ6WX2hFmTA",
                "height": 338,
                "html": "&lt;iframe width=\"600\" height=\"338\" src=\"https://www.youtube.com/embed/-hjqNmSqq7c?feature=oembed&amp;enablejsapi=1\" frameborder=\"0\" allow=\"accelerometer; autoplay; clipboard-write; encrypted-media; gyroscope; picture-in-picture\" allowfullscreen&gt;&lt;/iframe&gt;",
                "provider_name": "YouTube",
                "provider_url": "https://www.youtube.com/",
                "thumbnail_height": 360,
                "thumbnail_url": "https://i.ytimg.com/vi/-hjqNmSqq7c/hqdefault.jpg",
                "thumbnail_width": 480,
                "title": "Coronavirus Anxiety - The Melbourne Flow Podcast - Episode 12 w/psychandsquats",
                "type": "video",
                "version": "1.0",
                "width": 600
            },
            "type": "youtube.com"
        },
        "secure_media_embed": {
            "content": "&lt;iframe width=\"600\" height=\"338\" src=\"https://www.youtube.com/embed/-hjqNmSqq7c?feature=oembed&amp;enablejsapi=1\" frameborder=\"0\" allow=\"accelerometer; autoplay; clipboard-write; encrypted-media; gyroscope; picture-in-picture\" allowfullscreen&gt;&lt;/iframe&gt;",
            "height": 338,
            "media_domain_url": "https://www.redditmedia.com/mediaembed/jamb2v",
            "scrolling": false,
            "width": 600
        },
        "selftext": "",
        "send_replies": true,
        "spoiler": false,
        "stickied": false,
        "subreddit": "Coronavirus",
        "subreddit_id": "t5_2x4yx",
        "subreddit_subscribers": 2290962,
        "subreddit_type": "public",
        "suggested_sort": "confidence",
        "thumbnail": "https://b.thumbs.redditmedia.com/znbMvBZFFND-eKwJGt1MtyQSwFDH9h9M8TpW1yooOGk.jpg",
        "thumbnail_height": 105,
        "thumbnail_width": 140,
        "title": "Coronavirus Anxiety - The Melbourne Flow Podcast - Episode 12 w/psychandsquats",
        "total_awards_received": 0,
        "treatment_tags": [],
        "upvote_ratio": 1.0,
        "url": "https://youtu.be/-hjqNmSqq7c",
        "url_overridden_by_dest": "https://youtu.be/-hjqNmSqq7c",
        "whitelist_status": "all_ads",
        "wls": 6
    },
    {
        "all_awardings": [],
        "allow_live_comments": false,
        "author": "outrider567",
        "author_flair_css_class": null,
        "author_flair_richtext": [],
        "author_flair_text": null,
        "author_flair_type": "text",
        "author_fullname": "t2_ohdti",
        "author_patreon_flair": false,
        "author_premium": true,
        "awarders": [],
        "can_mod_post": false,
        "contest_mode": false,
        "created_utc": "2020-10-11 23:21:20",
        "domain": "globalnews.ca",
        "full_link": "https://www.reddit.com/r/Coronavirus/comments/j9fsji/canadians_reporting_higher_levels_of_anxiety_and/",
        "gildings": {},
        "id": "j9fsji",
        "is_crosspostable": true,
        "is_meta": false,
        "is_original_content": false,
        "is_reddit_media_domain": false,
        "is_robot_indexable": true,
        "is_self": false,
        "is_video": false,
        "link_flair_background_color": "#ffb000",
        "link_flair_richtext": [],
        "link_flair_template_id": "46bcf7da-60e7-11ea-b448-0e4f5fa4d1dd",
        "link_flair_text": "Canada",
        "link_flair_text_color": "dark",
        "link_flair_type": "text",
        "locked": false,
        "media_only": false,
        "no_follow": true,
        "num_comments": 33,
        "num_crossposts": 0,
        "over_18": false,
        "parent_whitelist_status": "all_ads",
        "permalink": "/r/Coronavirus/comments/j9fsji/canadians_reporting_higher_levels_of_anxiety_and/",
        "pinned": false,
        "post_hint": "link",
        "preview": {
            "enabled": false,
            "images": [
                {
                    "id": "O_jihczVmPQW3FeBlGloOAy7A758-dCMDOCf7ffR8u0",
                    "resolutions": [
                        {
                            "height": 56,
                            "url": "https://external-preview.redd.it/idipHOAWIH_HiDy5cRNBVYuBjvaLbJBckbpJ-VIW3es.jpg?width=108&amp;crop=smart&amp;auto=webp&amp;s=9bc22bc2c3a92f2755f0fc3cbccac054d51106f0",
                            "width": 108
                        },
                        {
                            "height": 113,
                            "url": "https://external-preview.redd.it/idipHOAWIH_HiDy5cRNBVYuBjvaLbJBckbpJ-VIW3es.jpg?width=216&amp;crop=smart&amp;auto=webp&amp;s=ba0198735ce04f6b4aefb5c3ab61722dcc8564a0",
                            "width": 216
                        },
                        {
                            "height": 168,
                            "url": "https://external-preview.redd.it/idipHOAWIH_HiDy5cRNBVYuBjvaLbJBckbpJ-VIW3es.jpg?width=320&amp;crop=smart&amp;auto=webp&amp;s=9609bfd0c4e3da52ae98b1c70e491727022661f9",
                            "width": 320
                        },
                        {
                            "height": 336,
                            "url": "https://external-preview.redd.it/idipHOAWIH_HiDy5cRNBVYuBjvaLbJBckbpJ-VIW3es.jpg?width=640&amp;crop=smart&amp;auto=webp&amp;s=13d2ee814adeeb687d5c17880024cc7292e377d7",
                            "width": 640
                        }
                    ],
                    "source": {
                        "height": 379,
                        "url": "https://external-preview.redd.it/idipHOAWIH_HiDy5cRNBVYuBjvaLbJBckbpJ-VIW3es.jpg?auto=webp&amp;s=76c9b24dbc2f1bfde649a7e1221bc23793aa7d9d",
                        "width": 720
                    },
                    "variants": {}
                }
            ]
        },
        "pwls": 6,
        "retrieved_on": 1602458490,
        "score": 1,
        "selftext": "",
        "send_replies": true,
        "spoiler": false,
        "stickied": false,
        "subreddit": "Coronavirus",
        "subreddit_id": "t5_2x4yx",
        "subreddit_subscribers": 2289742,
        "subreddit_type": "public",
        "suggested_sort": "confidence",
        "thumbnail": "https://a.thumbs.redditmedia.com/Gn9zngz5GqALbJXOiv57pURN8H7qollJEXSIrDJYGS8.jpg",
        "thumbnail_height": 73,
        "thumbnail_width": 140,
        "title": "Canadians reporting higher levels of anxiety and depression amid the pandemic",
        "total_awards_received": 0,
        "treatment_tags": [],
        "upvote_ratio": 1.0,
        "url": "https://globalnews.ca/news/7391217/world-mental-health-day-canada/",
        "url_overridden_by_dest": "https://globalnews.ca/news/7391217/world-mental-health-day-canada/",
        "whitelist_status": "all_ads",
        "wls": 6
    },
    {
        "all_awardings": [],
        "allow_live_comments": false,
        "author": "nlp4kids",
        "author_flair_css_class": null,
        "author_flair_richtext": [],
        "author_flair_text": null,
        "author_flair_type": "text",
        "author_fullname": "t2_89g3pxv9",
        "author_patreon_flair": false,
        "author_premium": false,
        "awarders": [],
        "can_mod_post": false,
        "contest_mode": false,
        "created_utc": "2020-10-10 05:59:05",
        "domain": "nlp4kids.org",
        "full_link": "https://www.reddit.com/r/Coronavirus/comments/j8fbaz/nlp_for_children_therapy_for_children_with/",
        "gildings": {},
        "id": "j8fbaz",
        "is_crosspostable": false,
        "is_meta": false,
        "is_original_content": false,
        "is_reddit_media_domain": false,
        "is_robot_indexable": false,
        "is_self": false,
        "is_video": false,
        "link_flair_background_color": "#0dd3bb",
        "link_flair_richtext": [],
        "link_flair_template_id": "ca99103a-5e48-11ea-861e-0e14b931d16d",
        "link_flair_text": "World",
        "link_flair_text_color": "dark",
        "link_flair_type": "text",
        "locked": false,
        "media_only": false,
        "no_follow": true,
        "num_comments": 3,
        "num_crossposts": 0,
        "over_18": false,
        "parent_whitelist_status": "all_ads",
        "permalink": "/r/Coronavirus/comments/j8fbaz/nlp_for_children_therapy_for_children_with/",
        "pinned": false,
        "pwls": 6,
        "removed_by_category": "moderator",
        "retrieved_on": 1602309555,
        "score": 1,
        "selftext": "",
        "send_replies": true,
        "spoiler": false,
        "stickied": false,
        "subreddit": "Coronavirus",
        "subreddit_id": "t5_2x4yx",
        "subreddit_subscribers": 2289058,
        "subreddit_type": "public",
        "suggested_sort": "confidence",
        "thumbnail": "default",
        "title": "NLP for children / Therapy for children with nlp4kids / Counselling for children / CBT for children / Education franchise in uk / Become self employed in UK / Franchise opportunity in uk / Therapy for teenagers / Counselling for teenagers / Anxiety help for children",
        "total_awards_received": 0,
        "treatment_tags": [],
        "upvote_ratio": 1.0,
        "url": "https://nlp4kids.org/",
        "url_overridden_by_dest": "https://nlp4kids.org/",
        "whitelist_status": "all_ads",
        "wls": 6
    },
    {
        "all_awardings": [],
        "allow_live_comments": false,
        "author": "bbbbbrrrruuuhh1",
        "author_flair_css_class": null,
        "author_flair_richtext": [],
        "author_flair_text": null,
        "author_flair_type": "text",
        "author_fullname": "t2_8dlq5jl7",
        "author_patreon_flair": false,
        "author_premium": false,
        "awarders": [],
        "can_mod_post": false,
        "contest_mode": false,
        "created_utc": "2020-10-14 14:57:25",
        "domain": "thehealthypeopleproject.org",
        "full_link": "https://www.reddit.com/r/Coronavirus/comments/jb287q/5_steps_to_help_with_panicanxietystress_during/",
        "gildings": {},
        "id": "jb287q",
        "is_crosspostable": false,
        "is_meta": false,
        "is_original_content": false,
        "is_reddit_media_domain": false,
        "is_robot_indexable": false,
        "is_self": false,
        "is_video": false,
        "link_flair_background_color": "#46d160",
        "link_flair_richtext": [],
        "link_flair_template_id": "8967475c-5e49-11ea-bb7d-0e69024792b3",
        "link_flair_text": "Good News",
        "link_flair_text_color": "dark",
        "link_flair_type": "text",
        "locked": false,
        "media_only": false,
        "no_follow": true,
        "num_comments": 0,
        "num_crossposts": 0,
        "over_18": false,
        "parent_whitelist_status": "all_ads",
        "permalink": "/r/Coronavirus/comments/jb287q/5_steps_to_help_with_panicanxietystress_during/",
        "pinned": false,
        "post_hint": "link",
        "preview": {
            "enabled": false,
            "images": [
                {
                    "id": "wNBqeGOoJSfzVdqfIq2yHTL7CwRraZXXZO1d6wYg9z0",
                    "resolutions": [
                        {
                            "height": 72,
                            "url": "https://external-preview.redd.it/KUhHQYwRcr8yeQA-TyTJE_FSWkRtAhopOatsCTaL-SY.jpg?width=108&amp;crop=smart&amp;auto=webp&amp;s=d294924b558c0b50c434f5cf1b5ee2f7117c157f",
                            "width": 108
                        },
                        {
                            "height": 144,
                            "url": "https://external-preview.redd.it/KUhHQYwRcr8yeQA-TyTJE_FSWkRtAhopOatsCTaL-SY.jpg?width=216&amp;crop=smart&amp;auto=webp&amp;s=03ae95fd90b51ed429675f3f402987a60eccd1e4",
                            "width": 216
                        },
                        {
                            "height": 213,
                            "url": "https://external-preview.redd.it/KUhHQYwRcr8yeQA-TyTJE_FSWkRtAhopOatsCTaL-SY.jpg?width=320&amp;crop=smart&amp;auto=webp&amp;s=4cdf898613a3171b7c8e4e5a33085ee468eaeffb",
                            "width": 320
                        },
                        {
                            "height": 427,
                            "url": "https://external-preview.redd.it/KUhHQYwRcr8yeQA-TyTJE_FSWkRtAhopOatsCTaL-SY.jpg?width=640&amp;crop=smart&amp;auto=webp&amp;s=a1c04c4cfd0fd3a6eb01a4839e978d98f96a7554",
                            "width": 640
                        },
                        {
                            "height": 640,
                            "url": "https://external-preview.redd.it/KUhHQYwRcr8yeQA-TyTJE_FSWkRtAhopOatsCTaL-SY.jpg?width=960&amp;crop=smart&amp;auto=webp&amp;s=166fa9ac2bc25299b7d8529431294826fa24e7f4",
                            "width": 960
                        },
                        {
                            "height": 720,
                            "url": "https://external-preview.redd.it/KUhHQYwRcr8yeQA-TyTJE_FSWkRtAhopOatsCTaL-SY.jpg?width=1080&amp;crop=smart&amp;auto=webp&amp;s=a24e57cf755c1c05b93a4e510c51c6f6b71c2ae6",
                            "width": 1080
                        }
                    ],
                    "source": {
                        "height": 1709,
                        "url": "https://external-preview.redd.it/KUhHQYwRcr8yeQA-TyTJE_FSWkRtAhopOatsCTaL-SY.jpg?auto=webp&amp;s=cef7e140e58db1bcd0451c49b352bd7abaf480b2",
                        "width": 2560
                    },
                    "variants": {}
                }
            ]
        },
        "pwls": 6,
        "removed_by_category": "moderator",
        "retrieved_on": 1602687457,
        "score": 1,
        "selftext": "",
        "send_replies": true,
        "spoiler": false,
        "stickied": false,
        "subreddit": "Coronavirus",
        "subreddit_id": "t5_2x4yx",
        "subreddit_subscribers": 2291398,
        "subreddit_type": "public",
        "suggested_sort": "confidence",
        "thumbnail": "https://b.thumbs.redditmedia.com/dbcFDVmCSrCvBGHUGhJL9bc_dfAdjNJ_U_4PusodLcY.jpg",
        "thumbnail_height": 93,
        "thumbnail_width": 140,
        "title": "5 steps to help with panic/anxiety/stress during these times",
        "total_awards_received": 0,
        "treatment_tags": [],
        "upvote_ratio": 1.0,
        "url": "https://www.thehealthypeopleproject.org/how-to-not-panic-in-a-panicked-world/",
        "url_overridden_by_dest": "https://www.thehealthypeopleproject.org/how-to-not-panic-in-a-panicked-world/",
        "whitelist_status": "all_ads",
        "wls": 6
    },
    {
        "all_awardings": [],
        "allow_live_comments": false,
        "author": "bbbbbrrrruuuhh1",
        "author_flair_css_class": null,
        "author_flair_richtext": [],
        "author_flair_text": null,
        "author_flair_type": "text",
        "author_fullname": "t2_8dlq5jl7",
        "author_patreon_flair": false,
        "author_premium": false,
        "awarders": [],
        "can_mod_post": false,
        "contest_mode": false,
        "created_utc": "2020-10-14 14:57:25",
        "domain": "thehealthypeopleproject.org",
        "full_link": "https://www.reddit.com/r/Coronavirus/comments/jb287q/5_steps_to_help_with_panicanxietystress_during/",
        "gildings": {},
        "id": "jb287q",
        "is_crosspostable": false,
        "is_meta": false,
        "is_original_content": false,
        "is_reddit_media_domain": false,
        "is_robot_indexable": false,
        "is_self": false,
        "is_video": false,
        "link_flair_background_color": "#46d160",
        "link_flair_richtext": [],
        "link_flair_template_id": "8967475c-5e49-11ea-bb7d-0e69024792b3",
        "link_flair_text": "Good News",
        "link_flair_text_color": "dark",
        "link_flair_type": "text",
        "locked": false,
        "media_only": false,
        "no_follow": true,
        "num_comments": 0,
        "num_crossposts": 0,
        "over_18": false,
        "parent_whitelist_status": "all_ads",
        "permalink": "/r/Coronavirus/comments/jb287q/5_steps_to_help_with_panicanxietystress_during/",
        "pinned": false,
        "post_hint": "link",
        "preview": {
            "enabled": false,
            "images": [
                {
                    "id": "wNBqeGOoJSfzVdqfIq2yHTL7CwRraZXXZO1d6wYg9z0",
                    "resolutions": [
                        {
                            "height": 72,
                            "url": "https://external-preview.redd.it/KUhHQYwRcr8yeQA-TyTJE_FSWkRtAhopOatsCTaL-SY.jpg?width=108&amp;crop=smart&amp;auto=webp&amp;s=d294924b558c0b50c434f5cf1b5ee2f7117c157f",
                            "width": 108
                        },
                        {
                            "height": 144,
                            "url": "https://external-preview.redd.it/KUhHQYwRcr8yeQA-TyTJE_FSWkRtAhopOatsCTaL-SY.jpg?width=216&amp;crop=smart&amp;auto=webp&amp;s=03ae95fd90b51ed429675f3f402987a60eccd1e4",
                            "width": 216
                        },
                        {
                            "height": 213,
                            "url": "https://external-preview.redd.it/KUhHQYwRcr8yeQA-TyTJE_FSWkRtAhopOatsCTaL-SY.jpg?width=320&amp;crop=smart&amp;auto=webp&amp;s=4cdf898613a3171b7c8e4e5a33085ee468eaeffb",
                            "width": 320
                        },
                        {
                            "height": 427,
                            "url": "https://external-preview.redd.it/KUhHQYwRcr8yeQA-TyTJE_FSWkRtAhopOatsCTaL-SY.jpg?width=640&amp;crop=smart&amp;auto=webp&amp;s=a1c04c4cfd0fd3a6eb01a4839e978d98f96a7554",
                            "width": 640
                        },
                        {
                            "height": 640,
                            "url": "https://external-preview.redd.it/KUhHQYwRcr8yeQA-TyTJE_FSWkRtAhopOatsCTaL-SY.jpg?width=960&amp;crop=smart&amp;auto=webp&amp;s=166fa9ac2bc25299b7d8529431294826fa24e7f4",
                            "width": 960
                        },
                        {
                            "height": 720,
                            "url": "https://external-preview.redd.it/KUhHQYwRcr8yeQA-TyTJE_FSWkRtAhopOatsCTaL-SY.jpg?width=1080&amp;crop=smart&amp;auto=webp&amp;s=a24e57cf755c1c05b93a4e510c51c6f6b71c2ae6",
                            "width": 1080
                        }
                    ],
                    "source": {
                        "height": 1709,
                        "url": "https://external-preview.redd.it/KUhHQYwRcr8yeQA-TyTJE_FSWkRtAhopOatsCTaL-SY.jpg?auto=webp&amp;s=cef7e140e58db1bcd0451c49b352bd7abaf480b2",
                        "width": 2560
                    },
                    "variants": {}
                }
            ]
        },
        "pwls": 6,
        "removed_by_category": "moderator",
        "retrieved_on": 1602687457,
        "score": 1,
        "selftext": "",
        "send_replies": true,
        "spoiler": false,
        "stickied": false,
        "subreddit": "Coronavirus",
        "subreddit_id": "t5_2x4yx",
        "subreddit_subscribers": 2291398,
        "subreddit_type": "public",
        "suggested_sort": "confidence",
        "thumbnail": "https://b.thumbs.redditmedia.com/dbcFDVmCSrCvBGHUGhJL9bc_dfAdjNJ_U_4PusodLcY.jpg",
        "thumbnail_height": 93,
        "thumbnail_width": 140,
        "title": "5 steps to help with panic/anxiety/stress during these times",
        "total_awards_received": 0,
        "treatment_tags": [],
        "upvote_ratio": 1.0,
        "url": "https://www.thehealthypeopleproject.org/how-to-not-panic-in-a-panicked-world/",
        "url_overridden_by_dest": "https://www.thehealthypeopleproject.org/how-to-not-panic-in-a-panicked-world/",
        "whitelist_status": "all_ads",
        "wls": 6
    }
]