[
    {
        "all_awardings": [],
        "allow_live_comments": false,
        "author": "nutlikew",
        "author_flair_css_class": null,
        "author_flair_richtext": [],
        "author_flair_text": null,
        "author_flair_type": "text",
        "author_fullname": "t2_5tcb76us",
        "author_patreon_flair": false,
        "author_premium": false,
        "awarders": [],
        "can_mod_post": false,
        "contest_mode": false,
        "created_utc": "2020-10-22 23:55:13",
        "domain": "cnbc.com",
        "full_link": "https://www.reddit.com/r/Coronavirus/comments/jgbpem/more_than_7_in_10_genzers_report_symptoms_of/",
        "gildings": {},
        "id": "jgbpem",
        "is_crosspostable": true,
        "is_meta": false,
        "is_original_content": false,
        "is_reddit_media_domain": false,
        "is_robot_indexable": true,
        "is_self": false,
        "is_video": false,
        "link_flair_background_color": "#0dd3bb",
        "link_flair_richtext": [],
        "link_flair_template_id": "ca99103a-5e48-11ea-861e-0e14b931d16d",
        "link_flair_text": "World",
        "link_flair_text_color": "dark",
        "link_flair_type": "text",
        "locked": false,
        "media_only": false,
        "no_follow": true,
        "num_comments": 268,
        "num_crossposts": 0,
        "over_18": false,
        "parent_whitelist_status": "all_ads",
        "permalink": "/r/Coronavirus/comments/jgbpem/more_than_7_in_10_genzers_report_symptoms_of/",
        "pinned": false,
        "post_hint": "link",
        "preview": {
            "enabled": false,
            "images": [
                {
                    "id": "SxbTV9ZOnqzb1CpfGej1aDf1ohBUYxy4-ZJG0pTIBd8",
                    "resolutions": [
                        {
                            "height": 72,
                            "url": "https://external-preview.redd.it/mA-dpiVdyoQ3_ivd9yX3MyMhU9zCWcC_2TzXN85IiuU.jpg?width=108&amp;crop=smart&amp;auto=webp&amp;s=e42c80d34264155b218a4f0967cb8080d27894b5",
                            "width": 108
                        },
                        {
                            "height": 144,
                            "url": "https://external-preview.redd.it/mA-dpiVdyoQ3_ivd9yX3MyMhU9zCWcC_2TzXN85IiuU.jpg?width=216&amp;crop=smart&amp;auto=webp&amp;s=e46a69db6bee5e097bff979e80ad42792d6072ba",
                            "width": 216
                        },
                        {
                            "height": 213,
                            "url": "https://external-preview.redd.it/mA-dpiVdyoQ3_ivd9yX3MyMhU9zCWcC_2TzXN85IiuU.jpg?width=320&amp;crop=smart&amp;auto=webp&amp;s=3a0dc3414bc0a9dbc5a7df92526d7f6e7c0ffdd0",
                            "width": 320
                        },
                        {
                            "height": 426,
                            "url": "https://external-preview.redd.it/mA-dpiVdyoQ3_ivd9yX3MyMhU9zCWcC_2TzXN85IiuU.jpg?width=640&amp;crop=smart&amp;auto=webp&amp;s=e6a3c45ee8fc2311c3af4e5fda7de765b668918d",
                            "width": 640
                        },
                        {
                            "height": 640,
                            "url": "https://external-preview.redd.it/mA-dpiVdyoQ3_ivd9yX3MyMhU9zCWcC_2TzXN85IiuU.jpg?width=960&amp;crop=smart&amp;auto=webp&amp;s=cc750ee0d3090e58285be93190dd62e37ef93762",
                            "width": 960
                        },
                        {
                            "height": 720,
                            "url": "https://external-preview.redd.it/mA-dpiVdyoQ3_ivd9yX3MyMhU9zCWcC_2TzXN85IiuU.jpg?width=1080&amp;crop=smart&amp;auto=webp&amp;s=94e64b5616ad08984bb4a5d4d7582a96a49cfc12",
                            "width": 1080
                        }
                    ],
                    "source": {
                        "height": 3360,
                        "url": "https://external-preview.redd.it/mA-dpiVdyoQ3_ivd9yX3MyMhU9zCWcC_2TzXN85IiuU.jpg?auto=webp&amp;s=c47c7b3f0955cdc9fdf34f560701039192591800",
                        "width": 5040
                    },
                    "variants": {}
                }
            ]
        },
        "pwls": 6,
        "retrieved_on": 1603410925,
        "score": 1,
        "selftext": "",
        "send_replies": true,
        "spoiler": false,
        "stickied": false,
        "subreddit": "Coronavirus",
        "subreddit_id": "t5_2x4yx",
        "subreddit_subscribers": 2297119,
        "subreddit_type": "public",
        "suggested_sort": "confidence",
        "thumbnail": "https://b.thumbs.redditmedia.com/NOPqmiffSI0AXN65_TGFkmlLodzYvrRaeEWJQnrCXkY.jpg",
        "thumbnail_height": 93,
        "thumbnail_width": 140,
        "title": "More than 7 in 10 Gen-Zers report symptoms of depression during pandemic, survey finds",
        "total_awards_received": 0,
        "treatment_tags": [],
        "upvote_ratio": 1.0,
        "url": "https://www.cnbc.com/2020/10/21/survey-more-than-7-in-10-gen-zers-report-depression-during-pandemic.html",
        "url_overridden_by_dest": "https://www.cnbc.com/2020/10/21/survey-more-than-7-in-10-gen-zers-report-depression-during-pandemic.html",
        "whitelist_status": "all_ads",
        "wls": 6
    },
    {
        "all_awardings": [],
        "allow_live_comments": false,
        "author": "nutlikew",
        "author_flair_css_class": null,
        "author_flair_richtext": [],
        "author_flair_text": null,
        "author_flair_type": "text",
        "author_fullname": "t2_5tcb76us",
        "author_patreon_flair": false,
        "author_premium": false,
        "awarders": [],
        "can_mod_post": false,
        "contest_mode": false,
        "created_utc": "2020-10-22 23:52:31",
        "domain": "komonews.com",
        "full_link": "https://www.reddit.com/r/Coronavirus/comments/jgbnq3/spike_in_anxiety_depression_expected_as_covid19/",
        "gildings": {},
        "id": "jgbnq3",
        "is_crosspostable": true,
        "is_meta": false,
        "is_original_content": false,
        "is_reddit_media_domain": false,
        "is_robot_indexable": true,
        "is_self": false,
        "is_video": false,
        "link_flair_background_color": "#0dd3bb",
        "link_flair_richtext": [],
        "link_flair_template_id": "ca99103a-5e48-11ea-861e-0e14b931d16d",
        "link_flair_text": "World",
        "link_flair_text_color": "dark",
        "link_flair_type": "text",
        "locked": false,
        "media_only": false,
        "no_follow": true,
        "num_comments": 17,
        "num_crossposts": 0,
        "over_18": false,
        "parent_whitelist_status": "all_ads",
        "permalink": "/r/Coronavirus/comments/jgbnq3/spike_in_anxiety_depression_expected_as_covid19/",
        "pinned": false,
        "post_hint": "link",
        "preview": {
            "enabled": false,
            "images": [
                {
                    "id": "vh59BZUnM57UYb2XlIDVIzu1wir9vtshxHaDKom5Dh0",
                    "resolutions": [
                        {
                            "height": 60,
                            "url": "https://external-preview.redd.it/CKQ-ELAQ7cy48wM13me-7rnheHv0HVQJCFHCUC89BK8.jpg?width=108&amp;crop=smart&amp;auto=webp&amp;s=19896864eafab900736a7db4d0d725daedd962cd",
                            "width": 108
                        },
                        {
                            "height": 121,
                            "url": "https://external-preview.redd.it/CKQ-ELAQ7cy48wM13me-7rnheHv0HVQJCFHCUC89BK8.jpg?width=216&amp;crop=smart&amp;auto=webp&amp;s=d5aebe859a364b405432cb43e0248872d5f53b65",
                            "width": 216
                        },
                        {
                            "height": 180,
                            "url": "https://external-preview.redd.it/CKQ-ELAQ7cy48wM13me-7rnheHv0HVQJCFHCUC89BK8.jpg?width=320&amp;crop=smart&amp;auto=webp&amp;s=cdc3974d53184ac5eb23561c2d161218bef0661d",
                            "width": 320
                        },
                        {
                            "height": 360,
                            "url": "https://external-preview.redd.it/CKQ-ELAQ7cy48wM13me-7rnheHv0HVQJCFHCUC89BK8.jpg?width=640&amp;crop=smart&amp;auto=webp&amp;s=d280b9e081bbcb0ace4dcfe03a8c2b38a5c4935a",
                            "width": 640
                        },
                        {
                            "height": 540,
                            "url": "https://external-preview.redd.it/CKQ-ELAQ7cy48wM13me-7rnheHv0HVQJCFHCUC89BK8.jpg?width=960&amp;crop=smart&amp;auto=webp&amp;s=7cbc9a83937c454d131da7e957f2be5bd624855a",
                            "width": 960
                        }
                    ],
                    "source": {
                        "height": 555,
                        "url": "https://external-preview.redd.it/CKQ-ELAQ7cy48wM13me-7rnheHv0HVQJCFHCUC89BK8.jpg?auto=webp&amp;s=b0d1c8aa65ff3b5de8b3526773384f7318e819a3",
                        "width": 986
                    },
                    "variants": {}
                }
            ]
        },
        "pwls": 6,
        "retrieved_on": 1603410762,
        "score": 1,
        "selftext": "",
        "send_replies": true,
        "spoiler": false,
        "stickied": false,
        "subreddit": "Coronavirus",
        "subreddit_id": "t5_2x4yx",
        "subreddit_subscribers": 2297119,
        "subreddit_type": "public",
        "suggested_sort": "confidence",
        "thumbnail": "https://b.thumbs.redditmedia.com/FO3MDHGFbxo8ChaJ_os0b65pxE1dNkwY7iRYa9hrxbY.jpg",
        "thumbnail_height": 78,
        "thumbnail_width": 140,
        "title": "Spike in anxiety, depression expected as COVID-19 pandemic pushes through winter",
        "total_awards_received": 0,
        "treatment_tags": [],
        "upvote_ratio": 1.0,
        "url": "https://komonews.com/news/coronavirus/spike-in-anxiety-depression-expected-as-covid-19-pandemic-pushes-through-winter",
        "url_overridden_by_dest": "https://komonews.com/news/coronavirus/spike-in-anxiety-depression-expected-as-covid-19-pandemic-pushes-through-winter",
        "whitelist_status": "all_ads",
        "wls": 6
    },
    {
        "all_awardings": [],
        "allow_live_comments": false,
        "author": "10pesjidi",
        "author_flair_css_class": null,
        "author_flair_richtext": [],
        "author_flair_text": null,
        "author_flair_type": "text",
        "author_fullname": "t2_86cn4g7s",
        "author_patreon_flair": false,
        "author_premium": false,
        "awarders": [],
        "can_mod_post": false,
        "contest_mode": false,
        "created_utc": "2020-10-17 15:56:47",
        "domain": "biznews.com",
        "full_link": "https://www.reddit.com/r/Coronavirus/comments/jcxmal/inside_covid19_plan_to_live_with_virus_at_least/",
        "gildings": {},
        "id": "jcxmal",
        "is_crosspostable": true,
        "is_meta": false,
        "is_original_content": false,
        "is_reddit_media_domain": false,
        "is_robot_indexable": true,
        "is_self": false,
        "is_video": false,
        "link_flair_background_color": "#0dd3bb",
        "link_flair_richtext": [],
        "link_flair_template_id": "ca99103a-5e48-11ea-861e-0e14b931d16d",
        "link_flair_text": "World",
        "link_flair_text_color": "dark",
        "link_flair_type": "text",
        "locked": false,
        "media_only": false,
        "no_follow": true,
        "num_comments": 83,
        "num_crossposts": 0,
        "over_18": false,
        "parent_whitelist_status": "all_ads",
        "permalink": "/r/Coronavirus/comments/jcxmal/inside_covid19_plan_to_live_with_virus_at_least/",
        "pinned": false,
        "post_hint": "link",
        "preview": {
            "enabled": false,
            "images": [
                {
                    "id": "ngsOgXFv0rI52r0R7oQq5ney9e48MYMyHbKttH9g14c",
                    "resolutions": [
                        {
                            "height": 71,
                            "url": "https://external-preview.redd.it/oTSC9wUcduklJVZ3DFjRVEKongo1YLYnX71pCo8rkDw.jpg?width=108&amp;crop=smart&amp;auto=webp&amp;s=6f96ebe979f2f29a27769c2b81b4e8b88c078592",
                            "width": 108
                        },
                        {
                            "height": 143,
                            "url": "https://external-preview.redd.it/oTSC9wUcduklJVZ3DFjRVEKongo1YLYnX71pCo8rkDw.jpg?width=216&amp;crop=smart&amp;auto=webp&amp;s=799f197e44c7bc33a6b713fd98fe4d90033a54b8",
                            "width": 216
                        },
                        {
                            "height": 213,
                            "url": "https://external-preview.redd.it/oTSC9wUcduklJVZ3DFjRVEKongo1YLYnX71pCo8rkDw.jpg?width=320&amp;crop=smart&amp;auto=webp&amp;s=591eac6578e1c6f8ed872509962190c78dce63e5",
                            "width": 320
                        },
                        {
                            "height": 426,
                            "url": "https://external-preview.redd.it/oTSC9wUcduklJVZ3DFjRVEKongo1YLYnX71pCo8rkDw.jpg?width=640&amp;crop=smart&amp;auto=webp&amp;s=7d45e4b3fdb4a5529ac4cc38737222a5b467ed5b",
                            "width": 640
                        }
                    ],
                    "source": {
                        "height": 553,
                        "url": "https://external-preview.redd.it/oTSC9wUcduklJVZ3DFjRVEKongo1YLYnX71pCo8rkDw.jpg?auto=webp&amp;s=da31334b8480b5c8579f61f6091b3bb85333c64b",
                        "width": 830
                    },
                    "variants": {}
                }
            ]
        },
        "pwls": 6,
        "retrieved_on": 1602950218,
        "score": 1,
        "selftext": "",
        "send_replies": true,
        "spoiler": false,
        "stickied": false,
        "subreddit": "Coronavirus",
        "subreddit_id": "t5_2x4yx",
        "subreddit_subscribers": 2293755,
        "subreddit_type": "public",
        "suggested_sort": "confidence",
        "thumbnail": "https://a.thumbs.redditmedia.com/P-gZegW3YAQO5p0NxJv5tXrujpNygSCHwOnyhFQh978.jpg",
        "thumbnail_height": 93,
        "thumbnail_width": 140,
        "title": "Inside Covid-19: Plan to live with virus at least until 2023; depression, mental health insights - experts",
        "total_awards_received": 0,
        "treatment_tags": [],
        "upvote_ratio": 1.0,
        "url": "https://www.biznews.com/inside-covid-19/2020/10/12/mental-health-covid-19-experts",
        "url_overridden_by_dest": "https://www.biznews.com/inside-covid-19/2020/10/12/mental-health-covid-19-experts",
        "whitelist_status": "all_ads",
        "wls": 6
    },
    {
        "all_awardings": [],
        "allow_live_comments": false,
        "author": "fvdly_tyler",
        "author_flair_css_class": null,
        "author_flair_richtext": [],
        "author_flair_text": null,
        "author_flair_type": "text",
        "author_fullname": "t2_7czj7t7i",
        "author_patreon_flair": false,
        "author_premium": false,
        "awarders": [],
        "can_mod_post": false,
        "contest_mode": false,
        "created_utc": "2020-10-15 00:42:17",
        "domain": "sbtreatment.com",
        "full_link": "https://www.reddit.com/r/Coronavirus/comments/jbde0t/depression_is_on_a_constant_rise_among_teens_due/",
        "gildings": {},
        "id": "jbde0t",
        "is_crosspostable": true,
        "is_meta": false,
        "is_original_content": false,
        "is_reddit_media_domain": false,
        "is_robot_indexable": true,
        "is_self": false,
        "is_video": false,
        "link_flair_background_color": "#ff8717",
        "link_flair_richtext": [],
        "link_flair_template_id": "e7643a50-5e48-11ea-8e30-0e05eb9dc901",
        "link_flair_text": "USA",
        "link_flair_text_color": "dark",
        "link_flair_type": "text",
        "locked": false,
        "media_only": false,
        "no_follow": true,
        "num_comments": 99,
        "num_crossposts": 0,
        "over_18": false,
        "parent_whitelist_status": "all_ads",
        "permalink": "/r/Coronavirus/comments/jbde0t/depression_is_on_a_constant_rise_among_teens_due/",
        "pinned": false,
        "post_hint": "link",
        "preview": {
            "enabled": false,
            "images": [
                {
                    "id": "MTu6MxOQ0HC5zfNUi9PMDee5qSsOxuxZGXygvSMbx5o",
                    "resolutions": [
                        {
                            "height": 72,
                            "url": "https://external-preview.redd.it/C_7LcZCcVh9WaBNhKp5eev8bYwb59vqc6E1gyLWQLmQ.jpg?width=108&amp;crop=smart&amp;auto=webp&amp;s=3ffadb4f6cbc5610d76e3921067a019d5060a0d7",
                            "width": 108
                        },
                        {
                            "height": 144,
                            "url": "https://external-preview.redd.it/C_7LcZCcVh9WaBNhKp5eev8bYwb59vqc6E1gyLWQLmQ.jpg?width=216&amp;crop=smart&amp;auto=webp&amp;s=ae616506bf15982a3d411e9c79786fb90e2fa41f",
                            "width": 216
                        },
                        {
                            "height": 213,
                            "url": "https://external-preview.redd.it/C_7LcZCcVh9WaBNhKp5eev8bYwb59vqc6E1gyLWQLmQ.jpg?width=320&amp;crop=smart&amp;auto=webp&amp;s=bdcb0778deb3aa40dfa4dba7503a1f99da7c1c4f",
                            "width": 320
                        },
                        {
                            "height": 426,
                            "url": "https://external-preview.redd.it/C_7LcZCcVh9WaBNhKp5eev8bYwb59vqc6E1gyLWQLmQ.jpg?width=640&amp;crop=smart&amp;auto=webp&amp;s=d0a65a8d1988216499e2d04a060f0a45da2c3035",
                            "width": 640
                        },
                        {
                            "height": 640,
                            "url": "https://external-preview.redd.it/C_7LcZCcVh9WaBNhKp5eev8bYwb59vqc6E1gyLWQLmQ.jpg?width=960&amp;crop=smart&amp;auto=webp&amp;s=7946824c1f8cebddfe073e2892a062fa06afbe37",
                            "width": 960
                        },
                        {
                            "height": 720,
                            "url": "https://external-preview.redd.it/C_7LcZCcVh9WaBNhKp5eev8bYwb59vqc6E1gyLWQLmQ.jpg?width=1080&amp;crop=smart&amp;auto=webp&amp;s=477699f59badc2465b6765fe007c36fbc3ffcc57",
                            "width": 1080
                        }
                    ],
                    "source": {
                        "height": 900,
                        "url": "https://external-preview.redd.it/C_7LcZCcVh9WaBNhKp5eev8bYwb59vqc6E1gyLWQLmQ.jpg?auto=webp&amp;s=9730f31460639ca3fedaca11626f28db0941f290",
                        "width": 1350
                    },
                    "variants": {}
                }
            ]
        },
        "pwls": 6,
        "retrieved_on": 1602722547,
        "score": 1,
        "selftext": "",
        "send_replies": true,
        "spoiler": false,
        "stickied": false,
        "subreddit": "Coronavirus",
        "subreddit_id": "t5_2x4yx",
        "subreddit_subscribers": 2292111,
        "subreddit_type": "public",
        "suggested_sort": "confidence",
        "thumbnail": "https://b.thumbs.redditmedia.com/4MR3FO9M3iZDJDZmdCgXqvuVS1xMgRT0MQCst7jM5fE.jpg",
        "thumbnail_height": 93,
        "thumbnail_width": 140,
        "title": "Depression \"is on a constant rise\" among teens due the stress of covid-19",
        "total_awards_received": 0,
        "treatment_tags": [],
        "upvote_ratio": 1.0,
        "url": "https://sbtreatment.com/blog/teen-mental-health-covid-19/",
        "url_overridden_by_dest": "https://sbtreatment.com/blog/teen-mental-health-covid-19/",
        "whitelist_status": "all_ads",
        "wls": 6
    },
    {
        "all_awardings": [],
        "allow_live_comments": false,
        "author": "outrider567",
        "author_flair_css_class": null,
        "author_flair_richtext": [],
        "author_flair_text": null,
        "author_flair_type": "text",
        "author_fullname": "t2_ohdti",
        "author_patreon_flair": false,
        "author_premium": true,
        "awarders": [],
        "can_mod_post": false,
        "contest_mode": false,
        "created_utc": "2020-10-11 23:21:20",
        "domain": "globalnews.ca",
        "full_link": "https://www.reddit.com/r/Coronavirus/comments/j9fsji/canadians_reporting_higher_levels_of_anxiety_and/",
        "gildings": {},
        "id": "j9fsji",
        "is_crosspostable": true,
        "is_meta": false,
        "is_original_content": false,
        "is_reddit_media_domain": false,
        "is_robot_indexable": true,
        "is_self": false,
        "is_video": false,
        "link_flair_background_color": "#ffb000",
        "link_flair_richtext": [],
        "link_flair_template_id": "46bcf7da-60e7-11ea-b448-0e4f5fa4d1dd",
        "link_flair_text": "Canada",
        "link_flair_text_color": "dark",
        "link_flair_type": "text",
        "locked": false,
        "media_only": false,
        "no_follow": true,
        "num_comments": 33,
        "num_crossposts": 0,
        "over_18": false,
        "parent_whitelist_status": "all_ads",
        "permalink": "/r/Coronavirus/comments/j9fsji/canadians_reporting_higher_levels_of_anxiety_and/",
        "pinned": false,
        "post_hint": "link",
        "preview": {
            "enabled": false,
            "images": [
                {
                    "id": "O_jihczVmPQW3FeBlGloOAy7A758-dCMDOCf7ffR8u0",
                    "resolutions": [
                        {
                            "height": 56,
                            "url": "https://external-preview.redd.it/idipHOAWIH_HiDy5cRNBVYuBjvaLbJBckbpJ-VIW3es.jpg?width=108&amp;crop=smart&amp;auto=webp&amp;s=9bc22bc2c3a92f2755f0fc3cbccac054d51106f0",
                            "width": 108
                        },
                        {
                            "height": 113,
                            "url": "https://external-preview.redd.it/idipHOAWIH_HiDy5cRNBVYuBjvaLbJBckbpJ-VIW3es.jpg?width=216&amp;crop=smart&amp;auto=webp&amp;s=ba0198735ce04f6b4aefb5c3ab61722dcc8564a0",
                            "width": 216
                        },
                        {
                            "height": 168,
                            "url": "https://external-preview.redd.it/idipHOAWIH_HiDy5cRNBVYuBjvaLbJBckbpJ-VIW3es.jpg?width=320&amp;crop=smart&amp;auto=webp&amp;s=9609bfd0c4e3da52ae98b1c70e491727022661f9",
                            "width": 320
                        },
                        {
                            "height": 336,
                            "url": "https://external-preview.redd.it/idipHOAWIH_HiDy5cRNBVYuBjvaLbJBckbpJ-VIW3es.jpg?width=640&amp;crop=smart&amp;auto=webp&amp;s=13d2ee814adeeb687d5c17880024cc7292e377d7",
                            "width": 640
                        }
                    ],
                    "source": {
                        "height": 379,
                        "url": "https://external-preview.redd.it/idipHOAWIH_HiDy5cRNBVYuBjvaLbJBckbpJ-VIW3es.jpg?auto=webp&amp;s=76c9b24dbc2f1bfde649a7e1221bc23793aa7d9d",
                        "width": 720
                    },
                    "variants": {}
                }
            ]
        },
        "pwls": 6,
        "retrieved_on": 1602458490,
        "score": 1,
        "selftext": "",
        "send_replies": true,
        "spoiler": false,
        "stickied": false,
        "subreddit": "Coronavirus",
        "subreddit_id": "t5_2x4yx",
        "subreddit_subscribers": 2289742,
        "subreddit_type": "public",
        "suggested_sort": "confidence",
        "thumbnail": "https://a.thumbs.redditmedia.com/Gn9zngz5GqALbJXOiv57pURN8H7qollJEXSIrDJYGS8.jpg",
        "thumbnail_height": 73,
        "thumbnail_width": 140,
        "title": "Canadians reporting higher levels of anxiety and depression amid the pandemic",
        "total_awards_received": 0,
        "treatment_tags": [],
        "upvote_ratio": 1.0,
        "url": "https://globalnews.ca/news/7391217/world-mental-health-day-canada/",
        "url_overridden_by_dest": "https://globalnews.ca/news/7391217/world-mental-health-day-canada/",
        "whitelist_status": "all_ads",
        "wls": 6
    },
    {
        "all_awardings": [],
        "allow_live_comments": false,
        "author": "EtherealBlueNightSky",
        "author_flair_css_class": null,
        "author_flair_richtext": [],
        "author_flair_text": null,
        "author_flair_type": "text",
        "author_fullname": "t2_7sz7bxmq",
        "author_patreon_flair": false,
        "author_premium": false,
        "awarders": [],
        "can_mod_post": false,
        "contest_mode": false,
        "created_utc": "2020-10-09 15:58:18",
        "domain": "youtu.be",
        "full_link": "https://www.reddit.com/r/Coronavirus/comments/j81lhv/heres_a_banger_for_all_the_people_who_are/",
        "gildings": {},
        "id": "j81lhv",
        "is_crosspostable": false,
        "is_meta": false,
        "is_original_content": false,
        "is_reddit_media_domain": false,
        "is_robot_indexable": false,
        "is_self": false,
        "is_video": false,
        "link_flair_background_color": "#dadada",
        "link_flair_richtext": [],
        "link_flair_template_id": "75b62d9a-5e49-11ea-8548-0e8ad1945b69",
        "link_flair_text": "Video/Image",
        "link_flair_text_color": "dark",
        "link_flair_type": "text",
        "locked": false,
        "media": {
            "oembed": {
                "author_name": "LOVEJUMEX",
                "author_url": "https://www.youtube.com/channel/UCraBSzUabipEJ2-5K1YUc7g",
                "height": 338,
                "html": "&lt;iframe width=\"600\" height=\"338\" src=\"https://www.youtube.com/embed/cYOmOEg_nvI?feature=oembed&amp;enablejsapi=1\" frameborder=\"0\" allow=\"accelerometer; autoplay; clipboard-write; encrypted-media; gyroscope; picture-in-picture\" allowfullscreen&gt;&lt;/iframe&gt;",
                "provider_name": "YouTube",
                "provider_url": "https://www.youtube.com/",
                "thumbnail_height": 360,
                "thumbnail_url": "https://i.ytimg.com/vi/cYOmOEg_nvI/hqdefault.jpg",
                "thumbnail_width": 480,
                "title": "JUMEX - TRAPPED (DIR. BY TACO)",
                "type": "video",
                "version": "1.0",
                "width": 600
            },
            "type": "youtube.com"
        },
        "media_embed": {
            "content": "&lt;iframe width=\"600\" height=\"338\" src=\"https://www.youtube.com/embed/cYOmOEg_nvI?feature=oembed&amp;enablejsapi=1\" frameborder=\"0\" allow=\"accelerometer; autoplay; clipboard-write; encrypted-media; gyroscope; picture-in-picture\" allowfullscreen&gt;&lt;/iframe&gt;",
            "height": 338,
            "scrolling": false,
            "width": 600
        },
        "media_only": false,
        "no_follow": true,
        "num_comments": 1,
        "num_crossposts": 0,
        "over_18": false,
        "parent_whitelist_status": "all_ads",
        "permalink": "/r/Coronavirus/comments/j81lhv/heres_a_banger_for_all_the_people_who_are/",
        "pinned": false,
        "post_hint": "rich:video",
        "preview": {
            "enabled": false,
            "images": [
                {
                    "id": "ZIaMijEj2hmrYOD8y5adCN2Qq61h5ZPX1yo-E9XjSI4",
                    "resolutions": [
                        {
                            "height": 81,
                            "url": "https://external-preview.redd.it/8JxpznzSDdl-EdsqpCCr3wt3O9yNDYgGx_pOY-6Sp1w.jpg?width=108&amp;crop=smart&amp;auto=webp&amp;s=aa3be2a9046a0d68dde43ef3191ac9120abc0e4a",
                            "width": 108
                        },
                        {
                            "height": 162,
                            "url": "https://external-preview.redd.it/8JxpznzSDdl-EdsqpCCr3wt3O9yNDYgGx_pOY-6Sp1w.jpg?width=216&amp;crop=smart&amp;auto=webp&amp;s=2dbf3f3dd12e0c81d50a40dcd0a89b017c26028d",
                            "width": 216
                        },
                        {
                            "height": 240,
                            "url": "https://external-preview.redd.it/8JxpznzSDdl-EdsqpCCr3wt3O9yNDYgGx_pOY-6Sp1w.jpg?width=320&amp;crop=smart&amp;auto=webp&amp;s=80ddf554cfa88be3f330fa0a2f293e504b90cb15",
                            "width": 320
                        }
                    ],
                    "source": {
                        "height": 360,
                        "url": "https://external-preview.redd.it/8JxpznzSDdl-EdsqpCCr3wt3O9yNDYgGx_pOY-6Sp1w.jpg?auto=webp&amp;s=938bd29d58c47f7a7699b17aa600dd6e90b90ad7",
                        "width": 480
                    },
                    "variants": {}
                }
            ]
        },
        "pwls": 6,
        "removed_by_category": "automod_filtered",
        "retrieved_on": 1602259109,
        "score": 1,
        "secure_media": {
            "oembed": {
                "author_name": "LOVEJUMEX",
                "author_url": "https://www.youtube.com/channel/UCraBSzUabipEJ2-5K1YUc7g",
                "height": 338,
                "html": "&lt;iframe width=\"600\" height=\"338\" src=\"https://www.youtube.com/embed/cYOmOEg_nvI?feature=oembed&amp;enablejsapi=1\" frameborder=\"0\" allow=\"accelerometer; autoplay; clipboard-write; encrypted-media; gyroscope; picture-in-picture\" allowfullscreen&gt;&lt;/iframe&gt;",
                "provider_name": "YouTube",
                "provider_url": "https://www.youtube.com/",
                "thumbnail_height": 360,
                "thumbnail_url": "https://i.ytimg.com/vi/cYOmOEg_nvI/hqdefault.jpg",
                "thumbnail_width": 480,
                "title": "JUMEX - TRAPPED (DIR. BY TACO)",
                "type": "video",
                "version": "1.0",
                "width": 600
            },
            "type": "youtube.com"
        },
        "secure_media_embed": {
            "content": "&lt;iframe width=\"600\" height=\"338\" src=\"https://www.youtube.com/embed/cYOmOEg_nvI?feature=oembed&amp;enablejsapi=1\" frameborder=\"0\" allow=\"accelerometer; autoplay; clipboard-write; encrypted-media; gyroscope; picture-in-picture\" allowfullscreen&gt;&lt;/iframe&gt;",
            "height": 338,
            "media_domain_url": "https://www.redditmedia.com/mediaembed/j81lhv",
            "scrolling": false,
            "width": 600
        },
        "selftext": "",
        "send_replies": true,
        "spoiler": false,
        "stickied": false,
        "subreddit": "Coronavirus",
        "subreddit_id": "t5_2x4yx",
        "subreddit_subscribers": 2288699,
        "subreddit_type": "public",
        "suggested_sort": "confidence",
        "thumbnail": "https://b.thumbs.redditmedia.com/7ydhBo5Tn5TADaxg9hYB-ftHloBaIo0OFbnR1GcYI0Q.jpg",
        "thumbnail_height": 105,
        "thumbnail_width": 140,
        "title": "Here's a banger for all the people who are depressed im quarantine/lockdown. Just trying to lift some spirits. \ud83d\ude01",
        "total_awards_received": 0,
        "treatment_tags": [],
        "upvote_ratio": 1.0,
        "url": "https://youtu.be/cYOmOEg_nvI",
        "url_overridden_by_dest": "https://youtu.be/cYOmOEg_nvI",
        "whitelist_status": "all_ads",
        "wls": 6
    },
    {
        "all_awardings": [],
        "allow_live_comments": false,
        "author": "shallah",
        "author_flair_css_class": null,
        "author_flair_richtext": [],
        "author_flair_text": null,
        "author_flair_type": "text",
        "author_fullname": "t2_38lau",
        "author_patreon_flair": false,
        "author_premium": false,
        "awarders": [],
        "can_mod_post": false,
        "contest_mode": false,
        "created_utc": "2020-10-14 07:40:48",
        "domain": "necn.com",
        "full_link": "https://www.reddit.com/r/Coronavirus/comments/jaw9vm/fck_it_wont_cut_it_students_take_aim_at_apathy/",
        "gildings": {},
        "id": "jaw9vm",
        "is_crosspostable": true,
        "is_meta": false,
        "is_original_content": false,
        "is_reddit_media_domain": false,
        "is_robot_indexable": true,
        "is_self": false,
        "is_video": false,
        "link_flair_background_color": "#ff8717",
        "link_flair_richtext": [],
        "link_flair_template_id": "e7643a50-5e48-11ea-8e30-0e05eb9dc901",
        "link_flair_text": "USA",
        "link_flair_text_color": "dark",
        "link_flair_type": "text",
        "locked": false,
        "media_only": false,
        "no_follow": false,
        "num_comments": 47,
        "num_crossposts": 0,
        "over_18": false,
        "parent_whitelist_status": "all_ads",
        "permalink": "/r/Coronavirus/comments/jaw9vm/fck_it_wont_cut_it_students_take_aim_at_apathy/",
        "pinned": false,
        "post_hint": "link",
        "preview": {
            "enabled": false,
            "images": [
                {
                    "id": "YtsB0cvedn5IcqS1ndsVPuol05ebViTLxLkvQWWJn7o",
                    "resolutions": [
                        {
                            "height": 60,
                            "url": "https://external-preview.redd.it/7klUqbexxYsquaNRP20paFZjvXv4WDiVvmEjLMSrTc4.jpg?width=108&amp;crop=smart&amp;auto=webp&amp;s=2090c908170c2f29c05c1fa4a961a7a5f60aad24",
                            "width": 108
                        },
                        {
                            "height": 121,
                            "url": "https://external-preview.redd.it/7klUqbexxYsquaNRP20paFZjvXv4WDiVvmEjLMSrTc4.jpg?width=216&amp;crop=smart&amp;auto=webp&amp;s=f93fbfe26f7aa9fe903db7574b56869461ac7dd3",
                            "width": 216
                        },
                        {
                            "height": 180,
                            "url": "https://external-preview.redd.it/7klUqbexxYsquaNRP20paFZjvXv4WDiVvmEjLMSrTc4.jpg?width=320&amp;crop=smart&amp;auto=webp&amp;s=adb321ebda6e1d4419446fa33f5850b7844e44b0",
                            "width": 320
                        },
                        {
                            "height": 360,
                            "url": "https://external-preview.redd.it/7klUqbexxYsquaNRP20paFZjvXv4WDiVvmEjLMSrTc4.jpg?width=640&amp;crop=smart&amp;auto=webp&amp;s=320781af3f46d2bb80a9fb2f299e5df6fbfcd4d7",
                            "width": 640
                        },
                        {
                            "height": 540,
                            "url": "https://external-preview.redd.it/7klUqbexxYsquaNRP20paFZjvXv4WDiVvmEjLMSrTc4.jpg?width=960&amp;crop=smart&amp;auto=webp&amp;s=4753e8fc393fe57b7e26e9ddecb3bd81ff49d5fc",
                            "width": 960
                        },
                        {
                            "height": 607,
                            "url": "https://external-preview.redd.it/7klUqbexxYsquaNRP20paFZjvXv4WDiVvmEjLMSrTc4.jpg?width=1080&amp;crop=smart&amp;auto=webp&amp;s=c68e928e155b01481d1d24e0d3519f3596929dbd",
                            "width": 1080
                        }
                    ],
                    "source": {
                        "height": 675,
                        "url": "https://external-preview.redd.it/7klUqbexxYsquaNRP20paFZjvXv4WDiVvmEjLMSrTc4.jpg?auto=webp&amp;s=aebab4d891d6f258cd43f2d5073d994522421cf7",
                        "width": 1200
                    },
                    "variants": {}
                }
            ]
        },
        "pwls": 6,
        "retrieved_on": 1602661258,
        "score": 1,
        "selftext": "",
        "send_replies": false,
        "spoiler": false,
        "stickied": false,
        "subreddit": "Coronavirus",
        "subreddit_id": "t5_2x4yx",
        "subreddit_subscribers": 2291292,
        "subreddit_type": "public",
        "suggested_sort": "confidence",
        "thumbnail": "https://b.thumbs.redditmedia.com/iFSQNqMVMqYwYmcO68aYluf-DhvSJ5J_RM61_IgNBsw.jpg",
        "thumbnail_height": 78,
        "thumbnail_width": 140,
        "title": "\u2018F*ck It Won\u2019t Cut It\u2019: Students Take Aim at Apathy Over COVID-19",
        "total_awards_received": 0,
        "treatment_tags": [],
        "upvote_ratio": 1.0,
        "url": "https://www.necn.com/news/coronavirus/fck-it-wont-cut-it-students-take-aim-at-apathy-over-covid-19/2335074/",
        "url_overridden_by_dest": "https://www.necn.com/news/coronavirus/fck-it-wont-cut-it-students-take-aim-at-apathy-over-covid-19/2335074/",
        "whitelist_status": "all_ads",
        "wls": 6
    },
    {
        "all_awardings": [],
        "allow_live_comments": false,
        "author": "wewewawa",
        "author_flair_css_class": null,
        "author_flair_richtext": [],
        "author_flair_text": null,
        "author_flair_type": "text",
        "author_fullname": "t2_3a4wg",
        "author_patreon_flair": false,
        "author_premium": false,
        "awarders": [],
        "can_mod_post": false,
        "contest_mode": false,
        "created_utc": "2020-10-20 14:34:46",
        "domain": "businessinsider.com",
        "full_link": "https://www.reddit.com/r/Coronavirus/comments/jeqozk/home_depot_and_lowes_benefit_as_bored_shoppers/",
        "gildings": {},
        "id": "jeqozk",
        "is_crosspostable": false,
        "is_meta": false,
        "is_original_content": false,
        "is_reddit_media_domain": false,
        "is_robot_indexable": false,
        "is_self": false,
        "is_video": false,
        "link_flair_background_color": "#ea0027",
        "link_flair_css_class": "rm infoquality",
        "link_flair_richtext": [],
        "link_flair_template_id": "2ac9e9e2-67cd-11ea-b6ae-0e214693e803",
        "link_flair_text": "Removed - Rule 5: Keep information quality high",
        "link_flair_text_color": "dark",
        "link_flair_type": "text",
        "locked": false,
        "media_only": false,
        "no_follow": true,
        "num_comments": 2,
        "num_crossposts": 0,
        "over_18": false,
        "parent_whitelist_status": "all_ads",
        "permalink": "/r/Coronavirus/comments/jeqozk/home_depot_and_lowes_benefit_as_bored_shoppers/",
        "pinned": false,
        "post_hint": "link",
        "preview": {
            "enabled": false,
            "images": [
                {
                    "id": "bcu9rPtWK6IjrZ-BvJxwfpJyq3YlQQyGdK0s2JCZzs8",
                    "resolutions": [
                        {
                            "height": 54,
                            "url": "https://external-preview.redd.it/QEqEIPbtP7W8MbyIsABWyDXlMyTOJ686E_mw-msZ7xg.jpg?width=108&amp;crop=smart&amp;auto=webp&amp;s=5db8b49f4feff82c793e3b215e2f678bf49f132a",
                            "width": 108
                        },
                        {
                            "height": 108,
                            "url": "https://external-preview.redd.it/QEqEIPbtP7W8MbyIsABWyDXlMyTOJ686E_mw-msZ7xg.jpg?width=216&amp;crop=smart&amp;auto=webp&amp;s=b9912385fb82cd576f0e5050a538807fe7ab29cc",
                            "width": 216
                        },
                        {
                            "height": 160,
                            "url": "https://external-preview.redd.it/QEqEIPbtP7W8MbyIsABWyDXlMyTOJ686E_mw-msZ7xg.jpg?width=320&amp;crop=smart&amp;auto=webp&amp;s=d9a6aae2bfb9026c840abbe1911d9cf5cda56ee9",
                            "width": 320
                        },
                        {
                            "height": 320,
                            "url": "https://external-preview.redd.it/QEqEIPbtP7W8MbyIsABWyDXlMyTOJ686E_mw-msZ7xg.jpg?width=640&amp;crop=smart&amp;auto=webp&amp;s=e3f8ac2cdcd2825aba0748368d68b1cd57ff0452",
                            "width": 640
                        },
                        {
                            "height": 480,
                            "url": "https://external-preview.redd.it/QEqEIPbtP7W8MbyIsABWyDXlMyTOJ686E_mw-msZ7xg.jpg?width=960&amp;crop=smart&amp;auto=webp&amp;s=cff7b455991846965ffd0e6e1cffebac7b887365",
                            "width": 960
                        }
                    ],
                    "source": {
                        "height": 512,
                        "url": "https://external-preview.redd.it/QEqEIPbtP7W8MbyIsABWyDXlMyTOJ686E_mw-msZ7xg.jpg?auto=webp&amp;s=47fb6b43cf92d5e6bc1e867f462e8a5ef94c5787",
                        "width": 1024
                    },
                    "variants": {}
                }
            ]
        },
        "pwls": 6,
        "removed_by_category": "moderator",
        "retrieved_on": 1603204499,
        "score": 1,
        "selftext": "",
        "send_replies": true,
        "spoiler": false,
        "stickied": false,
        "subreddit": "Coronavirus",
        "subreddit_id": "t5_2x4yx",
        "subreddit_subscribers": 2295760,
        "subreddit_type": "public",
        "suggested_sort": "confidence",
        "thumbnail": "https://b.thumbs.redditmedia.com/ybLrmIeQs8OlDaobyEtjGXD8A034tMInlLQqXbacnIQ.jpg",
        "thumbnail_height": 70,
        "thumbnail_width": 140,
        "title": "Home Depot and Lowe's benefit as bored shoppers hammer away at home",
        "total_awards_received": 0,
        "treatment_tags": [],
        "upvote_ratio": 1.0,
        "url": "https://www.businessinsider.com/home-depot-and-lowes-benefit-bored-shoppers-hammer-away-home-2020-8",
        "url_overridden_by_dest": "https://www.businessinsider.com/home-depot-and-lowes-benefit-bored-shoppers-hammer-away-home-2020-8",
        "whitelist_status": "all_ads",
        "wls": 6
    }
]