[
    {
        "all_awardings": [],
        "allow_live_comments": false,
        "author": "61539",
        "author_flair_css_class": null,
        "author_flair_richtext": [],
        "author_flair_text": null,
        "author_flair_type": "text",
        "author_fullname": "t2_5m2xsdt0",
        "author_patreon_flair": false,
        "author_premium": false,
        "awarders": [],
        "can_mod_post": false,
        "contest_mode": false,
        "created_utc": "2020-10-07 18:21:29",
        "domain": "apnews.com",
        "full_link": "https://www.reddit.com/r/Coronavirus/comments/j6w8lv/lilly_seeks_emergency_use_of_its_antibody_drug/",
        "gildings": {},
        "id": "j6w8lv",
        "is_crosspostable": true,
        "is_meta": false,
        "is_original_content": false,
        "is_reddit_media_domain": false,
        "is_robot_indexable": true,
        "is_self": false,
        "is_video": false,
        "link_flair_background_color": "",
        "link_flair_richtext": [],
        "link_flair_text_color": "dark",
        "link_flair_type": "text",
        "locked": false,
        "media_only": false,
        "no_follow": true,
        "num_comments": 1,
        "num_crossposts": 0,
        "over_18": false,
        "parent_whitelist_status": "all_ads",
        "permalink": "/r/Coronavirus/comments/j6w8lv/lilly_seeks_emergency_use_of_its_antibody_drug/",
        "pinned": false,
        "pwls": 6,
        "retrieved_on": 1602094901,
        "score": 1,
        "selftext": "",
        "send_replies": false,
        "spoiler": false,
        "stickied": false,
        "subreddit": "Coronavirus",
        "subreddit_id": "t5_2x4yx",
        "subreddit_subscribers": 2287626,
        "subreddit_type": "public",
        "suggested_sort": "confidence",
        "thumbnail": "default",
        "title": "Lilly seeks emergency use of its antibody drug for COVID-19",
        "total_awards_received": 0,
        "treatment_tags": [],
        "upvote_ratio": 1.0,
        "url": "https://apnews.com/article/virus-outbreak-donald-trump-archive-a34dd7a1c662168ae3a44824d11b9917",
        "url_overridden_by_dest": "https://apnews.com/article/virus-outbreak-donald-trump-archive-a34dd7a1c662168ae3a44824d11b9917",
        "whitelist_status": "all_ads",
        "wls": 6
    },
    {
        "all_awardings": [],
        "allow_live_comments": false,
        "author": "[deleted]",
        "author_flair_background_color": "",
        "author_flair_css_class": null,
        "author_flair_text": null,
        "author_flair_text_color": "dark",
        "awarders": [],
        "can_mod_post": false,
        "contest_mode": false,
        "created_utc": "2020-10-01 23:49:40",
        "domain": "medium.com",
        "full_link": "https://www.reddit.com/r/Coronavirus/comments/j3k312/new_drug_favicovir_against_coronaryavirus_what/",
        "gildings": {},
        "id": "j3k312",
        "is_crosspostable": false,
        "is_meta": false,
        "is_original_content": false,
        "is_reddit_media_domain": false,
        "is_robot_indexable": false,
        "is_self": false,
        "is_video": false,
        "link_flair_background_color": "#ea0027",
        "link_flair_css_class": "rm infoquality",
        "link_flair_richtext": [],
        "link_flair_template_id": "2ac9e9e2-67cd-11ea-b6ae-0e214693e803",
        "link_flair_text": "Removed - Rule 5: Keep information quality high",
        "link_flair_text_color": "dark",
        "link_flair_type": "text",
        "locked": false,
        "media_only": false,
        "no_follow": true,
        "num_comments": 2,
        "num_crossposts": 0,
        "over_18": false,
        "parent_whitelist_status": "all_ads",
        "permalink": "/r/Coronavirus/comments/j3k312/new_drug_favicovir_against_coronaryavirus_what/",
        "pinned": false,
        "pwls": 6,
        "removed_by_category": "deleted",
        "retrieved_on": 1601597353,
        "score": 1,
        "selftext": "[deleted]",
        "send_replies": true,
        "spoiler": false,
        "stickied": false,
        "subreddit": "Coronavirus",
        "subreddit_id": "t5_2x4yx",
        "subreddit_subscribers": 2283390,
        "subreddit_type": "public",
        "suggested_sort": "confidence",
        "thumbnail": "default",
        "thumbnail_height": 99,
        "thumbnail_width": 140,
        "title": "New drug FAVICOVIR against coronaryavirus. What are the side effects of Favicovir, its use during pregnancy. It shortens the duration of treatment for Covid19 disease.",
        "total_awards_received": 0,
        "treatment_tags": [],
        "upvote_ratio": 1.0,
        "url": "https://medium.com/@ortaa/new-drug-favicovir-for-coronavirus-covid-19-7615bb9a1573",
        "url_overridden_by_dest": "https://medium.com/@ortaa/new-drug-favicovir-for-coronavirus-covid-19-7615bb9a1573",
        "whitelist_status": "all_ads",
        "wls": 6
    }
]