[
    {
        "all_awardings": [],
        "allow_live_comments": false,
        "author": "Hundsheimer_Berge",
        "author_flair_css_class": null,
        "author_flair_richtext": [],
        "author_flair_text": null,
        "author_flair_type": "text",
        "author_fullname": "t2_7hyrgbyq",
        "author_patreon_flair": false,
        "author_premium": false,
        "awarders": [],
        "can_mod_post": false,
        "contest_mode": false,
        "created_utc": "2020-10-26 12:04:07",
        "domain": "baylorlariat.com",
        "full_link": "https://www.reddit.com/r/Coronavirus/comments/jidad0/recognize_how_covid19_suicide_rates_connect/",
        "gildings": {},
        "id": "jidad0",
        "is_crosspostable": false,
        "is_meta": false,
        "is_original_content": false,
        "is_reddit_media_domain": false,
        "is_robot_indexable": false,
        "is_self": false,
        "is_video": false,
        "link_flair_background_color": "#ff8717",
        "link_flair_richtext": [],
        "link_flair_template_id": "e7643a50-5e48-11ea-8e30-0e05eb9dc901",
        "link_flair_text": "USA",
        "link_flair_text_color": "dark",
        "link_flair_type": "text",
        "locked": false,
        "media_only": false,
        "no_follow": true,
        "num_comments": 0,
        "num_crossposts": 0,
        "over_18": false,
        "parent_whitelist_status": "all_ads",
        "permalink": "/r/Coronavirus/comments/jidad0/recognize_how_covid19_suicide_rates_connect/",
        "pinned": false,
        "pwls": 6,
        "removed_by_category": "moderator",
        "retrieved_on": 1603713857,
        "score": 1,
        "selftext": "",
        "send_replies": true,
        "spoiler": false,
        "stickied": false,
        "subreddit": "Coronavirus",
        "subreddit_id": "t5_2x4yx",
        "subreddit_subscribers": 2299687,
        "subreddit_type": "public",
        "suggested_sort": "confidence",
        "thumbnail": "default",
        "title": "Recognize how COVID-19, suicide rates connect",
        "total_awards_received": 0,
        "treatment_tags": [],
        "upvote_ratio": 1.0,
        "url": "https://baylorlariat.com/2020/10/13/recognize-how-covid-19-suicide-rates-connect/",
        "url_overridden_by_dest": "https://baylorlariat.com/2020/10/13/recognize-how-covid-19-suicide-rates-connect/",
        "whitelist_status": "all_ads",
        "wls": 6
    },
    {
        "all_awardings": [],
        "allow_live_comments": false,
        "author": "Hundsheimer_Berge",
        "author_flair_css_class": null,
        "author_flair_richtext": [],
        "author_flair_text": null,
        "author_flair_type": "text",
        "author_fullname": "t2_7hyrgbyq",
        "author_patreon_flair": false,
        "author_premium": false,
        "awarders": [],
        "can_mod_post": false,
        "contest_mode": false,
        "created_utc": "2020-10-26 12:02:23",
        "domain": "theguardian.com",
        "full_link": "https://www.reddit.com/r/Coronavirus/comments/jid9ig/drastic_rise_in_malawis_suicide_rate_linked_to/",
        "gildings": {},
        "id": "jid9ig",
        "is_crosspostable": false,
        "is_meta": false,
        "is_original_content": false,
        "is_reddit_media_domain": false,
        "is_robot_indexable": false,
        "is_self": false,
        "is_video": false,
        "link_flair_background_color": "#ff8717",
        "link_flair_richtext": [],
        "link_flair_template_id": "e7643a50-5e48-11ea-8e30-0e05eb9dc901",
        "link_flair_text": "USA",
        "link_flair_text_color": "dark",
        "link_flair_type": "text",
        "locked": false,
        "media_only": false,
        "no_follow": true,
        "num_comments": 0,
        "num_crossposts": 0,
        "over_18": false,
        "parent_whitelist_status": "all_ads",
        "permalink": "/r/Coronavirus/comments/jid9ig/drastic_rise_in_malawis_suicide_rate_linked_to/",
        "pinned": false,
        "post_hint": "link",
        "preview": {
            "enabled": false,
            "images": [
                {
                    "id": "y0H-llwx0JTuFuleKecydCF_LWhPA0lYtmqqUAVYG-M",
                    "resolutions": [
                        {
                            "height": 56,
                            "url": "https://external-preview.redd.it/g6xnpTBGqTCoS64wwbEpGN0tyk9xOYzqdtlehQcOXYg.jpg?width=108&amp;crop=smart&amp;auto=webp&amp;s=9518e71c31763c8caa9889880a85e3e1b570a0c8",
                            "width": 108
                        },
                        {
                            "height": 113,
                            "url": "https://external-preview.redd.it/g6xnpTBGqTCoS64wwbEpGN0tyk9xOYzqdtlehQcOXYg.jpg?width=216&amp;crop=smart&amp;auto=webp&amp;s=3e5f459327e475bf5a303f7998eb6495d6c9ffde",
                            "width": 216
                        },
                        {
                            "height": 168,
                            "url": "https://external-preview.redd.it/g6xnpTBGqTCoS64wwbEpGN0tyk9xOYzqdtlehQcOXYg.jpg?width=320&amp;crop=smart&amp;auto=webp&amp;s=be7b36a9e2e10e35ee4c1b42307e7b1479f044ad",
                            "width": 320
                        },
                        {
                            "height": 336,
                            "url": "https://external-preview.redd.it/g6xnpTBGqTCoS64wwbEpGN0tyk9xOYzqdtlehQcOXYg.jpg?width=640&amp;crop=smart&amp;auto=webp&amp;s=fcb9d9bbf6d8d068dbc6f49af8e8cb1ece8ebbb1",
                            "width": 640
                        },
                        {
                            "height": 504,
                            "url": "https://external-preview.redd.it/g6xnpTBGqTCoS64wwbEpGN0tyk9xOYzqdtlehQcOXYg.jpg?width=960&amp;crop=smart&amp;auto=webp&amp;s=1333d56654081c982a1433ebe73e5bcd22b65c1c",
                            "width": 960
                        },
                        {
                            "height": 567,
                            "url": "https://external-preview.redd.it/g6xnpTBGqTCoS64wwbEpGN0tyk9xOYzqdtlehQcOXYg.jpg?width=1080&amp;crop=smart&amp;auto=webp&amp;s=a56a4f6ab59705ece09e457726b323134ee6c1e5",
                            "width": 1080
                        }
                    ],
                    "source": {
                        "height": 630,
                        "url": "https://external-preview.redd.it/g6xnpTBGqTCoS64wwbEpGN0tyk9xOYzqdtlehQcOXYg.jpg?auto=webp&amp;s=403149052d51df4c16caf6dc7862f04bfa7da8d1",
                        "width": 1200
                    },
                    "variants": {}
                }
            ]
        },
        "pwls": 6,
        "removed_by_category": "moderator",
        "retrieved_on": 1603713753,
        "score": 1,
        "selftext": "",
        "send_replies": true,
        "spoiler": false,
        "stickied": false,
        "subreddit": "Coronavirus",
        "subreddit_id": "t5_2x4yx",
        "subreddit_subscribers": 2299685,
        "subreddit_type": "public",
        "suggested_sort": "confidence",
        "thumbnail": "https://b.thumbs.redditmedia.com/aPveSpfrjaCjpiYQExpTlI4FA72jti6UHFswaBJobFc.jpg",
        "thumbnail_height": 73,
        "thumbnail_width": 140,
        "title": "'Drastic rise' in Malawi's suicide rate linked to Covid economic downturn | Global development",
        "total_awards_received": 0,
        "treatment_tags": [],
        "upvote_ratio": 1.0,
        "url": "https://www.theguardian.com/global-development/2020/oct/12/drastic-rise-in-malawis-suicide-rate-linked-to-covid-economic-downturn",
        "url_overridden_by_dest": "https://www.theguardian.com/global-development/2020/oct/12/drastic-rise-in-malawis-suicide-rate-linked-to-covid-economic-downturn",
        "whitelist_status": "all_ads",
        "wls": 6
    },
    {
        "all_awardings": [],
        "allow_live_comments": false,
        "author": "Hundsheimer_Berge",
        "author_flair_css_class": null,
        "author_flair_richtext": [],
        "author_flair_text": null,
        "author_flair_type": "text",
        "author_fullname": "t2_7hyrgbyq",
        "author_patreon_flair": false,
        "author_premium": false,
        "awarders": [],
        "can_mod_post": false,
        "contest_mode": false,
        "created_utc": "2020-10-26 12:01:46",
        "domain": "dw.com",
        "full_link": "https://www.reddit.com/r/Coronavirus/comments/jid97a/coronavirus_pandemic_fuels_sharp_increase_in/",
        "gildings": {},
        "id": "jid97a",
        "is_crosspostable": false,
        "is_meta": false,
        "is_original_content": false,
        "is_reddit_media_domain": false,
        "is_robot_indexable": false,
        "is_self": false,
        "is_video": false,
        "link_flair_background_color": "#ff8717",
        "link_flair_richtext": [],
        "link_flair_template_id": "e7643a50-5e48-11ea-8e30-0e05eb9dc901",
        "link_flair_text": "USA",
        "link_flair_text_color": "dark",
        "link_flair_type": "text",
        "locked": false,
        "media_only": false,
        "no_follow": true,
        "num_comments": 0,
        "num_crossposts": 0,
        "over_18": false,
        "parent_whitelist_status": "all_ads",
        "permalink": "/r/Coronavirus/comments/jid97a/coronavirus_pandemic_fuels_sharp_increase_in/",
        "pinned": false,
        "post_hint": "link",
        "preview": {
            "enabled": false,
            "images": [
                {
                    "id": "HeZWkFPyJUqYGiBc6ccrERYCwG9cmSdUGi1qCj38KfQ",
                    "resolutions": [
                        {
                            "height": 60,
                            "url": "https://external-preview.redd.it/9NmUCcuShE0KcxVpJIxEUYY2Hce3gCXiQTnFcepl6EA.jpg?width=108&amp;crop=smart&amp;auto=webp&amp;s=4878c9ed9c2190fdf299f852cea4c5e13a2df3a6",
                            "width": 108
                        },
                        {
                            "height": 121,
                            "url": "https://external-preview.redd.it/9NmUCcuShE0KcxVpJIxEUYY2Hce3gCXiQTnFcepl6EA.jpg?width=216&amp;crop=smart&amp;auto=webp&amp;s=8ff9facb7a9c70c5ce365edeaa995bcf1f5b6428",
                            "width": 216
                        },
                        {
                            "height": 180,
                            "url": "https://external-preview.redd.it/9NmUCcuShE0KcxVpJIxEUYY2Hce3gCXiQTnFcepl6EA.jpg?width=320&amp;crop=smart&amp;auto=webp&amp;s=e5fe6d2c52e92e336849f463ee322530925ede56",
                            "width": 320
                        },
                        {
                            "height": 360,
                            "url": "https://external-preview.redd.it/9NmUCcuShE0KcxVpJIxEUYY2Hce3gCXiQTnFcepl6EA.jpg?width=640&amp;crop=smart&amp;auto=webp&amp;s=09c10568e61e86923817309540c5edfd0956b9c2",
                            "width": 640
                        }
                    ],
                    "source": {
                        "height": 529,
                        "url": "https://external-preview.redd.it/9NmUCcuShE0KcxVpJIxEUYY2Hce3gCXiQTnFcepl6EA.jpg?auto=webp&amp;s=3c8f3433954615d946cc84a04ed4ae55db6b0c27",
                        "width": 940
                    },
                    "variants": {}
                }
            ]
        },
        "pwls": 6,
        "removed_by_category": "moderator",
        "retrieved_on": 1603713716,
        "score": 1,
        "selftext": "",
        "send_replies": true,
        "spoiler": false,
        "stickied": false,
        "subreddit": "Coronavirus",
        "subreddit_id": "t5_2x4yx",
        "subreddit_subscribers": 2299684,
        "subreddit_type": "public",
        "suggested_sort": "confidence",
        "thumbnail": "https://a.thumbs.redditmedia.com/A0h1WLgmsoVdBO5jQUlj5oRjZx0Ybmaz_zNCTjZ67D8.jpg",
        "thumbnail_height": 78,
        "thumbnail_width": 140,
        "title": "Coronavirus pandemic fuels sharp increase in Japanese suicide rate",
        "total_awards_received": 0,
        "treatment_tags": [],
        "upvote_ratio": 1.0,
        "url": "https://www.dw.com/en/suicide-japan/a-55250637",
        "url_overridden_by_dest": "https://www.dw.com/en/suicide-japan/a-55250637",
        "whitelist_status": "all_ads",
        "wls": 6
    },
    {
        "all_awardings": [],
        "allow_live_comments": false,
        "author": "pietroka",
        "author_flair_css_class": null,
        "author_flair_richtext": [],
        "author_flair_text": null,
        "author_flair_type": "text",
        "author_fullname": "t2_jwz3vnf",
        "author_patreon_flair": false,
        "author_premium": false,
        "awarders": [],
        "can_mod_post": false,
        "contest_mode": false,
        "created_utc": "2020-10-21 17:48:43",
        "domain": "keeptalkinggreece.com",
        "full_link": "https://www.reddit.com/r/Coronavirus/comments/jfhsfe/owner_of_nursing_home_in_greece_commited_suicide/",
        "gildings": {},
        "id": "jfhsfe",
        "is_crosspostable": false,
        "is_meta": false,
        "is_original_content": false,
        "is_reddit_media_domain": false,
        "is_robot_indexable": false,
        "is_self": false,
        "is_video": false,
        "link_flair_background_color": "#94e044",
        "link_flair_richtext": [],
        "link_flair_template_id": "fd072d2c-5e48-11ea-8569-0eaa0007e55b",
        "link_flair_text": "Europe",
        "link_flair_text_color": "dark",
        "link_flair_type": "text",
        "locked": false,
        "media_only": false,
        "no_follow": true,
        "num_comments": 0,
        "num_crossposts": 0,
        "over_18": false,
        "parent_whitelist_status": "all_ads",
        "permalink": "/r/Coronavirus/comments/jfhsfe/owner_of_nursing_home_in_greece_commited_suicide/",
        "pinned": false,
        "post_hint": "link",
        "preview": {
            "enabled": false,
            "images": [
                {
                    "id": "kHYLwUdfzwjE8EaEzavuu3F9ZglcGV661q8nYpCOgys",
                    "resolutions": [
                        {
                            "height": 54,
                            "url": "https://external-preview.redd.it/esfL2LM0aPxYiparGWfZausGLlz45KaFO3fcqDMUlk4.jpg?width=108&amp;crop=smart&amp;auto=webp&amp;s=b955a255ae3cc496ddd20a9331b22bc40e201be1",
                            "width": 108
                        },
                        {
                            "height": 108,
                            "url": "https://external-preview.redd.it/esfL2LM0aPxYiparGWfZausGLlz45KaFO3fcqDMUlk4.jpg?width=216&amp;crop=smart&amp;auto=webp&amp;s=e423b69722921db6562973813c543e7b63ccbc2c",
                            "width": 216
                        },
                        {
                            "height": 160,
                            "url": "https://external-preview.redd.it/esfL2LM0aPxYiparGWfZausGLlz45KaFO3fcqDMUlk4.jpg?width=320&amp;crop=smart&amp;auto=webp&amp;s=5238a29c3f1e2b0a035798aa5b17f5714b707b30",
                            "width": 320
                        },
                        {
                            "height": 320,
                            "url": "https://external-preview.redd.it/esfL2LM0aPxYiparGWfZausGLlz45KaFO3fcqDMUlk4.jpg?width=640&amp;crop=smart&amp;auto=webp&amp;s=018df7f7bd960a8daeabca7244f6efdee4e49b76",
                            "width": 640
                        }
                    ],
                    "source": {
                        "height": 330,
                        "url": "https://external-preview.redd.it/esfL2LM0aPxYiparGWfZausGLlz45KaFO3fcqDMUlk4.jpg?auto=webp&amp;s=83e989bdf596b460aabd1dd55070f1a50463b676",
                        "width": 660
                    },
                    "variants": {}
                }
            ]
        },
        "pwls": 6,
        "removed_by_category": "moderator",
        "retrieved_on": 1603302535,
        "score": 1,
        "selftext": "",
        "send_replies": true,
        "spoiler": false,
        "stickied": false,
        "subreddit": "Coronavirus",
        "subreddit_id": "t5_2x4yx",
        "subreddit_subscribers": 2296579,
        "subreddit_type": "public",
        "suggested_sort": "confidence",
        "thumbnail": "https://b.thumbs.redditmedia.com/u2LA3J2rvBMbTIWoDUHMkDjXsHECJZ5LWiEA7fRdGDg.jpg",
        "thumbnail_height": 70,
        "thumbnail_width": 140,
        "title": "Owner of nursing home in Greece commited suicide after finding out about 3 positive asymptomatic covid-19 cases.",
        "total_awards_received": 0,
        "treatment_tags": [],
        "upvote_ratio": 1.0,
        "url": "https://www.keeptalkinggreece.com/2020/10/21/owner-nursing-home-suicide-greece/",
        "url_overridden_by_dest": "https://www.keeptalkinggreece.com/2020/10/21/owner-nursing-home-suicide-greece/",
        "whitelist_status": "all_ads",
        "wls": 6
    },
    {
        "all_awardings": [],
        "allow_live_comments": false,
        "author": "EyeWikeWocketz",
        "author_flair_css_class": null,
        "author_flair_richtext": [],
        "author_flair_text": null,
        "author_flair_type": "text",
        "author_fullname": "t2_15vbkl8d",
        "author_patreon_flair": false,
        "author_premium": false,
        "awarders": [],
        "can_mod_post": false,
        "contest_mode": false,
        "created_utc": "2020-10-21 16:47:30",
        "domain": "independent.co.uk",
        "full_link": "https://www.reddit.com/r/Coronavirus/comments/jfgkdh/suicide_rate_rises_among_schoolchildren_and_women/",
        "gildings": {},
        "id": "jfgkdh",
        "is_crosspostable": false,
        "is_meta": false,
        "is_original_content": false,
        "is_reddit_media_domain": false,
        "is_robot_indexable": false,
        "is_self": false,
        "is_video": false,
        "link_flair_background_color": "#ffd635",
        "link_flair_richtext": [],
        "link_flair_template_id": "12e8c484-5e49-11ea-a26b-0ec959fc5f41",
        "link_flair_text": "Central &amp; East Asia",
        "link_flair_text_color": "dark",
        "link_flair_type": "text",
        "locked": false,
        "media_only": false,
        "no_follow": true,
        "num_comments": 0,
        "num_crossposts": 0,
        "over_18": false,
        "parent_whitelist_status": "all_ads",
        "permalink": "/r/Coronavirus/comments/jfgkdh/suicide_rate_rises_among_schoolchildren_and_women/",
        "pinned": false,
        "post_hint": "link",
        "preview": {
            "enabled": false,
            "images": [
                {
                    "id": "lnxqLDdnUyhShc571pisoCBDy-id_jZcysTrpz6UqCM",
                    "resolutions": [
                        {
                            "height": 81,
                            "url": "https://external-preview.redd.it/q0Nq8ygWR3jRvmrhKD-VkMbAZd1-2-UrJlMM4H4FuRg.jpg?width=108&amp;crop=smart&amp;auto=webp&amp;s=8167f95ad5cf1d1bb11917e3a7de18f9aab6cd8e",
                            "width": 108
                        },
                        {
                            "height": 162,
                            "url": "https://external-preview.redd.it/q0Nq8ygWR3jRvmrhKD-VkMbAZd1-2-UrJlMM4H4FuRg.jpg?width=216&amp;crop=smart&amp;auto=webp&amp;s=99de4504abbfdb5a7d1791f8cfb6cdf2863028be",
                            "width": 216
                        },
                        {
                            "height": 240,
                            "url": "https://external-preview.redd.it/q0Nq8ygWR3jRvmrhKD-VkMbAZd1-2-UrJlMM4H4FuRg.jpg?width=320&amp;crop=smart&amp;auto=webp&amp;s=9d44fb33a6ccde7209dd6820ff4cfbb463aa9ed6",
                            "width": 320
                        },
                        {
                            "height": 480,
                            "url": "https://external-preview.redd.it/q0Nq8ygWR3jRvmrhKD-VkMbAZd1-2-UrJlMM4H4FuRg.jpg?width=640&amp;crop=smart&amp;auto=webp&amp;s=69cbf9101204a4a1d5b2f24e32740ea8082658a4",
                            "width": 640
                        },
                        {
                            "height": 720,
                            "url": "https://external-preview.redd.it/q0Nq8ygWR3jRvmrhKD-VkMbAZd1-2-UrJlMM4H4FuRg.jpg?width=960&amp;crop=smart&amp;auto=webp&amp;s=714f3932d731a0d218ed961e4e9ee1cace8841a6",
                            "width": 960
                        },
                        {
                            "height": 810,
                            "url": "https://external-preview.redd.it/q0Nq8ygWR3jRvmrhKD-VkMbAZd1-2-UrJlMM4H4FuRg.jpg?width=1080&amp;crop=smart&amp;auto=webp&amp;s=1249122cb68e51c490aa4152d3bbcb5a7fb85255",
                            "width": 1080
                        }
                    ],
                    "source": {
                        "height": 1536,
                        "url": "https://external-preview.redd.it/q0Nq8ygWR3jRvmrhKD-VkMbAZd1-2-UrJlMM4H4FuRg.jpg?auto=webp&amp;s=c8a243706f3f0d98ea9d804c64b6f5872a7f265b",
                        "width": 2048
                    },
                    "variants": {}
                }
            ]
        },
        "pwls": 6,
        "removed_by_category": "moderator",
        "retrieved_on": 1603298861,
        "score": 1,
        "selftext": "",
        "send_replies": true,
        "spoiler": false,
        "stickied": false,
        "subreddit": "Coronavirus",
        "subreddit_id": "t5_2x4yx",
        "subreddit_subscribers": 2296581,
        "subreddit_type": "public",
        "suggested_sort": "confidence",
        "thumbnail": "https://b.thumbs.redditmedia.com/0c5JxsR9oV3lbPBo1PGgf-yMfyGeHh7PtVXn4YlNX7o.jpg",
        "thumbnail_height": 105,
        "thumbnail_width": 140,
        "title": "Suicide rate rises among schoolchildren and women during coronavirus in Japan",
        "total_awards_received": 0,
        "treatment_tags": [],
        "upvote_ratio": 1.0,
        "url": "https://www.independent.co.uk/news/world/asia/suicide-japan-women-children-rise-mental-health-domestic-violence-coronavirus-b910385.html",
        "url_overridden_by_dest": "https://www.independent.co.uk/news/world/asia/suicide-japan-women-children-rise-mental-health-domestic-violence-coronavirus-b910385.html",
        "whitelist_status": "all_ads",
        "wls": 6
    },
    {
        "all_awardings": [],
        "allow_live_comments": false,
        "author": "D-R-AZ",
        "author_flair_css_class": null,
        "author_flair_richtext": [],
        "author_flair_text": null,
        "author_flair_type": "text",
        "author_fullname": "t2_67vr4xq3",
        "author_patreon_flair": false,
        "author_premium": false,
        "awarders": [],
        "can_mod_post": false,
        "contest_mode": false,
        "created_utc": "2020-10-18 17:58:11",
        "domain": "jamanetwork.com",
        "full_link": "https://www.reddit.com/r/Coronavirus/comments/jdkvhp/suicide_prevention_in_the_covid19_era/",
        "gildings": {},
        "id": "jdkvhp",
        "is_crosspostable": false,
        "is_meta": false,
        "is_original_content": false,
        "is_reddit_media_domain": false,
        "is_robot_indexable": false,
        "is_self": false,
        "is_video": false,
        "link_flair_background_color": "#ff8717",
        "link_flair_richtext": [],
        "link_flair_template_id": "e7643a50-5e48-11ea-8e30-0e05eb9dc901",
        "link_flair_text": "USA",
        "link_flair_text_color": "dark",
        "link_flair_type": "text",
        "locked": false,
        "media_only": false,
        "no_follow": true,
        "num_comments": 0,
        "num_crossposts": 0,
        "over_18": false,
        "parent_whitelist_status": "all_ads",
        "permalink": "/r/Coronavirus/comments/jdkvhp/suicide_prevention_in_the_covid19_era/",
        "pinned": false,
        "post_hint": "link",
        "preview": {
            "enabled": false,
            "images": [
                {
                    "id": "Ng3qWirBR4O0j97k8aLZgLIvb0ae69igPdh-Hgg4ZGg",
                    "resolutions": [
                        {
                            "height": 108,
                            "url": "https://external-preview.redd.it/7LPrnkNXcqGoeU9AnzZaXYFLzRCWOBNFpzFTIYika_g.jpg?width=108&amp;crop=smart&amp;auto=webp&amp;s=4abb0a48f41f1a14b524a7dde610dd8b1cdd0db4",
                            "width": 108
                        },
                        {
                            "height": 216,
                            "url": "https://external-preview.redd.it/7LPrnkNXcqGoeU9AnzZaXYFLzRCWOBNFpzFTIYika_g.jpg?width=216&amp;crop=smart&amp;auto=webp&amp;s=6c1e03d58ce0c230158d7743ea3287617af838a6",
                            "width": 216
                        },
                        {
                            "height": 320,
                            "url": "https://external-preview.redd.it/7LPrnkNXcqGoeU9AnzZaXYFLzRCWOBNFpzFTIYika_g.jpg?width=320&amp;crop=smart&amp;auto=webp&amp;s=f264589be618afb8286f8c1be1d2eb40b69898e5",
                            "width": 320
                        }
                    ],
                    "source": {
                        "height": 600,
                        "url": "https://external-preview.redd.it/7LPrnkNXcqGoeU9AnzZaXYFLzRCWOBNFpzFTIYika_g.jpg?auto=webp&amp;s=0e60904830118679228204a025028b365bd8248d",
                        "width": 600
                    },
                    "variants": {}
                }
            ]
        },
        "pwls": 6,
        "removed_by_category": "moderator",
        "retrieved_on": 1603043901,
        "score": 1,
        "selftext": "",
        "send_replies": true,
        "spoiler": false,
        "stickied": false,
        "subreddit": "Coronavirus",
        "subreddit_id": "t5_2x4yx",
        "subreddit_subscribers": 2294242,
        "subreddit_type": "public",
        "suggested_sort": "confidence",
        "thumbnail": "https://b.thumbs.redditmedia.com/HGSEhAckTTqMoahH-KYRiPgXvWKAr9xQkPCG6zigftA.jpg",
        "thumbnail_height": 140,
        "thumbnail_width": 140,
        "title": "Suicide Prevention in the COVID-19 Era",
        "total_awards_received": 0,
        "treatment_tags": [],
        "upvote_ratio": 1.0,
        "url": "https://jamanetwork.com/journals/jamapsychiatry/fullarticle/2772135",
        "url_overridden_by_dest": "https://jamanetwork.com/journals/jamapsychiatry/fullarticle/2772135",
        "whitelist_status": "all_ads",
        "wls": 6
    },
    {
        "all_awardings": [],
        "allow_live_comments": false,
        "author": "nowyouseemenowyoudo2",
        "author_flair_css_class": null,
        "author_flair_richtext": [],
        "author_flair_text": null,
        "author_flair_type": "text",
        "author_fullname": "t2_zekvg",
        "author_patreon_flair": false,
        "author_premium": false,
        "awarders": [],
        "can_mod_post": false,
        "contest_mode": false,
        "created_utc": "2020-10-14 08:26:46",
        "domain": "cambridge.org",
        "full_link": "https://www.reddit.com/r/Coronavirus/comments/jawrxl/are_covid19_survivors_at_increased_risk_for/",
        "gildings": {},
        "id": "jawrxl",
        "is_crosspostable": false,
        "is_meta": false,
        "is_original_content": false,
        "is_reddit_media_domain": false,
        "is_robot_indexable": false,
        "is_self": false,
        "is_video": false,
        "link_flair_background_color": "#0079d3",
        "link_flair_richtext": [],
        "link_flair_template_id": "394b6910-5e49-11ea-843b-0ebc196d18f7",
        "link_flair_text": "Academic Report",
        "link_flair_text_color": "dark",
        "link_flair_type": "text",
        "locked": false,
        "media_only": false,
        "no_follow": true,
        "num_comments": 0,
        "num_crossposts": 0,
        "over_18": false,
        "parent_whitelist_status": "all_ads",
        "permalink": "/r/Coronavirus/comments/jawrxl/are_covid19_survivors_at_increased_risk_for/",
        "pinned": false,
        "post_hint": "link",
        "preview": {
            "enabled": false,
            "images": [
                {
                    "id": "go7MOKt6uVe5HZ7eJtx2d6lk041Rgx0FzO9QRaFYh9A",
                    "resolutions": [
                        {
                            "height": 149,
                            "url": "https://external-preview.redd.it/oY_o8rH7y3dRGIexjq36G578jHhSYzyGZy01w_fEbuA.jpg?width=108&amp;crop=smart&amp;auto=webp&amp;s=52168adc3dee8361e563575a9999ccc54cdaae5b",
                            "width": 108
                        },
                        {
                            "height": 298,
                            "url": "https://external-preview.redd.it/oY_o8rH7y3dRGIexjq36G578jHhSYzyGZy01w_fEbuA.jpg?width=216&amp;crop=smart&amp;auto=webp&amp;s=79200f9429713e8f9d4cc4bd035e2e9c3c71807c",
                            "width": 216
                        },
                        {
                            "height": 442,
                            "url": "https://external-preview.redd.it/oY_o8rH7y3dRGIexjq36G578jHhSYzyGZy01w_fEbuA.jpg?width=320&amp;crop=smart&amp;auto=webp&amp;s=a79918c063e8e3cbc2ba2da4ede0673e789986ff",
                            "width": 320
                        },
                        {
                            "height": 884,
                            "url": "https://external-preview.redd.it/oY_o8rH7y3dRGIexjq36G578jHhSYzyGZy01w_fEbuA.jpg?width=640&amp;crop=smart&amp;auto=webp&amp;s=a41739ff51dfcec558c94293f0ff60eba097114c",
                            "width": 640
                        }
                    ],
                    "source": {
                        "height": 1105,
                        "url": "https://external-preview.redd.it/oY_o8rH7y3dRGIexjq36G578jHhSYzyGZy01w_fEbuA.jpg?auto=webp&amp;s=bda0b2f4b39cb767c3634918d36606f54e29180f",
                        "width": 800
                    },
                    "variants": {}
                }
            ]
        },
        "pwls": 6,
        "removed_by_category": "moderator",
        "retrieved_on": 1602664017,
        "score": 1,
        "selftext": "",
        "send_replies": true,
        "spoiler": false,
        "stickied": false,
        "subreddit": "Coronavirus",
        "subreddit_id": "t5_2x4yx",
        "subreddit_subscribers": 2291307,
        "subreddit_type": "public",
        "suggested_sort": "confidence",
        "thumbnail": "https://b.thumbs.redditmedia.com/m24xZWNFGadpBRY7LCNgDxSR-C1ZvLXXCP58mfaqQwM.jpg",
        "thumbnail_height": 140,
        "thumbnail_width": 140,
        "title": "Are COVID-19 survivors at increased risk for suicide? | This Acta Neuropsychiatrica letter to the editor suggests that the COVID-19 survivors are at increased suicide risk. Suicidality among individuals who had COVID-19 may be related to both psychological and neurobiological factors.",
        "total_awards_received": 0,
        "treatment_tags": [],
        "upvote_ratio": 1.0,
        "url": "https://www.cambridge.org/core/journals/acta-neuropsychiatrica/article/are-covid19-survivors-at-increased-risk-for-suicide/E43AFE16E1EF0D2957BD00370536C528",
        "url_overridden_by_dest": "https://www.cambridge.org/core/journals/acta-neuropsychiatrica/article/are-covid19-survivors-at-increased-risk-for-suicide/E43AFE16E1EF0D2957BD00370536C528",
        "whitelist_status": "all_ads",
        "wls": 6
    },
    {
        "all_awardings": [],
        "allow_live_comments": false,
        "author": "ElonMuch",
        "author_flair_css_class": null,
        "author_flair_richtext": [],
        "author_flair_text": null,
        "author_flair_type": "text",
        "author_fullname": "t2_7o5h55wa",
        "author_patreon_flair": false,
        "author_premium": true,
        "awarders": [],
        "can_mod_post": false,
        "contest_mode": false,
        "created_utc": "2020-10-14 03:35:47",
        "domain": "dw.com",
        "full_link": "https://www.reddit.com/r/Coronavirus/comments/jat3k3/coronavirus_pandemic_suicide_rate_rises_in_japan/",
        "gildings": {},
        "id": "jat3k3",
        "is_crosspostable": false,
        "is_meta": false,
        "is_original_content": false,
        "is_reddit_media_domain": false,
        "is_robot_indexable": false,
        "is_self": false,
        "is_video": false,
        "link_flair_background_color": "#0dd3bb",
        "link_flair_richtext": [],
        "link_flair_template_id": "ca99103a-5e48-11ea-861e-0e14b931d16d",
        "link_flair_text": "World",
        "link_flair_text_color": "dark",
        "link_flair_type": "text",
        "locked": false,
        "media_only": false,
        "no_follow": true,
        "num_comments": 0,
        "num_crossposts": 0,
        "over_18": false,
        "parent_whitelist_status": "all_ads",
        "permalink": "/r/Coronavirus/comments/jat3k3/coronavirus_pandemic_suicide_rate_rises_in_japan/",
        "pinned": false,
        "post_hint": "link",
        "preview": {
            "enabled": false,
            "images": [
                {
                    "id": "83cOyv14dXvwhRh_eRLnmieUlRrwpe_XyOd97seoPR0",
                    "resolutions": [
                        {
                            "height": 60,
                            "url": "https://external-preview.redd.it/Pqss4WzZ5p9g9ZYXfBkCZRfYcFMgkZbgAQ9EXU74lvA.jpg?width=108&amp;crop=smart&amp;auto=webp&amp;s=2a837d79f26d414e9e599207f38b07275692267f",
                            "width": 108
                        },
                        {
                            "height": 121,
                            "url": "https://external-preview.redd.it/Pqss4WzZ5p9g9ZYXfBkCZRfYcFMgkZbgAQ9EXU74lvA.jpg?width=216&amp;crop=smart&amp;auto=webp&amp;s=18f4d2f10ff3a998f0f3253638889af06ec8bf20",
                            "width": 216
                        },
                        {
                            "height": 180,
                            "url": "https://external-preview.redd.it/Pqss4WzZ5p9g9ZYXfBkCZRfYcFMgkZbgAQ9EXU74lvA.jpg?width=320&amp;crop=smart&amp;auto=webp&amp;s=2d74c92e735019f64fba163402bb4c6b7c90c070",
                            "width": 320
                        },
                        {
                            "height": 360,
                            "url": "https://external-preview.redd.it/Pqss4WzZ5p9g9ZYXfBkCZRfYcFMgkZbgAQ9EXU74lvA.jpg?width=640&amp;crop=smart&amp;auto=webp&amp;s=df8979d103f9eee7d35cae8b7141fb03cd5bfe54",
                            "width": 640
                        }
                    ],
                    "source": {
                        "height": 529,
                        "url": "https://external-preview.redd.it/Pqss4WzZ5p9g9ZYXfBkCZRfYcFMgkZbgAQ9EXU74lvA.jpg?auto=webp&amp;s=d6120016c67bc8d6ad3324db900374ab4fe4e3ba",
                        "width": 940
                    },
                    "variants": {}
                }
            ]
        },
        "pwls": 6,
        "removed_by_category": "moderator",
        "retrieved_on": 1602646558,
        "score": 1,
        "selftext": "",
        "send_replies": false,
        "spoiler": false,
        "stickied": false,
        "subreddit": "Coronavirus",
        "subreddit_id": "t5_2x4yx",
        "subreddit_subscribers": 2291169,
        "subreddit_type": "public",
        "suggested_sort": "confidence",
        "thumbnail": "https://b.thumbs.redditmedia.com/qcOvx7uM-z6o17X033y8dAEsopT7rFniFDSlbvYfkio.jpg",
        "thumbnail_height": 78,
        "thumbnail_width": 140,
        "title": "Coronavirus pandemic: Suicide rate rises in Japan",
        "total_awards_received": 0,
        "treatment_tags": [],
        "upvote_ratio": 1.0,
        "url": "https://www.dw.com/en/suicide-japan/a-55250637",
        "url_overridden_by_dest": "https://www.dw.com/en/suicide-japan/a-55250637",
        "whitelist_status": "all_ads",
        "wls": 6
    },
    {
        "all_awardings": [],
        "allow_live_comments": false,
        "author": "IntergalacticHusky",
        "author_flair_css_class": null,
        "author_flair_richtext": [],
        "author_flair_text": null,
        "author_flair_type": "text",
        "author_fullname": "t2_49n9n43o",
        "author_patreon_flair": false,
        "author_premium": false,
        "awarders": [],
        "can_mod_post": false,
        "contest_mode": false,
        "created_utc": "2020-10-11 08:37:03",
        "domain": "japantimes.co.jp",
        "full_link": "https://www.reddit.com/r/Coronavirus/comments/j91v4z/suicide_spike_in_japan_shows_mental_health_toll/",
        "gildings": {},
        "id": "j91v4z",
        "is_crosspostable": false,
        "is_meta": false,
        "is_original_content": false,
        "is_reddit_media_domain": false,
        "is_robot_indexable": false,
        "is_self": false,
        "is_video": false,
        "link_flair_background_color": "#ffd635",
        "link_flair_richtext": [],
        "link_flair_template_id": "12e8c484-5e49-11ea-a26b-0ec959fc5f41",
        "link_flair_text": "Central &amp; East Asia",
        "link_flair_text_color": "dark",
        "link_flair_type": "text",
        "locked": false,
        "media_only": false,
        "no_follow": true,
        "num_comments": 0,
        "num_crossposts": 0,
        "over_18": false,
        "parent_whitelist_status": "all_ads",
        "permalink": "/r/Coronavirus/comments/j91v4z/suicide_spike_in_japan_shows_mental_health_toll/",
        "pinned": false,
        "post_hint": "link",
        "preview": {
            "enabled": false,
            "images": [
                {
                    "id": "CrMxMOnqvQ3LhULLcD1dbgRA5nHvzNLDDXZh4FFeIAE",
                    "resolutions": [
                        {
                            "height": 73,
                            "url": "https://external-preview.redd.it/J4PNT2dScm0Snx2VQGn7kTVpIjAmDSkyAC1xCcnDVDQ.jpg?width=108&amp;crop=smart&amp;auto=webp&amp;s=7b2d29c34d5deff80ed34cae207cf3026e8aeb33",
                            "width": 108
                        },
                        {
                            "height": 147,
                            "url": "https://external-preview.redd.it/J4PNT2dScm0Snx2VQGn7kTVpIjAmDSkyAC1xCcnDVDQ.jpg?width=216&amp;crop=smart&amp;auto=webp&amp;s=275e4432e59df6f2eec22fa3894e836019b3f99a",
                            "width": 216
                        },
                        {
                            "height": 218,
                            "url": "https://external-preview.redd.it/J4PNT2dScm0Snx2VQGn7kTVpIjAmDSkyAC1xCcnDVDQ.jpg?width=320&amp;crop=smart&amp;auto=webp&amp;s=84c25ca400f2d9697ca4cde3e49d6b5ea4c18e7e",
                            "width": 320
                        },
                        {
                            "height": 437,
                            "url": "https://external-preview.redd.it/J4PNT2dScm0Snx2VQGn7kTVpIjAmDSkyAC1xCcnDVDQ.jpg?width=640&amp;crop=smart&amp;auto=webp&amp;s=6eaa9de8e8e828c30cb239622fc36fab1ef6b80c",
                            "width": 640
                        }
                    ],
                    "source": {
                        "height": 595,
                        "url": "https://external-preview.redd.it/J4PNT2dScm0Snx2VQGn7kTVpIjAmDSkyAC1xCcnDVDQ.jpg?auto=webp&amp;s=0503c368a75c1f3731077de3c0e954919100ba08",
                        "width": 870
                    },
                    "variants": {}
                }
            ]
        },
        "pwls": 6,
        "removed_by_category": "moderator",
        "retrieved_on": 1602405434,
        "score": 1,
        "selftext": "",
        "send_replies": true,
        "spoiler": false,
        "stickied": false,
        "subreddit": "Coronavirus",
        "subreddit_id": "t5_2x4yx",
        "subreddit_subscribers": 2289487,
        "subreddit_type": "public",
        "suggested_sort": "confidence",
        "thumbnail": "https://b.thumbs.redditmedia.com/4sE9VnKyqXAbaaOPGQJkYgRWun9aB019XIc6iMuzapE.jpg",
        "thumbnail_height": 95,
        "thumbnail_width": 140,
        "title": "Suicide spike in Japan shows mental health toll of COVID-19",
        "total_awards_received": 0,
        "treatment_tags": [],
        "upvote_ratio": 1.0,
        "url": "https://www.japantimes.co.jp/news/2020/10/09/national/social-issues/suicide-mental-health-coronavirus/",
        "url_overridden_by_dest": "https://www.japantimes.co.jp/news/2020/10/09/national/social-issues/suicide-mental-health-coronavirus/",
        "whitelist_status": "all_ads",
        "wls": 6
    },
    {
        "all_awardings": [],
        "allow_live_comments": false,
        "author": "twistedlogicx",
        "author_flair_css_class": null,
        "author_flair_richtext": [],
        "author_flair_text": null,
        "author_flair_type": "text",
        "author_fullname": "t2_ixhni",
        "author_patreon_flair": false,
        "author_premium": true,
        "awarders": [],
        "can_mod_post": false,
        "contest_mode": false,
        "created_utc": "2020-10-09 04:09:08",
        "domain": "bloomberg.com",
        "full_link": "https://www.reddit.com/r/Coronavirus/comments/j7sbo1/suicide_spike_in_japan_shows_mental_health_toll/",
        "gildings": {},
        "id": "j7sbo1",
        "is_crosspostable": false,
        "is_meta": false,
        "is_original_content": false,
        "is_reddit_media_domain": false,
        "is_robot_indexable": false,
        "is_self": false,
        "is_video": false,
        "link_flair_background_color": "#ffd635",
        "link_flair_richtext": [],
        "link_flair_template_id": "12e8c484-5e49-11ea-a26b-0ec959fc5f41",
        "link_flair_text": "Central &amp; East Asia",
        "link_flair_text_color": "dark",
        "link_flair_type": "text",
        "locked": false,
        "media_only": false,
        "no_follow": true,
        "num_comments": 0,
        "num_crossposts": 0,
        "over_18": false,
        "parent_whitelist_status": "all_ads",
        "permalink": "/r/Coronavirus/comments/j7sbo1/suicide_spike_in_japan_shows_mental_health_toll/",
        "pinned": false,
        "post_hint": "link",
        "preview": {
            "enabled": false,
            "images": [
                {
                    "id": "iUxd_yVpyv4hFM716xZv_1tTuKTCunJMqlJiE7K1bYY",
                    "resolutions": [
                        {
                            "height": 73,
                            "url": "https://external-preview.redd.it/CHIJ_Vt8sqL8BpXjOse26qAp5xEBIguJAqR-bKyt0sM.jpg?width=108&amp;crop=smart&amp;auto=webp&amp;s=07289d9b7a2af086e715cd277d473eec0008d38c",
                            "width": 108
                        },
                        {
                            "height": 147,
                            "url": "https://external-preview.redd.it/CHIJ_Vt8sqL8BpXjOse26qAp5xEBIguJAqR-bKyt0sM.jpg?width=216&amp;crop=smart&amp;auto=webp&amp;s=38eed73b52b3b0314e0330dedc3e5af65ef6730c",
                            "width": 216
                        },
                        {
                            "height": 218,
                            "url": "https://external-preview.redd.it/CHIJ_Vt8sqL8BpXjOse26qAp5xEBIguJAqR-bKyt0sM.jpg?width=320&amp;crop=smart&amp;auto=webp&amp;s=6e4cad677f593fbb4d0675475a648c3077d9f33c",
                            "width": 320
                        },
                        {
                            "height": 437,
                            "url": "https://external-preview.redd.it/CHIJ_Vt8sqL8BpXjOse26qAp5xEBIguJAqR-bKyt0sM.jpg?width=640&amp;crop=smart&amp;auto=webp&amp;s=ac11545490290bf6cb8359849e737c8aa1b17681",
                            "width": 640
                        },
                        {
                            "height": 656,
                            "url": "https://external-preview.redd.it/CHIJ_Vt8sqL8BpXjOse26qAp5xEBIguJAqR-bKyt0sM.jpg?width=960&amp;crop=smart&amp;auto=webp&amp;s=492591162e25dce9ebdb100fc16aaae85edc04ee",
                            "width": 960
                        },
                        {
                            "height": 738,
                            "url": "https://external-preview.redd.it/CHIJ_Vt8sqL8BpXjOse26qAp5xEBIguJAqR-bKyt0sM.jpg?width=1080&amp;crop=smart&amp;auto=webp&amp;s=a95ed057b14b5e9529c77eac8526c2b8820b8442",
                            "width": 1080
                        }
                    ],
                    "source": {
                        "height": 821,
                        "url": "https://external-preview.redd.it/CHIJ_Vt8sqL8BpXjOse26qAp5xEBIguJAqR-bKyt0sM.jpg?auto=webp&amp;s=318897a1f4d57f223fd60135547bffef31394312",
                        "width": 1200
                    },
                    "variants": {}
                }
            ]
        },
        "pwls": 6,
        "removed_by_category": "moderator",
        "retrieved_on": 1602216560,
        "score": 1,
        "selftext": "",
        "send_replies": true,
        "spoiler": false,
        "stickied": false,
        "subreddit": "Coronavirus",
        "subreddit_id": "t5_2x4yx",
        "subreddit_subscribers": 2288537,
        "subreddit_type": "public",
        "suggested_sort": "confidence",
        "thumbnail": "https://b.thumbs.redditmedia.com/kkAmjDqpwHNaDwYtTVQWqtiNUaAFyuEA3BGe1ftae8c.jpg",
        "thumbnail_height": 95,
        "thumbnail_width": 140,
        "title": "Suicide Spike in Japan Shows Mental Health Toll of Covid-19",
        "total_awards_received": 0,
        "treatment_tags": [],
        "upvote_ratio": 1.0,
        "url": "https://www.bloomberg.com/news/articles/2020-10-08/suicide-spike-in-japan-shows-mental-health-toll-of-covid-19",
        "url_overridden_by_dest": "https://www.bloomberg.com/news/articles/2020-10-08/suicide-spike-in-japan-shows-mental-health-toll-of-covid-19",
        "whitelist_status": "all_ads",
        "wls": 6
    },
    {
        "all_awardings": [],
        "allow_live_comments": false,
        "author": "PlastyMcPasta",
        "author_flair_css_class": null,
        "author_flair_richtext": [],
        "author_flair_text": null,
        "author_flair_type": "text",
        "author_fullname": "t2_5cnliz8f",
        "author_patreon_flair": false,
        "author_premium": false,
        "awarders": [],
        "can_mod_post": false,
        "contest_mode": false,
        "created_utc": "2020-10-08 15:15:18",
        "domain": "youtube.com",
        "full_link": "https://www.reddit.com/r/Coronavirus/comments/j7ev7z/harrowing_suicide_figures_reveal_toll_on/",
        "gildings": {},
        "id": "j7ev7z",
        "is_crosspostable": false,
        "is_meta": false,
        "is_original_content": false,
        "is_reddit_media_domain": false,
        "is_robot_indexable": false,
        "is_self": false,
        "is_video": false,
        "link_flair_background_color": "#0dd3bb",
        "link_flair_richtext": [],
        "link_flair_template_id": "ca99103a-5e48-11ea-861e-0e14b931d16d",
        "link_flair_text": "World",
        "link_flair_text_color": "dark",
        "link_flair_type": "text",
        "locked": false,
        "media": {
            "oembed": {
                "author_name": "Sky News Australia",
                "author_url": "https://www.youtube.com/user/SkyNewsAustralia",
                "height": 338,
                "html": "&lt;iframe width=\"600\" height=\"338\" src=\"https://www.youtube.com/embed/QVTuPh8Rb2I?feature=oembed&amp;enablejsapi=1\" frameborder=\"0\" allow=\"accelerometer; autoplay; clipboard-write; encrypted-media; gyroscope; picture-in-picture\" allowfullscreen&gt;&lt;/iframe&gt;",
                "provider_name": "YouTube",
                "provider_url": "https://www.youtube.com/",
                "thumbnail_height": 360,
                "thumbnail_url": "https://i.ytimg.com/vi/QVTuPh8Rb2I/hqdefault.jpg",
                "thumbnail_width": 480,
                "title": "Harrowing suicide figures reveal toll on Victorians",
                "type": "video",
                "version": "1.0",
                "width": 600
            },
            "type": "youtube.com"
        },
        "media_embed": {
            "content": "&lt;iframe width=\"600\" height=\"338\" src=\"https://www.youtube.com/embed/QVTuPh8Rb2I?feature=oembed&amp;enablejsapi=1\" frameborder=\"0\" allow=\"accelerometer; autoplay; clipboard-write; encrypted-media; gyroscope; picture-in-picture\" allowfullscreen&gt;&lt;/iframe&gt;",
            "height": 338,
            "scrolling": false,
            "width": 600
        },
        "media_only": false,
        "no_follow": true,
        "num_comments": 0,
        "num_crossposts": 0,
        "over_18": false,
        "parent_whitelist_status": "all_ads",
        "permalink": "/r/Coronavirus/comments/j7ev7z/harrowing_suicide_figures_reveal_toll_on/",
        "pinned": false,
        "post_hint": "rich:video",
        "preview": {
            "enabled": false,
            "images": [
                {
                    "id": "SqqYF0CpzxN3svAZjoByxKQlzl8BWzlkzIyGAxVhGsk",
                    "resolutions": [
                        {
                            "height": 81,
                            "url": "https://external-preview.redd.it/NMQ7iQy8j49cMNzy4FOpxiZ8rgpqsLRdbS63p-PeWIg.jpg?width=108&amp;crop=smart&amp;auto=webp&amp;s=ee37892cb5b5f4a747913f61bb1d9adcf73f290f",
                            "width": 108
                        },
                        {
                            "height": 162,
                            "url": "https://external-preview.redd.it/NMQ7iQy8j49cMNzy4FOpxiZ8rgpqsLRdbS63p-PeWIg.jpg?width=216&amp;crop=smart&amp;auto=webp&amp;s=a74012d18eaaac2766a3fda9828b1590bcd6763b",
                            "width": 216
                        },
                        {
                            "height": 240,
                            "url": "https://external-preview.redd.it/NMQ7iQy8j49cMNzy4FOpxiZ8rgpqsLRdbS63p-PeWIg.jpg?width=320&amp;crop=smart&amp;auto=webp&amp;s=0de636032c4f20cf0cd411710a066c968ce454fe",
                            "width": 320
                        }
                    ],
                    "source": {
                        "height": 360,
                        "url": "https://external-preview.redd.it/NMQ7iQy8j49cMNzy4FOpxiZ8rgpqsLRdbS63p-PeWIg.jpg?auto=webp&amp;s=fc2ab553dcdb339d73accb0912957edf59606a85",
                        "width": 480
                    },
                    "variants": {}
                }
            ]
        },
        "pwls": 6,
        "removed_by_category": "moderator",
        "retrieved_on": 1602170129,
        "score": 1,
        "secure_media": {
            "oembed": {
                "author_name": "Sky News Australia",
                "author_url": "https://www.youtube.com/user/SkyNewsAustralia",
                "height": 338,
                "html": "&lt;iframe width=\"600\" height=\"338\" src=\"https://www.youtube.com/embed/QVTuPh8Rb2I?feature=oembed&amp;enablejsapi=1\" frameborder=\"0\" allow=\"accelerometer; autoplay; clipboard-write; encrypted-media; gyroscope; picture-in-picture\" allowfullscreen&gt;&lt;/iframe&gt;",
                "provider_name": "YouTube",
                "provider_url": "https://www.youtube.com/",
                "thumbnail_height": 360,
                "thumbnail_url": "https://i.ytimg.com/vi/QVTuPh8Rb2I/hqdefault.jpg",
                "thumbnail_width": 480,
                "title": "Harrowing suicide figures reveal toll on Victorians",
                "type": "video",
                "version": "1.0",
                "width": 600
            },
            "type": "youtube.com"
        },
        "secure_media_embed": {
            "content": "&lt;iframe width=\"600\" height=\"338\" src=\"https://www.youtube.com/embed/QVTuPh8Rb2I?feature=oembed&amp;enablejsapi=1\" frameborder=\"0\" allow=\"accelerometer; autoplay; clipboard-write; encrypted-media; gyroscope; picture-in-picture\" allowfullscreen&gt;&lt;/iframe&gt;",
            "height": 338,
            "media_domain_url": "https://www.redditmedia.com/mediaembed/j7ev7z",
            "scrolling": false,
            "width": 600
        },
        "selftext": "",
        "send_replies": true,
        "spoiler": false,
        "stickied": false,
        "subreddit": "Coronavirus",
        "subreddit_id": "t5_2x4yx",
        "subreddit_subscribers": 2288138,
        "subreddit_type": "public",
        "suggested_sort": "confidence",
        "thumbnail": "https://a.thumbs.redditmedia.com/AzlKdjjanGt4sf2JmvmRvH-XgA6J0BO4erzXZm18db4.jpg",
        "thumbnail_height": 105,
        "thumbnail_width": 140,
        "title": "Harrowing suicide figures reveal toll on Victorians",
        "total_awards_received": 0,
        "treatment_tags": [],
        "upvote_ratio": 1.0,
        "url": "https://www.youtube.com/watch?v=QVTuPh8Rb2I",
        "url_overridden_by_dest": "https://www.youtube.com/watch?v=QVTuPh8Rb2I",
        "whitelist_status": "all_ads",
        "wls": 6
    },
    {
        "all_awardings": [],
        "allow_live_comments": false,
        "author": "stankmanly",
        "author_flair_css_class": null,
        "author_flair_richtext": [],
        "author_flair_text": null,
        "author_flair_type": "text",
        "author_fullname": "t2_hpyms",
        "author_patreon_flair": false,
        "author_premium": true,
        "awarders": [],
        "can_mod_post": false,
        "contest_mode": false,
        "created_utc": "2020-10-18 13:59:30",
        "domain": "ktla.com",
        "full_link": "https://www.reddit.com/r/Coronavirus/comments/jdgsdn/about_110000_californians_have_bought_a_gun_since/",
        "gildings": {},
        "id": "jdgsdn",
        "is_crosspostable": true,
        "is_meta": false,
        "is_original_content": false,
        "is_reddit_media_domain": false,
        "is_robot_indexable": true,
        "is_self": false,
        "is_video": false,
        "link_flair_background_color": "#ff8717",
        "link_flair_richtext": [],
        "link_flair_template_id": "e7643a50-5e48-11ea-8e30-0e05eb9dc901",
        "link_flair_text": "USA",
        "link_flair_text_color": "dark",
        "link_flair_type": "text",
        "locked": false,
        "media_only": false,
        "no_follow": true,
        "num_comments": 369,
        "num_crossposts": 0,
        "over_18": false,
        "parent_whitelist_status": "all_ads",
        "permalink": "/r/Coronavirus/comments/jdgsdn/about_110000_californians_have_bought_a_gun_since/",
        "pinned": false,
        "post_hint": "link",
        "preview": {
            "enabled": false,
            "images": [
                {
                    "id": "BUvcMR4JwjTXub8esC7gi6slSqlgH5_ww5ZHCMYSeq8",
                    "resolutions": [
                        {
                            "height": 72,
                            "url": "https://external-preview.redd.it/vQCOjzoAO66A8qYShx_pXLHW3OVzMAFJKm3oPa8OC5s.jpg?width=108&amp;crop=smart&amp;auto=webp&amp;s=30e8dc06cc023db39e949e5b69b23dd0d0ef4b15",
                            "width": 108
                        },
                        {
                            "height": 144,
                            "url": "https://external-preview.redd.it/vQCOjzoAO66A8qYShx_pXLHW3OVzMAFJKm3oPa8OC5s.jpg?width=216&amp;crop=smart&amp;auto=webp&amp;s=690a2efe089f21db086a8d176d74c7ee031d03be",
                            "width": 216
                        },
                        {
                            "height": 213,
                            "url": "https://external-preview.redd.it/vQCOjzoAO66A8qYShx_pXLHW3OVzMAFJKm3oPa8OC5s.jpg?width=320&amp;crop=smart&amp;auto=webp&amp;s=6f6e50e4be6e5c73d97830bb2e6b88bb621a5dde",
                            "width": 320
                        },
                        {
                            "height": 426,
                            "url": "https://external-preview.redd.it/vQCOjzoAO66A8qYShx_pXLHW3OVzMAFJKm3oPa8OC5s.jpg?width=640&amp;crop=smart&amp;auto=webp&amp;s=2725c4bf9524a3c9118ec74e958efbf2e51040fc",
                            "width": 640
                        }
                    ],
                    "source": {
                        "height": 560,
                        "url": "https://external-preview.redd.it/vQCOjzoAO66A8qYShx_pXLHW3OVzMAFJKm3oPa8OC5s.jpg?auto=webp&amp;s=b08bc8099909f69c3aafb2dc4dae8123d267e1fe",
                        "width": 840
                    },
                    "variants": {}
                }
            ]
        },
        "pwls": 6,
        "retrieved_on": 1603029590,
        "score": 1,
        "selftext": "",
        "send_replies": false,
        "spoiler": false,
        "stickied": false,
        "subreddit": "Coronavirus",
        "subreddit_id": "t5_2x4yx",
        "subreddit_subscribers": 2294121,
        "subreddit_type": "public",
        "suggested_sort": "confidence",
        "thumbnail": "https://b.thumbs.redditmedia.com/sms1EU9_nhfJ33nLAWiB8z5W21_KjsWaGgqaE4Cd7XI.jpg",
        "thumbnail_height": 93,
        "thumbnail_width": 140,
        "title": "About 110,000 Californians have bought a gun since the coronavirus arrived, study says",
        "total_awards_received": 0,
        "treatment_tags": [],
        "upvote_ratio": 1.0,
        "url": "https://ktla.com/news/california/about-110000-californians-have-bought-a-gun-since-the-coronavirus-arrived-study-says/",
        "url_overridden_by_dest": "https://ktla.com/news/california/about-110000-californians-have-bought-a-gun-since-the-coronavirus-arrived-study-says/",
        "whitelist_status": "all_ads",
        "wls": 6
    },
    {
        "all_awardings": [],
        "allow_live_comments": false,
        "author": "truthandlies_91",
        "author_flair_css_class": null,
        "author_flair_richtext": [],
        "author_flair_text": null,
        "author_flair_type": "text",
        "author_fullname": "t2_4dlojr1m",
        "author_patreon_flair": false,
        "author_premium": false,
        "awarders": [],
        "can_mod_post": false,
        "contest_mode": false,
        "created_utc": "2020-10-11 19:47:06",
        "domain": "blog.nomorefakenews.com",
        "full_link": "https://www.reddit.com/r/Coronavirus/comments/j9c2qz/thesmokinggunwhereisthecoronavirusthecdcsaysitisnt/",
        "gildings": {},
        "id": "j9c2qz",
        "is_crosspostable": false,
        "is_meta": false,
        "is_original_content": false,
        "is_reddit_media_domain": false,
        "is_robot_indexable": false,
        "is_self": false,
        "is_video": false,
        "link_flair_background_color": "#0079d3",
        "link_flair_richtext": [],
        "link_flair_template_id": "279c03dc-5e49-11ea-8af7-0ef8f68bfceb",
        "link_flair_text": "Centers for Disease Control and Prevention",
        "link_flair_text_color": "dark",
        "link_flair_type": "text",
        "locked": false,
        "media_only": false,
        "no_follow": true,
        "num_comments": 0,
        "num_crossposts": 0,
        "over_18": false,
        "parent_whitelist_status": "all_ads",
        "permalink": "/r/Coronavirus/comments/j9c2qz/thesmokinggunwhereisthecoronavirusthecdcsaysitisnt/",
        "pinned": false,
        "pwls": 6,
        "removed_by_category": "moderator",
        "retrieved_on": 1602445636,
        "score": 1,
        "selftext": "",
        "send_replies": true,
        "spoiler": false,
        "stickied": false,
        "subreddit": "Coronavirus",
        "subreddit_id": "t5_2x4yx",
        "subreddit_subscribers": 2289657,
        "subreddit_type": "public",
        "suggested_sort": "confidence",
        "thumbnail": "default",
        "title": "the-smoking-gun-where-is-the-coronavirus-the-cdc-says-it-isnt-available/",
        "total_awards_received": 0,
        "treatment_tags": [],
        "upvote_ratio": 1.0,
        "url": "https://blog.nomorefakenews.com/2020/10/08/the-smoking-gun-where-is-the-coronavirus-the-cdc-says-it-isnt-available/",
        "url_overridden_by_dest": "https://blog.nomorefakenews.com/2020/10/08/the-smoking-gun-where-is-the-coronavirus-the-cdc-says-it-isnt-available/",
        "whitelist_status": "all_ads",
        "wls": 6
    },
    {
        "all_awardings": [],
        "allow_live_comments": false,
        "author": "WillDownvoteurcrap",
        "author_flair_css_class": null,
        "author_flair_richtext": [],
        "author_flair_text": null,
        "author_flair_type": "text",
        "author_fullname": "t2_yluudnz",
        "author_patreon_flair": false,
        "author_premium": false,
        "awarders": [],
        "can_mod_post": false,
        "contest_mode": false,
        "created_utc": "2020-10-06 12:42:33",
        "domain": "nytimes.com",
        "full_link": "https://www.reddit.com/r/Coronavirus/comments/j64cfa/covid19_live_updates_gun_violence_is_up_as_the/",
        "gildings": {},
        "id": "j64cfa",
        "is_crosspostable": true,
        "is_meta": false,
        "is_original_content": false,
        "is_reddit_media_domain": false,
        "is_robot_indexable": true,
        "is_self": false,
        "is_video": false,
        "link_flair_background_color": "#ff8717",
        "link_flair_richtext": [],
        "link_flair_template_id": "e7643a50-5e48-11ea-8e30-0e05eb9dc901",
        "link_flair_text": "USA",
        "link_flair_text_color": "dark",
        "link_flair_type": "text",
        "locked": false,
        "media_only": false,
        "no_follow": true,
        "num_comments": 1,
        "num_crossposts": 0,
        "over_18": false,
        "parent_whitelist_status": "all_ads",
        "permalink": "/r/Coronavirus/comments/j64cfa/covid19_live_updates_gun_violence_is_up_as_the/",
        "pinned": false,
        "post_hint": "link",
        "preview": {
            "enabled": false,
            "images": [
                {
                    "id": "rg-mH9JdYm5gXfUrivWtBEkUl_Oj2d-Qon3gExGFDfw",
                    "resolutions": [
                        {
                            "height": 56,
                            "url": "https://external-preview.redd.it/XPKKZpJpqIcWt-6BJwi3fTS-JiEqphkr5XZBLGfbq0I.jpg?width=108&amp;crop=smart&amp;auto=webp&amp;s=6be55e604bd841c2f0a4e1a85c11b77b3adf5332",
                            "width": 108
                        },
                        {
                            "height": 113,
                            "url": "https://external-preview.redd.it/XPKKZpJpqIcWt-6BJwi3fTS-JiEqphkr5XZBLGfbq0I.jpg?width=216&amp;crop=smart&amp;auto=webp&amp;s=2096ce87deb8467913875f62cd1710d71422a62c",
                            "width": 216
                        },
                        {
                            "height": 167,
                            "url": "https://external-preview.redd.it/XPKKZpJpqIcWt-6BJwi3fTS-JiEqphkr5XZBLGfbq0I.jpg?width=320&amp;crop=smart&amp;auto=webp&amp;s=099d365773812b87e49c2e30e071ac15984094be",
                            "width": 320
                        },
                        {
                            "height": 335,
                            "url": "https://external-preview.redd.it/XPKKZpJpqIcWt-6BJwi3fTS-JiEqphkr5XZBLGfbq0I.jpg?width=640&amp;crop=smart&amp;auto=webp&amp;s=2d0a425288bfa67984efff27550dbb9de45ab086",
                            "width": 640
                        },
                        {
                            "height": 502,
                            "url": "https://external-preview.redd.it/XPKKZpJpqIcWt-6BJwi3fTS-JiEqphkr5XZBLGfbq0I.jpg?width=960&amp;crop=smart&amp;auto=webp&amp;s=5823f5ef41320f01a60862769e5384ec8d2006e1",
                            "width": 960
                        }
                    ],
                    "source": {
                        "height": 550,
                        "url": "https://external-preview.redd.it/XPKKZpJpqIcWt-6BJwi3fTS-JiEqphkr5XZBLGfbq0I.jpg?auto=webp&amp;s=e3bc1a5a9b214ae7751175ffe7feb5338db626e2",
                        "width": 1050
                    },
                    "variants": {}
                }
            ]
        },
        "pwls": 6,
        "retrieved_on": 1601988164,
        "score": 1,
        "selftext": "",
        "send_replies": false,
        "spoiler": false,
        "stickied": false,
        "subreddit": "Coronavirus",
        "subreddit_id": "t5_2x4yx",
        "subreddit_subscribers": 2286938,
        "subreddit_type": "public",
        "suggested_sort": "confidence",
        "thumbnail": "https://b.thumbs.redditmedia.com/LUJoSyMQtyn0cd2yMRuImBJwl8zF2a5lzxNIpOSdNRM.jpg",
        "thumbnail_height": 73,
        "thumbnail_width": 140,
        "title": "Covid-19 Live Updates: Gun Violence Is Up as the Virus Hinders Programs to Stop It",
        "total_awards_received": 0,
        "treatment_tags": [],
        "upvote_ratio": 1.0,
        "url": "https://www.nytimes.com/live/2020/10/06/world/covid-coronavirus?action=click&amp;module=Top%20Stories&amp;pgtype=Homepage",
        "url_overridden_by_dest": "https://www.nytimes.com/live/2020/10/06/world/covid-coronavirus?action=click&amp;module=Top%20Stories&amp;pgtype=Homepage",
        "whitelist_status": "all_ads",
        "wls": 6
    },
    {
        "all_awardings": [],
        "allow_live_comments": false,
        "author": "selfunderstanding",
        "author_flair_css_class": null,
        "author_flair_richtext": [],
        "author_flair_text": null,
        "author_flair_type": "text",
        "author_fullname": "t2_sy3hv",
        "author_patreon_flair": false,
        "author_premium": false,
        "awarders": [],
        "can_mod_post": false,
        "contest_mode": false,
        "created_utc": "2020-10-22 07:52:52",
        "domain": "edmontonjournal.com",
        "full_link": "https://www.reddit.com/r/Coronavirus/comments/jfvenl/david_staples_lockdowns_will_cause_10_times_more/",
        "gildings": {},
        "id": "jfvenl",
        "is_crosspostable": true,
        "is_meta": false,
        "is_original_content": false,
        "is_reddit_media_domain": false,
        "is_robot_indexable": true,
        "is_self": false,
        "is_video": false,
        "link_flair_background_color": "#ffb000",
        "link_flair_richtext": [],
        "link_flair_template_id": "46bcf7da-60e7-11ea-b448-0e4f5fa4d1dd",
        "link_flair_text": "Canada",
        "link_flair_text_color": "dark",
        "link_flair_type": "text",
        "locked": false,
        "media_only": false,
        "no_follow": true,
        "num_comments": 54,
        "num_crossposts": 0,
        "over_18": false,
        "parent_whitelist_status": "all_ads",
        "permalink": "/r/Coronavirus/comments/jfvenl/david_staples_lockdowns_will_cause_10_times_more/",
        "pinned": false,
        "post_hint": "link",
        "preview": {
            "enabled": false,
            "images": [
                {
                    "id": "8ES8wrM9XlSmtrunUdJcR3QX0so5KJSrQ3zKsaGFGk0",
                    "resolutions": [
                        {
                            "height": 81,
                            "url": "https://external-preview.redd.it/p0JPnNTX50zNEORHsQLbouPhsgJKeZIIFG_ZAtjFE4M.jpg?width=108&amp;crop=smart&amp;auto=webp&amp;s=88c32f99fc22c80a7cad2e2657f4516a39af3e6a",
                            "width": 108
                        },
                        {
                            "height": 162,
                            "url": "https://external-preview.redd.it/p0JPnNTX50zNEORHsQLbouPhsgJKeZIIFG_ZAtjFE4M.jpg?width=216&amp;crop=smart&amp;auto=webp&amp;s=c17af102894b4d6b53687b1789c4cfe34e646f62",
                            "width": 216
                        },
                        {
                            "height": 240,
                            "url": "https://external-preview.redd.it/p0JPnNTX50zNEORHsQLbouPhsgJKeZIIFG_ZAtjFE4M.jpg?width=320&amp;crop=smart&amp;auto=webp&amp;s=b73ce7004f0d468b0ee684e198c187dbaee971a9",
                            "width": 320
                        },
                        {
                            "height": 480,
                            "url": "https://external-preview.redd.it/p0JPnNTX50zNEORHsQLbouPhsgJKeZIIFG_ZAtjFE4M.jpg?width=640&amp;crop=smart&amp;auto=webp&amp;s=23748bdeabe9e067a71a91c17244788edab1b0c6",
                            "width": 640
                        },
                        {
                            "height": 720,
                            "url": "https://external-preview.redd.it/p0JPnNTX50zNEORHsQLbouPhsgJKeZIIFG_ZAtjFE4M.jpg?width=960&amp;crop=smart&amp;auto=webp&amp;s=98645611cc97a7854e913754a94b26beee051f84",
                            "width": 960
                        }
                    ],
                    "source": {
                        "height": 750,
                        "url": "https://external-preview.redd.it/p0JPnNTX50zNEORHsQLbouPhsgJKeZIIFG_ZAtjFE4M.jpg?auto=webp&amp;s=adfed0915193de4f4c7ddfd2daecf526b0ee9221",
                        "width": 1000
                    },
                    "variants": {}
                }
            ]
        },
        "pwls": 6,
        "retrieved_on": 1603353182,
        "score": 1,
        "selftext": "",
        "send_replies": true,
        "spoiler": false,
        "stickied": false,
        "subreddit": "Coronavirus",
        "subreddit_id": "t5_2x4yx",
        "subreddit_subscribers": 2296860,
        "subreddit_type": "public",
        "suggested_sort": "confidence",
        "thumbnail": "https://b.thumbs.redditmedia.com/wAqtbjGmrfdLJWe5gQJVGy9QvS5qV1Tq2G7q1LCWlcA.jpg",
        "thumbnail_height": 105,
        "thumbnail_width": 140,
        "title": "David Staples: Lockdowns will cause 10 times more harm to human health than COVID-19 itself, says infectious disease expert",
        "total_awards_received": 0,
        "treatment_tags": [],
        "upvote_ratio": 1.0,
        "url": "https://edmontonjournal.com/opinion/columnists/david-staples-lockdowns-will-cause-10-times-more-harm-to-human-health-than-covid-19-itself-says-infectious-disease-expert/",
        "url_overridden_by_dest": "https://edmontonjournal.com/opinion/columnists/david-staples-lockdowns-will-cause-10-times-more-harm-to-human-health-than-covid-19-itself-says-infectious-disease-expert/",
        "whitelist_status": "all_ads",
        "wls": 6
    },
    {
        "all_awardings": [],
        "allow_live_comments": false,
        "author": "lzghome",
        "author_flair_css_class": null,
        "author_flair_richtext": [],
        "author_flair_text": null,
        "author_flair_type": "text",
        "author_fullname": "t2_cw92v",
        "author_patreon_flair": false,
        "author_premium": false,
        "awarders": [],
        "can_mod_post": false,
        "contest_mode": false,
        "created_utc": "2020-10-22 06:44:45",
        "domain": "bbc.com",
        "full_link": "https://www.reddit.com/r/Coronavirus/comments/jfumu2/bbc_news_chinese_chinas_zhejiang_province/",
        "gildings": {},
        "id": "jfumu2",
        "is_crosspostable": true,
        "is_meta": false,
        "is_original_content": false,
        "is_reddit_media_domain": false,
        "is_robot_indexable": true,
        "is_self": false,
        "is_video": false,
        "link_flair_background_color": "#ffd635",
        "link_flair_richtext": [],
        "link_flair_template_id": "12e8c484-5e49-11ea-a26b-0ec959fc5f41",
        "link_flair_text": "Central &amp; East Asia",
        "link_flair_text_color": "dark",
        "link_flair_type": "text",
        "locked": false,
        "media_only": false,
        "no_follow": true,
        "num_comments": 24,
        "num_crossposts": 0,
        "over_18": false,
        "parent_whitelist_status": "all_ads",
        "permalink": "/r/Coronavirus/comments/jfumu2/bbc_news_chinese_chinas_zhejiang_province/",
        "pinned": false,
        "post_hint": "link",
        "preview": {
            "enabled": false,
            "images": [
                {
                    "id": "W3Ux95iGWj2mwnRW5uiWoMR-sYIKzBfQaf9Qkfh3IAQ",
                    "resolutions": [
                        {
                            "height": 60,
                            "url": "https://external-preview.redd.it/DsoEMsQVTSIu9MAUIFJApLXpUN9IjCzRZinuX_VPrpA.jpg?width=108&amp;crop=smart&amp;auto=webp&amp;s=d39ca72604f6aa84c0026e84a9e6cc714963dac7",
                            "width": 108
                        },
                        {
                            "height": 121,
                            "url": "https://external-preview.redd.it/DsoEMsQVTSIu9MAUIFJApLXpUN9IjCzRZinuX_VPrpA.jpg?width=216&amp;crop=smart&amp;auto=webp&amp;s=1feeb7e96f788fba2ad04b1438ac0943e774fdcd",
                            "width": 216
                        },
                        {
                            "height": 180,
                            "url": "https://external-preview.redd.it/DsoEMsQVTSIu9MAUIFJApLXpUN9IjCzRZinuX_VPrpA.jpg?width=320&amp;crop=smart&amp;auto=webp&amp;s=85e319d250bae1bc8abb3b4995c715a3ad53e5eb",
                            "width": 320
                        },
                        {
                            "height": 360,
                            "url": "https://external-preview.redd.it/DsoEMsQVTSIu9MAUIFJApLXpUN9IjCzRZinuX_VPrpA.jpg?width=640&amp;crop=smart&amp;auto=webp&amp;s=1b700a5fb11f50bdb4dfa3ee1ec7823377009a04",
                            "width": 640
                        },
                        {
                            "height": 540,
                            "url": "https://external-preview.redd.it/DsoEMsQVTSIu9MAUIFJApLXpUN9IjCzRZinuX_VPrpA.jpg?width=960&amp;crop=smart&amp;auto=webp&amp;s=c88e2175d911ff5766917617eb915e3c9db49db2",
                            "width": 960
                        }
                    ],
                    "source": {
                        "height": 576,
                        "url": "https://external-preview.redd.it/DsoEMsQVTSIu9MAUIFJApLXpUN9IjCzRZinuX_VPrpA.jpg?auto=webp&amp;s=54208eaee72a31c8b005c195fbc08bdbf1c47728",
                        "width": 1024
                    },
                    "variants": {}
                }
            ]
        },
        "pwls": 6,
        "retrieved_on": 1603349096,
        "score": 1,
        "selftext": "",
        "send_replies": true,
        "spoiler": false,
        "stickied": false,
        "subreddit": "Coronavirus",
        "subreddit_id": "t5_2x4yx",
        "subreddit_subscribers": 2296840,
        "subreddit_type": "public",
        "suggested_sort": "confidence",
        "thumbnail": "https://b.thumbs.redditmedia.com/-E8QVkARpV0rFK9oa-1xE4oD7lvQsRFaMULvVFBykyk.jpg",
        "thumbnail_height": 78,
        "thumbnail_width": 140,
        "title": "BBC News Chinese: China's Zhejiang Province launches emergency COVID-19 vaccination program - Experts fear \"harm before benefit\"",
        "total_awards_received": 0,
        "treatment_tags": [],
        "upvote_ratio": 1.0,
        "url": "https://www.bbc.com/zhongwen/simp/chinese-news-54628714?at_custom1=%5Bpost+type%5D&amp;at_campaign=64&amp;at_custom4=BD81DA02-1410-11EB-A3E6-6E2B3A982C1E&amp;at_custom3=BBC+Chinese&amp;at_medium=custom7&amp;at_custom2=twitter",
        "url_overridden_by_dest": "https://www.bbc.com/zhongwen/simp/chinese-news-54628714?at_custom1=%5Bpost+type%5D&amp;at_campaign=64&amp;at_custom4=BD81DA02-1410-11EB-A3E6-6E2B3A982C1E&amp;at_custom3=BBC+Chinese&amp;at_medium=custom7&amp;at_custom2=twitter",
        "whitelist_status": "all_ads",
        "wls": 6
    },
    {
        "all_awardings": [],
        "allow_live_comments": false,
        "author": "etre_be",
        "author_flair_css_class": null,
        "author_flair_richtext": [],
        "author_flair_text": null,
        "author_flair_type": "text",
        "author_fullname": "t2_64wu4",
        "author_patreon_flair": false,
        "author_premium": false,
        "awarders": [],
        "can_mod_post": false,
        "contest_mode": false,
        "created_utc": "2020-10-15 06:58:30",
        "domain": "reason.com",
        "full_link": "https://www.reddit.com/r/Coronavirus/comments/jbip47/who_joins_top_epidemiologists_in_emphasizing_harm/",
        "gildings": {},
        "id": "jbip47",
        "is_crosspostable": true,
        "is_meta": false,
        "is_original_content": false,
        "is_reddit_media_domain": false,
        "is_robot_indexable": true,
        "is_self": false,
        "is_video": false,
        "link_flair_background_color": "#0dd3bb",
        "link_flair_richtext": [],
        "link_flair_template_id": "ca99103a-5e48-11ea-861e-0e14b931d16d",
        "link_flair_text": "World",
        "link_flair_text_color": "dark",
        "link_flair_type": "text",
        "locked": false,
        "media_only": false,
        "no_follow": false,
        "num_comments": 39,
        "num_crossposts": 0,
        "over_18": false,
        "parent_whitelist_status": "all_ads",
        "permalink": "/r/Coronavirus/comments/jbip47/who_joins_top_epidemiologists_in_emphasizing_harm/",
        "pinned": false,
        "post_hint": "link",
        "preview": {
            "enabled": false,
            "images": [
                {
                    "id": "BgQYGR1UQYjC2aI9diVHALoYRQjPxLzGzf0QA385I0g",
                    "resolutions": [
                        {
                            "height": 56,
                            "url": "https://external-preview.redd.it/F6ki87BycmdkqlQsranIOS4JhFSQ8CGYLOOW42_eYXU.jpg?width=108&amp;crop=smart&amp;auto=webp&amp;s=303463ac13f28226ff56f99e0bb577c915041c32",
                            "width": 108
                        },
                        {
                            "height": 113,
                            "url": "https://external-preview.redd.it/F6ki87BycmdkqlQsranIOS4JhFSQ8CGYLOOW42_eYXU.jpg?width=216&amp;crop=smart&amp;auto=webp&amp;s=ecc9d58e4867a370b6640eb52d33fbdf2a2e5515",
                            "width": 216
                        },
                        {
                            "height": 168,
                            "url": "https://external-preview.redd.it/F6ki87BycmdkqlQsranIOS4JhFSQ8CGYLOOW42_eYXU.jpg?width=320&amp;crop=smart&amp;auto=webp&amp;s=f164b9c2878ece3a45fd44dff2a2dad924c87751",
                            "width": 320
                        },
                        {
                            "height": 336,
                            "url": "https://external-preview.redd.it/F6ki87BycmdkqlQsranIOS4JhFSQ8CGYLOOW42_eYXU.jpg?width=640&amp;crop=smart&amp;auto=webp&amp;s=020f0999b717467a42caa04099da8020adce3e8e",
                            "width": 640
                        },
                        {
                            "height": 504,
                            "url": "https://external-preview.redd.it/F6ki87BycmdkqlQsranIOS4JhFSQ8CGYLOOW42_eYXU.jpg?width=960&amp;crop=smart&amp;auto=webp&amp;s=99097c5da89ee844d17ccc8de00b9aa9dcc6849a",
                            "width": 960
                        },
                        {
                            "height": 567,
                            "url": "https://external-preview.redd.it/F6ki87BycmdkqlQsranIOS4JhFSQ8CGYLOOW42_eYXU.jpg?width=1080&amp;crop=smart&amp;auto=webp&amp;s=cda8b81f799208993f229524540e75c86b72aba0",
                            "width": 1080
                        }
                    ],
                    "source": {
                        "height": 630,
                        "url": "https://external-preview.redd.it/F6ki87BycmdkqlQsranIOS4JhFSQ8CGYLOOW42_eYXU.jpg?auto=webp&amp;s=62ab5731b67240293354ba04571d0856cbd12efe",
                        "width": 1200
                    },
                    "variants": {}
                }
            ]
        },
        "pwls": 6,
        "retrieved_on": 1602745121,
        "score": 1,
        "selftext": "",
        "send_replies": true,
        "spoiler": false,
        "stickied": false,
        "subreddit": "Coronavirus",
        "subreddit_id": "t5_2x4yx",
        "subreddit_subscribers": 2292359,
        "subreddit_type": "public",
        "suggested_sort": "confidence",
        "thumbnail": "https://b.thumbs.redditmedia.com/AQN9O5mkAaxWhCqNfgHEDCsgKxLNYSt-smV3ZAQDJbI.jpg",
        "thumbnail_height": 73,
        "thumbnail_width": 140,
        "title": "WHO Joins Top Epidemiologists in Emphasizing Harm Caused by Lockdowns",
        "total_awards_received": 0,
        "treatment_tags": [],
        "upvote_ratio": 1.0,
        "url": "https://reason.com/2020/10/14/who-joins-top-epidemiologists-in-emphasizing-harm-caused-by-lockdowns/",
        "url_overridden_by_dest": "https://reason.com/2020/10/14/who-joins-top-epidemiologists-in-emphasizing-harm-caused-by-lockdowns/",
        "whitelist_status": "all_ads",
        "wls": 6
    },
    {
        "all_awardings": [],
        "allow_live_comments": false,
        "author": "Beliavsky",
        "author_flair_css_class": null,
        "author_flair_richtext": [],
        "author_flair_text": null,
        "author_flair_type": "text",
        "author_fullname": "t2_46lgy2q5",
        "author_patreon_flair": false,
        "author_premium": true,
        "awarders": [],
        "can_mod_post": false,
        "contest_mode": false,
        "created_utc": "2020-10-07 15:39:25",
        "domain": "nypost.com",
        "full_link": "https://www.reddit.com/r/Coronavirus/comments/j6t45v/medical_experts_lockdowns_do_more_harm_than_good/",
        "gildings": {},
        "id": "j6t45v",
        "is_crosspostable": false,
        "is_meta": false,
        "is_original_content": false,
        "is_reddit_media_domain": false,
        "is_robot_indexable": false,
        "is_self": false,
        "is_video": false,
        "link_flair_background_color": "#ea0027",
        "link_flair_css_class": "rm infoquality",
        "link_flair_richtext": [],
        "link_flair_template_id": "2ac9e9e2-67cd-11ea-b6ae-0e214693e803",
        "link_flair_text": "Removed - Rule 5: Keep information quality high",
        "link_flair_text_color": "dark",
        "link_flair_type": "text",
        "locked": false,
        "media_only": false,
        "no_follow": true,
        "num_comments": 2,
        "num_crossposts": 0,
        "over_18": false,
        "parent_whitelist_status": "all_ads",
        "permalink": "/r/Coronavirus/comments/j6t45v/medical_experts_lockdowns_do_more_harm_than_good/",
        "pinned": false,
        "post_hint": "link",
        "preview": {
            "enabled": false,
            "images": [
                {
                    "id": "P3DrB6Nu1x35GZPBbNcJlggaMaY-jFo2uidLHKDZgD0",
                    "resolutions": [
                        {
                            "height": 71,
                            "url": "https://external-preview.redd.it/p-ecOooBkRUiAC4aDB1OgmPA3ceHFTz3gf2SOWBLUhc.jpg?width=108&amp;crop=smart&amp;auto=webp&amp;s=f981a471e41c2a73283552705096d21f29e9bf90",
                            "width": 108
                        },
                        {
                            "height": 143,
                            "url": "https://external-preview.redd.it/p-ecOooBkRUiAC4aDB1OgmPA3ceHFTz3gf2SOWBLUhc.jpg?width=216&amp;crop=smart&amp;auto=webp&amp;s=6db37dc09471eb72d4397d148e5534e2d490a90f",
                            "width": 216
                        },
                        {
                            "height": 212,
                            "url": "https://external-preview.redd.it/p-ecOooBkRUiAC4aDB1OgmPA3ceHFTz3gf2SOWBLUhc.jpg?width=320&amp;crop=smart&amp;auto=webp&amp;s=587f598981590161668c670db2d1a4daabe8f9d8",
                            "width": 320
                        },
                        {
                            "height": 425,
                            "url": "https://external-preview.redd.it/p-ecOooBkRUiAC4aDB1OgmPA3ceHFTz3gf2SOWBLUhc.jpg?width=640&amp;crop=smart&amp;auto=webp&amp;s=a7329be6da80f4862c11c76abc509fe3add59c65",
                            "width": 640
                        },
                        {
                            "height": 638,
                            "url": "https://external-preview.redd.it/p-ecOooBkRUiAC4aDB1OgmPA3ceHFTz3gf2SOWBLUhc.jpg?width=960&amp;crop=smart&amp;auto=webp&amp;s=de6cf5fa538f304fae5666c1a03273f2040e2ed0",
                            "width": 960
                        },
                        {
                            "height": 718,
                            "url": "https://external-preview.redd.it/p-ecOooBkRUiAC4aDB1OgmPA3ceHFTz3gf2SOWBLUhc.jpg?width=1080&amp;crop=smart&amp;auto=webp&amp;s=401cac0979ef003f1325f6ddc8ef798cd190a058",
                            "width": 1080
                        }
                    ],
                    "source": {
                        "height": 798,
                        "url": "https://external-preview.redd.it/p-ecOooBkRUiAC4aDB1OgmPA3ceHFTz3gf2SOWBLUhc.jpg?auto=webp&amp;s=50295dec2c6616740f53deed3e9cd735e07f8e08",
                        "width": 1200
                    },
                    "variants": {}
                }
            ]
        },
        "pwls": 6,
        "removed_by_category": "moderator",
        "retrieved_on": 1602085176,
        "score": 1,
        "selftext": "",
        "send_replies": true,
        "spoiler": false,
        "stickied": false,
        "subreddit": "Coronavirus",
        "subreddit_id": "t5_2x4yx",
        "subreddit_subscribers": 2287587,
        "subreddit_type": "public",
        "suggested_sort": "confidence",
        "thumbnail": "https://b.thumbs.redditmedia.com/il_3VIcLlaZMP-M8JkdUiw_tjYiRhURrM5tFSj0sWWI.jpg",
        "thumbnail_height": 93,
        "thumbnail_width": 140,
        "title": "Medical experts: Lockdowns do more harm than good",
        "total_awards_received": 0,
        "treatment_tags": [],
        "upvote_ratio": 1.0,
        "url": "https://nypost.com/2020/10/06/medical-experts-lockdowns-do-more-harm-than-good/",
        "url_overridden_by_dest": "https://nypost.com/2020/10/06/medical-experts-lockdowns-do-more-harm-than-good/",
        "whitelist_status": "all_ads",
        "wls": 6
    },
    {
        "all_awardings": [],
        "allow_live_comments": false,
        "author": "polarbear314159",
        "author_flair_css_class": null,
        "author_flair_richtext": [],
        "author_flair_text": null,
        "author_flair_type": "text",
        "author_fullname": "t2_47hx95kr",
        "author_patreon_flair": false,
        "author_premium": false,
        "awarders": [],
        "can_mod_post": false,
        "contest_mode": false,
        "created_utc": "2020-10-04 20:46:42",
        "domain": "bloomberg.com",
        "full_link": "https://www.reddit.com/r/Coronavirus/comments/j569ki/trumps_vip_medical_care_could_do_more_harm_than/",
        "gildings": {},
        "id": "j569ki",
        "is_crosspostable": false,
        "is_meta": false,
        "is_original_content": false,
        "is_reddit_media_domain": false,
        "is_robot_indexable": false,
        "is_self": false,
        "is_video": false,
        "link_flair_background_color": "#ff8717",
        "link_flair_richtext": [],
        "link_flair_template_id": "e7643a50-5e48-11ea-8e30-0e05eb9dc901",
        "link_flair_text": "USA",
        "link_flair_text_color": "dark",
        "link_flair_type": "text",
        "locked": false,
        "media_only": false,
        "no_follow": true,
        "num_comments": 1,
        "num_crossposts": 0,
        "over_18": false,
        "parent_whitelist_status": "all_ads",
        "permalink": "/r/Coronavirus/comments/j569ki/trumps_vip_medical_care_could_do_more_harm_than/",
        "pinned": false,
        "pwls": 6,
        "removed_by_category": "automod_filtered",
        "retrieved_on": 1601844413,
        "score": 1,
        "selftext": "",
        "send_replies": true,
        "spoiler": false,
        "stickied": false,
        "subreddit": "Coronavirus",
        "subreddit_id": "t5_2x4yx",
        "subreddit_subscribers": 2285653,
        "subreddit_type": "public",
        "suggested_sort": "confidence",
        "thumbnail": "default",
        "title": "Trump\u2019s V.I.P. Medical Care Could Do More Harm Than Good",
        "total_awards_received": 0,
        "treatment_tags": [],
        "upvote_ratio": 1.0,
        "url": "https://www.bloomberg.com/news/articles/2020-10-04/trump-s-v-i-p-medical-care-could-do-more-harm-than-good",
        "url_overridden_by_dest": "https://www.bloomberg.com/news/articles/2020-10-04/trump-s-v-i-p-medical-care-could-do-more-harm-than-good",
        "whitelist_status": "all_ads",
        "wls": 6
    },
    {
        "all_awardings": [],
        "allow_live_comments": false,
        "author": "Echoxl",
        "author_flair_css_class": null,
        "author_flair_richtext": [],
        "author_flair_text": null,
        "author_flair_type": "text",
        "author_fullname": "t2_f5dtm0o",
        "author_patreon_flair": false,
        "author_premium": false,
        "awarders": [],
        "can_mod_post": false,
        "contest_mode": false,
        "created_utc": "2020-10-03 04:06:17",
        "domain": "youtu.be",
        "full_link": "https://www.reddit.com/r/Coronavirus/comments/j499u4/2020_debate_meme_for_laughs_giggles_no_harm/",
        "gildings": {},
        "id": "j499u4",
        "is_crosspostable": false,
        "is_meta": false,
        "is_original_content": false,
        "is_reddit_media_domain": false,
        "is_robot_indexable": false,
        "is_self": false,
        "is_video": false,
        "link_flair_background_color": "#ff8717",
        "link_flair_richtext": [],
        "link_flair_template_id": "e7643a50-5e48-11ea-8e30-0e05eb9dc901",
        "link_flair_text": "USA",
        "link_flair_text_color": "dark",
        "link_flair_type": "text",
        "locked": false,
        "media": {
            "oembed": {
                "author_name": "Cynical",
                "author_url": "https://www.youtube.com/channel/UCaffYvyINDlVE3nqVa1jPoA",
                "height": 338,
                "html": "&lt;iframe width=\"600\" height=\"338\" src=\"https://www.youtube.com/embed/HdSoTvHloh4?feature=oembed&amp;enablejsapi=1\" frameborder=\"0\" allow=\"accelerometer; autoplay; clipboard-write; encrypted-media; gyroscope; picture-in-picture\" allowfullscreen&gt;&lt;/iframe&gt;",
                "provider_name": "YouTube",
                "provider_url": "https://www.youtube.com/",
                "thumbnail_height": 360,
                "thumbnail_url": "https://i.ytimg.com/vi/HdSoTvHloh4/hqdefault.jpg",
                "thumbnail_width": 480,
                "title": "2020 DEBATE TRUMP GETS COVID",
                "type": "video",
                "version": "1.0",
                "width": 600
            },
            "type": "youtube.com"
        },
        "media_embed": {
            "content": "&lt;iframe width=\"600\" height=\"338\" src=\"https://www.youtube.com/embed/HdSoTvHloh4?feature=oembed&amp;enablejsapi=1\" frameborder=\"0\" allow=\"accelerometer; autoplay; clipboard-write; encrypted-media; gyroscope; picture-in-picture\" allowfullscreen&gt;&lt;/iframe&gt;",
            "height": 338,
            "scrolling": false,
            "width": 600
        },
        "media_only": false,
        "no_follow": true,
        "num_comments": 1,
        "num_crossposts": 0,
        "over_18": false,
        "parent_whitelist_status": "all_ads",
        "permalink": "/r/Coronavirus/comments/j499u4/2020_debate_meme_for_laughs_giggles_no_harm/",
        "pinned": false,
        "post_hint": "rich:video",
        "preview": {
            "enabled": false,
            "images": [
                {
                    "id": "Z8Iibwdk9vIrrPyeeLyG9Z01cqhozFULZ-7q1OpxHcQ",
                    "resolutions": [
                        {
                            "height": 81,
                            "url": "https://external-preview.redd.it/bk7f_qnb-L52CCWRiTatTViOjByUMb3S5S4cT8acOIs.jpg?width=108&amp;crop=smart&amp;auto=webp&amp;s=51ee81d2ab63d5265f2a82294dca76885d92c03c",
                            "width": 108
                        },
                        {
                            "height": 162,
                            "url": "https://external-preview.redd.it/bk7f_qnb-L52CCWRiTatTViOjByUMb3S5S4cT8acOIs.jpg?width=216&amp;crop=smart&amp;auto=webp&amp;s=ce13eabc5e6cee6ec25a8a3496a953700f03c1bb",
                            "width": 216
                        },
                        {
                            "height": 240,
                            "url": "https://external-preview.redd.it/bk7f_qnb-L52CCWRiTatTViOjByUMb3S5S4cT8acOIs.jpg?width=320&amp;crop=smart&amp;auto=webp&amp;s=e7dc4e647be04f265b2395b507c138548f667474",
                            "width": 320
                        }
                    ],
                    "source": {
                        "height": 360,
                        "url": "https://external-preview.redd.it/bk7f_qnb-L52CCWRiTatTViOjByUMb3S5S4cT8acOIs.jpg?auto=webp&amp;s=319a8b5ab2ca61a31ab3214201344814d30cf3c6",
                        "width": 480
                    },
                    "variants": {}
                }
            ]
        },
        "pwls": 6,
        "removed_by_category": "automod_filtered",
        "retrieved_on": 1601697988,
        "score": 1,
        "secure_media": {
            "oembed": {
                "author_name": "Cynical",
                "author_url": "https://www.youtube.com/channel/UCaffYvyINDlVE3nqVa1jPoA",
                "height": 338,
                "html": "&lt;iframe width=\"600\" height=\"338\" src=\"https://www.youtube.com/embed/HdSoTvHloh4?feature=oembed&amp;enablejsapi=1\" frameborder=\"0\" allow=\"accelerometer; autoplay; clipboard-write; encrypted-media; gyroscope; picture-in-picture\" allowfullscreen&gt;&lt;/iframe&gt;",
                "provider_name": "YouTube",
                "provider_url": "https://www.youtube.com/",
                "thumbnail_height": 360,
                "thumbnail_url": "https://i.ytimg.com/vi/HdSoTvHloh4/hqdefault.jpg",
                "thumbnail_width": 480,
                "title": "2020 DEBATE TRUMP GETS COVID",
                "type": "video",
                "version": "1.0",
                "width": 600
            },
            "type": "youtube.com"
        },
        "secure_media_embed": {
            "content": "&lt;iframe width=\"600\" height=\"338\" src=\"https://www.youtube.com/embed/HdSoTvHloh4?feature=oembed&amp;enablejsapi=1\" frameborder=\"0\" allow=\"accelerometer; autoplay; clipboard-write; encrypted-media; gyroscope; picture-in-picture\" allowfullscreen&gt;&lt;/iframe&gt;",
            "height": 338,
            "media_domain_url": "https://www.redditmedia.com/mediaembed/j499u4",
            "scrolling": false,
            "width": 600
        },
        "selftext": "",
        "send_replies": true,
        "spoiler": false,
        "stickied": false,
        "subreddit": "Coronavirus",
        "subreddit_id": "t5_2x4yx",
        "subreddit_subscribers": 2284549,
        "subreddit_type": "public",
        "suggested_sort": "confidence",
        "thumbnail": "https://b.thumbs.redditmedia.com/iEwMUS7g50U8CO4zvXBBk9PTuIOGK35fWByOFBBg_Cw.jpg",
        "thumbnail_height": 105,
        "thumbnail_width": 140,
        "title": "2020 DEBATE MEME (for laughs &amp; Giggles no harm against anyone or the community!) love you all",
        "total_awards_received": 0,
        "treatment_tags": [],
        "upvote_ratio": 1.0,
        "url": "https://youtu.be/HdSoTvHloh4",
        "url_overridden_by_dest": "https://youtu.be/HdSoTvHloh4",
        "whitelist_status": "all_ads",
        "wls": 6
    }
]