[
    {
        "all_awardings": [],
        "allow_live_comments": false,
        "author": "intpintraining",
        "author_flair_css_class": null,
        "author_flair_richtext": [],
        "author_flair_text": null,
        "author_flair_type": "text",
        "author_fullname": "t2_5qjz5tn7",
        "author_patreon_flair": false,
        "author_premium": false,
        "awarders": [],
        "can_mod_post": false,
        "contest_mode": false,
        "created_utc": "2020-02-20 18:51:35",
        "domain": "self.addiction",
        "full_link": "https://www.reddit.com/r/addiction/comments/f6xoei/today_i_wrote_a_letter_to_my_addiction/",
        "gildings": {},
        "id": "f6xoei",
        "is_crosspostable": true,
        "is_meta": false,
        "is_original_content": false,
        "is_reddit_media_domain": false,
        "is_robot_indexable": true,
        "is_self": true,
        "is_video": false,
        "link_flair_background_color": "",
        "link_flair_richtext": [],
        "link_flair_text_color": "dark",
        "link_flair_type": "text",
        "locked": false,
        "media_only": false,
        "no_follow": true,
        "num_comments": 5,
        "num_crossposts": 0,
        "over_18": false,
        "parent_whitelist_status": "no_ads",
        "permalink": "/r/addiction/comments/f6xoei/today_i_wrote_a_letter_to_my_addiction/",
        "pinned": false,
        "pwls": 0,
        "retrieved_on": 1582226179,
        "score": 3,
        "selftext": "I found this suprisingly therapuetic. I have never posted on reddit before, so I made an account just to share this thinking maybe it would help someone else the way it did for me. Sorry for any grammer, spelling, or structuring errors as I was a little emotional writing this. \n\n&amp;#x200B;\n\nDear Addiction,\n\nI don\u2019t remember the first time we met. I know it was a long time ago, and over time we became friends. We became the best of friends. We got closer and closer to the point that I didn\u2019t really think I needed anyone else. When I was down you picked me up. When I was sad you made me happy. When I was alone you comforted me. I really didn\u2019t think I needed anyone else except for you.\n\nThe pain of hiding my secrets from being molested and coping with the fact that I never knew my dad you showed me how to make myself feel better with overeating food and sweet treats when I was far to young to deal with them. When I was struggling to make friends and being bullied every day in grade school for my weight and being different you showed me how to stave off the suffering and isolation by watching porn compulsively and hiding who I was and how I felt from other people. When I was struggling to fit in with people in high school you told me how to use Adderall and lying to make people think I was someone I wasn\u2019t, and you told me this was okay. That it was normal. \n\nOver the years I started to believe you. I believed you man. I trusted you. You were supposed to protect me and take care of me. No one else did. No one else did. The truth is that you were the one that was sad and alone, and you didn\u2019t want anyone else to have me like a controlling and possessive stalker. You made me believe that no one else would care. That no one else wanted to listen. I believed I was a weak loser who was dumb and needed you to survive. For while there I honestly believed you when you made me think that you were the only one who would ever be there for me. You gaslighted me and made me believe that all this was normal behavior, and that I was not strong enough to live life on my own terms and get what I want.\n\nYou made me think it was normal to avoid your family. Normal to live with shame. Normal to drink and do drugs every day. Normal to watch progressively more and more taboo porn and wake up with a twisted sexuality every day. Normal to avoid my girlfriend or lie to her. Normal for my bad behaviors and emotional burdens to become hers as well. I know now that it\u2019s not, and that you just wanted me for yourself. Normal to avoid my son because I wanted to hang out with you instead. Normal to think that giving into weakness was okay instead of becoming stronger. None of that shit is normal, and you led me to believe with a million reasons and excuses that it was just who I was.\n\nI have decided we can\u2019t be friends anymore. You just aren\u2019t good for my life. My family, my health mentally, sexually, and physically is more important than the temporary relief and high we find together. I\u2019m sorry, it\u2019s not easy for me to write this letter, but it must be done. I need to go on to make new friends and relationships. I need to be able to show my family and girlfriend that I love them in a healthy way. I can\u2019t do that with you hanging around anymore. You need to go. I appreciate the life lessons you taught me, but now it\u2019s time to grow. \n\nDon\u2019t try to come back or sneak back in because I know your tricks now. I know I can\u2019t trust you. I know now that you never really were my friend but my user and manipulator. \n\nSincerely, \n\nYour old friend.",
        "send_replies": true,
        "spoiler": false,
        "stickied": false,
        "subreddit": "addiction",
        "subreddit_id": "t5_2qwvc",
        "subreddit_subscribers": 38928,
        "subreddit_type": "public",
        "suggested_sort": "confidence",
        "thumbnail": "self",
        "title": "Today I wrote a letter to my addiction",
        "total_awards_received": 0,
        "url": "https://www.reddit.com/r/addiction/comments/f6xoei/today_i_wrote_a_letter_to_my_addiction/",
        "whitelist_status": "no_ads",
        "wls": 0
    },
    {
        "all_awardings": [],
        "allow_live_comments": false,
        "author": "Addictius9000",
        "author_flair_css_class": null,
        "author_flair_richtext": [],
        "author_flair_text": null,
        "author_flair_type": "text",
        "author_fullname": "t2_4zlslc7n",
        "author_patreon_flair": false,
        "author_premium": false,
        "awarders": [],
        "can_mod_post": false,
        "contest_mode": false,
        "created_utc": "2020-02-19 12:43:11",
        "domain": "self.addiction",
        "full_link": "https://www.reddit.com/r/addiction/comments/f6a84c/the_more_i_learn_about_addiction_the_lower_i_go/",
        "gildings": {},
        "id": "f6a84c",
        "is_crosspostable": true,
        "is_meta": false,
        "is_original_content": false,
        "is_reddit_media_domain": false,
        "is_robot_indexable": true,
        "is_self": true,
        "is_video": false,
        "link_flair_background_color": "",
        "link_flair_richtext": [],
        "link_flair_text_color": "dark",
        "link_flair_type": "text",
        "locked": false,
        "media_only": false,
        "no_follow": true,
        "num_comments": 3,
        "num_crossposts": 0,
        "over_18": false,
        "parent_whitelist_status": "no_ads",
        "permalink": "/r/addiction/comments/f6a84c/the_more_i_learn_about_addiction_the_lower_i_go/",
        "pinned": false,
        "pwls": 0,
        "retrieved_on": 1582116192,
        "score": 1,
        "selftext": "I used too think knowledge is power, but after realising Im an addict and made the choice to go to rehab, a whole other world opened up for me. I loved detox, I finally felt at home somwhere and save. The people there all thought the same. We were on the same level. I never experienced this in my life. I always needed alcohol too \"fit\" in, well  I did exactly the opposite, but I was drunk, so who the fuck cares right. \n\nI learned a lot about how addiction works and why I use, but it didnt solve shit. It only made it worse. On top of that I got diagnosed with stuff. A little information flyer and off you go. \n\nSometimes the psychs even said I didnt have that disorder, I must have had an off day. Do they realise what the impact on someone is by saying he is a borderliner, but maybe he had on off day so maybe not? \n\nI can def relate too my other problems, but I cant wrap my head around the borderline diagnose. \n\nSo my fairytale of going to rehab and came out as a fresh man didnt go as plannend to say the least. I try to learn about what I have and how to deal with it, but the only solution I can come up with is isolation. \n\nI have no idea where Im going with this story. Maybe just try to find people who experienced the same. I feel like even a bigger failure since rehab feels like it made me worse theb I already were.",
        "send_replies": true,
        "spoiler": false,
        "stickied": false,
        "subreddit": "addiction",
        "subreddit_id": "t5_2qwvc",
        "subreddit_subscribers": 38888,
        "subreddit_type": "public",
        "suggested_sort": "confidence",
        "thumbnail": "self",
        "title": "The more I learn about addiction, the lower I go.",
        "total_awards_received": 0,
        "url": "https://www.reddit.com/r/addiction/comments/f6a84c/the_more_i_learn_about_addiction_the_lower_i_go/",
        "whitelist_status": "no_ads",
        "wls": 0
    },
    {
        "all_awardings": [],
        "allow_live_comments": false,
        "author": "i-Quick-Scoped-JFK",
        "author_flair_css_class": null,
        "author_flair_richtext": [],
        "author_flair_text": null,
        "author_flair_type": "text",
        "author_fullname": "t2_5hhba624",
        "author_patreon_flair": false,
        "author_premium": false,
        "awarders": [],
        "can_mod_post": false,
        "contest_mode": false,
        "created_utc": "2020-02-16 04:28:39",
        "domain": "self.addiction",
        "full_link": "https://www.reddit.com/r/addiction/comments/f4lj4t/i_feel_my_addiction_is_extremely_crippling_but_i/",
        "gildings": {},
        "id": "f4lj4t",
        "is_crosspostable": true,
        "is_meta": false,
        "is_original_content": false,
        "is_reddit_media_domain": false,
        "is_robot_indexable": true,
        "is_self": true,
        "is_video": false,
        "link_flair_background_color": "",
        "link_flair_richtext": [],
        "link_flair_text_color": "dark",
        "link_flair_type": "text",
        "locked": false,
        "media_only": false,
        "no_follow": true,
        "num_comments": 2,
        "num_crossposts": 0,
        "over_18": false,
        "parent_whitelist_status": "no_ads",
        "permalink": "/r/addiction/comments/f4lj4t/i_feel_my_addiction_is_extremely_crippling_but_i/",
        "pinned": false,
        "pwls": 0,
        "retrieved_on": 1581827320,
        "score": 1,
        "selftext": "Weed, psychedelics (debatable), alcohol, pills and nicotine have me by the throat. I feel like I could get off it all so easily, when there are people on the needle that really need help. I mean I'm not going to kill myself with this shit anytime soon, I'm not stealing all the time anymore and I'm not in an out of jail nor have I been in the past. I have no family to hurt other than my mother. I do however feel like the weight of the world is on my back. \n\nThe things I've done and continue to do. The drugs. The near abandonment of my faith. The pain I've caused my mother and my best friends. I've been thinking of just getting high and giving myself carbon monoxide poisoning, but that isn't the way out of this. It would make everything worse. I can be free. I just need help but can't bring myself to get it despite how much I truly want it. I think I'm afraid of getting help. I don't know.\n\nRight now every day seems to be the more of same. I'm starting to find comfort in the idea of death and that scares and saddens me. How did I get here? When did I change and what really did it? I wasn't always this way. I really think it began with weed, but I don't know. I've been inside my own head for so long no one knows me but God. All this time I've spent in isolation or wearing a mask and I still don't even know myself. I feel like I've been watching my life from the outside for years. I'm sorry I know my writing skills are not good and it may not be appropriate reddit format but these were my thoughts.",
        "send_replies": true,
        "spoiler": false,
        "stickied": false,
        "subreddit": "addiction",
        "subreddit_id": "t5_2qwvc",
        "subreddit_subscribers": 38762,
        "subreddit_type": "public",
        "suggested_sort": "confidence",
        "thumbnail": "self",
        "title": "I feel my addiction is extremely crippling, but I feel bad about myself knowing others have it so much worse.",
        "total_awards_received": 0,
        "url": "https://www.reddit.com/r/addiction/comments/f4lj4t/i_feel_my_addiction_is_extremely_crippling_but_i/",
        "whitelist_status": "no_ads",
        "wls": 0
    },
    {
        "all_awardings": [],
        "allow_live_comments": false,
        "author": "zpecialflowsnake",
        "author_flair_css_class": null,
        "author_flair_richtext": [],
        "author_flair_text": null,
        "author_flair_type": "text",
        "author_fullname": "t2_50f4tr78",
        "author_patreon_flair": false,
        "author_premium": false,
        "awarders": [],
        "can_mod_post": false,
        "contest_mode": false,
        "created_utc": "2020-02-13 13:46:26",
        "domain": "self.addiction",
        "full_link": "https://www.reddit.com/r/addiction/comments/f3a742/is_life_on_drugs_really_immeasurably_better/",
        "gildings": {},
        "id": "f3a742",
        "is_crosspostable": true,
        "is_meta": false,
        "is_original_content": false,
        "is_reddit_media_domain": false,
        "is_robot_indexable": true,
        "is_self": true,
        "is_video": false,
        "link_flair_background_color": "",
        "link_flair_richtext": [],
        "link_flair_text_color": "dark",
        "link_flair_type": "text",
        "locked": false,
        "media_only": false,
        "no_follow": true,
        "num_comments": 64,
        "num_crossposts": 0,
        "over_18": false,
        "parent_whitelist_status": "no_ads",
        "permalink": "/r/addiction/comments/f3a742/is_life_on_drugs_really_immeasurably_better/",
        "pinned": false,
        "pwls": 0,
        "retrieved_on": 1581601589,
        "score": 1,
        "selftext": "Hello all\n\nMy friend (23) has been heavily addicted to benzodiazepines for over 4 years now. And not only those, he's probably used and mixed every hallucinant drug under the sun. I want to do something because i can't bear to see him in this state but i'm completely incompetent and know nothing of drugs or addiction. I need to say that he's not a really close friend, more someone who i happen to know. I'm trying to stay in touch with him, he basically has no social network and our contact is reduced to online contact (social anxiety got him on xanax in the first place).\n \nNow it's not like he hasn't considered quitting himself, he did actually quit for a few times in the past years, never longer than a month though. But the argument he makes is that life is Just incredibly better on drugs for him, je says that all activities in our lives are aimed at making is feel good, and he's doing it in the most effectieve way.  To me he said:\n\n\"Drugs prove that happiness, success, motivation etc are all hormone/chemically controller, it's out of your controll. For me drugs are immeasurably better than real life. Without it, I'm eternally bored, soulless, obese and there is no reason to live.\"\n\nI don't know what to say, i mean, I don't think it's possible to change someone's will but besides, doesn't he kind of have a point? \n\nWith his current lifestyle, i don't see him reach 25. All mind altering substances combined with alcohol, no social life and depressive thoughts will bring him down quickly. He doesn't care if he dies soon, doesn't care about anything but his drugs tbh.\n\nI however do care, a lot. I am very concerned and I'm not giving up hope yet. I know he's in need of professional help but what can i say, how can i reach out to him? I have to note that I am unable to see him in real life these days, the distance is frustrating me. \n\nI hope this community can share some thoughts on the matter.\n\nThank yall for reading",
        "send_replies": true,
        "spoiler": false,
        "stickied": false,
        "subreddit": "addiction",
        "subreddit_id": "t5_2qwvc",
        "subreddit_subscribers": 38685,
        "subreddit_type": "public",
        "suggested_sort": "confidence",
        "thumbnail": "self",
        "title": "Is life on drugs really immeasurably better?",
        "total_awards_received": 0,
        "url": "https://www.reddit.com/r/addiction/comments/f3a742/is_life_on_drugs_really_immeasurably_better/",
        "whitelist_status": "no_ads",
        "wls": 0
    },
    {
        "all_awardings": [],
        "allow_live_comments": false,
        "author": "Sardizzle13",
        "author_flair_css_class": null,
        "author_flair_richtext": [],
        "author_flair_text": null,
        "author_flair_type": "text",
        "author_fullname": "t2_23fn421n",
        "author_patreon_flair": false,
        "author_premium": false,
        "awarders": [],
        "can_mod_post": false,
        "contest_mode": false,
        "created_utc": "2020-02-06 23:14:10",
        "domain": "self.addiction",
        "full_link": "https://www.reddit.com/r/addiction/comments/f0126k/butterfly_effect/",
        "gildings": {},
        "id": "f0126k",
        "is_crosspostable": true,
        "is_meta": false,
        "is_original_content": false,
        "is_reddit_media_domain": false,
        "is_robot_indexable": true,
        "is_self": true,
        "is_video": false,
        "link_flair_background_color": "",
        "link_flair_richtext": [],
        "link_flair_text_color": "dark",
        "link_flair_type": "text",
        "locked": false,
        "media_only": false,
        "no_follow": true,
        "num_comments": 0,
        "num_crossposts": 0,
        "over_18": false,
        "parent_whitelist_status": "no_ads",
        "permalink": "/r/addiction/comments/f0126k/butterfly_effect/",
        "pinned": false,
        "pwls": 0,
        "retrieved_on": 1581030856,
        "score": 1,
        "selftext": "Today I want to share something with everyone. If you can take the time out to read it. \nAfter lectures today my friends and I sat down and spoke of how we were wasting our time in University not doing anything, how we were just trudging through the days without much joy. And how we would love to live fully in the moment and have great memories. \nWe decided that fun wouldn\u2019t come to us unless we actively sought it out so we went on a long ass drive up a mountain about an hour from the city and just looked at the view with all the houses and lights looking so tiny from the distance. The three of us stood by the road and had a dance party while cars passed by looking so confused, and we laughed and laughed and laughed. We said hello to everyone who passed by and goofed around. It was a great end to our day.\nWhy am I sharing this? About a year and a half ago, while still in Uni I was majorly depressed. I was going through so much both in my head and in my life, I would drink or get high several times a day, almost everyday. I couldn\u2019t handle social events unless I was stoned or at the very least tipsy. I was withdrawn from my family and my friends and was around company who encouraged me to drink and smoke because I would pretend everything was fine around them and think I was just living it up. \nI finally stopped lying to myself that alcohol and drugs were things that made me genuinely happy and sought help. It was hard and painful, it still is sometimes, whenever I get stressed or upset the feelings I used to get from these things call me. It\u2019s hard to resist sometimes and sometimes I fail. But what I can tell you with certainty is that a year and a few later, I\u2019m able to genuinely have good times without alcohol and drugs and that\u2019s so crazy to me. I was so dependent that every social interaction felt empty without them. \n This is corny as hell, but keep pushing guys, it does get better. I love you all even though I\u2019m probably millions of miles away from you all and I\u2019ll never meet you. You will get through this, you will stumble but that\u2019s okay, just keep moving. \nI\u2019ll leave you with a quote from Uncle Iroh in Avatar that helps me a lot, \n\u201cSometimes life is like this tunnel. You can\u2019t always see the light at the end of the tunnel, but if you keep moving, you will come to a better place.\u201d",
        "send_replies": true,
        "spoiler": false,
        "stickied": false,
        "subreddit": "addiction",
        "subreddit_id": "t5_2qwvc",
        "subreddit_subscribers": 38448,
        "subreddit_type": "public",
        "suggested_sort": "confidence",
        "thumbnail": "self",
        "title": "BUTTERFLY EFFECT.",
        "total_awards_received": 0,
        "url": "https://www.reddit.com/r/addiction/comments/f0126k/butterfly_effect/",
        "whitelist_status": "no_ads",
        "wls": 0
    }
]