[
    {
        "all_awardings": [],
        "allow_live_comments": false,
        "author": "cosmicchai",
        "author_flair_css_class": null,
        "author_flair_richtext": [],
        "author_flair_template_id": "346d29e0-5582-11e4-a1fa-12313b0b7e66",
        "author_flair_text": "22/02/19",
        "author_flair_text_color": "dark",
        "author_flair_type": "text",
        "author_fullname": "t2_4vvad6u",
        "author_patreon_flair": false,
        "author_premium": false,
        "awarders": [],
        "can_mod_post": false,
        "contest_mode": false,
        "created_utc": "2020-02-03 20:01:18",
        "domain": "self.OpiatesRecovery",
        "full_link": "https://www.reddit.com/r/OpiatesRecovery/comments/eycvq8/almost_at_1_year_sponsors/",
        "gildings": {},
        "id": "eycvq8",
        "is_crosspostable": false,
        "is_meta": false,
        "is_original_content": false,
        "is_reddit_media_domain": false,
        "is_robot_indexable": true,
        "is_self": true,
        "is_video": false,
        "link_flair_background_color": "",
        "link_flair_richtext": [],
        "link_flair_text_color": "dark",
        "link_flair_type": "text",
        "locked": false,
        "media_only": false,
        "no_follow": true,
        "num_comments": 5,
        "num_crossposts": 0,
        "over_18": false,
        "parent_whitelist_status": "no_ads",
        "permalink": "/r/OpiatesRecovery/comments/eycvq8/almost_at_1_year_sponsors/",
        "pinned": false,
        "pwls": 0,
        "retrieved_on": 1580760084,
        "score": 1,
        "selftext": "I'm a couple weeks away from my one year. I'm really worried that once that day comes I will use it as an excuse to use as a \"congratulations\". The week of I have my school break, I'll be studying CNS drugs (specifically opiates) for my upcoming pharmacology exam and will have the house to myself since family will be going on vacation. Seems like a recipe for disaster and a true test. \n\nNot sure if this is done here but I am wondering if there are any sponsors on here that are available? Getting pretty desperate as I'm sinking further into depression/isolation and cravings.",
        "send_replies": true,
        "spoiler": false,
        "stickied": false,
        "subreddit": "OpiatesRecovery",
        "subreddit_id": "t5_2tkk8",
        "subreddit_subscribers": 23458,
        "subreddit_type": "public",
        "thumbnail": "self",
        "title": "Almost at 1 year - Sponsors?",
        "total_awards_received": 0,
        "url": "https://www.reddit.com/r/OpiatesRecovery/comments/eycvq8/almost_at_1_year_sponsors/",
        "whitelist_status": "no_ads",
        "wls": 0
    }
]