[
    {
        "all_awardings": [],
        "allow_live_comments": false,
        "author": "kopitesubuser",
        "author_flair_css_class": null,
        "author_flair_richtext": [],
        "author_flair_text": null,
        "author_flair_type": "text",
        "author_fullname": "t2_4d8ldgq5",
        "author_patreon_flair": false,
        "author_premium": false,
        "awarders": [],
        "can_mod_post": false,
        "contest_mode": false,
        "created_utc": "2020-02-26 19:10:15",
        "domain": "self.opiates",
        "full_link": "https://www.reddit.com/r/opiates/comments/f9yd6i/be_fun_if_we_all_got_quarantined_and_could_not/",
        "gildings": {},
        "id": "f9yd6i",
        "is_crosspostable": false,
        "is_meta": false,
        "is_original_content": false,
        "is_reddit_media_domain": false,
        "is_robot_indexable": false,
        "is_self": true,
        "is_video": false,
        "link_flair_background_color": "",
        "link_flair_richtext": [],
        "link_flair_text_color": "dark",
        "link_flair_type": "text",
        "locked": false,
        "media_only": false,
        "no_follow": true,
        "num_comments": 13,
        "num_crossposts": 0,
        "over_18": false,
        "parent_whitelist_status": "house_only",
        "permalink": "/r/opiates/comments/f9yd6i/be_fun_if_we_all_got_quarantined_and_could_not/",
        "pinned": false,
        "pwls": 1,
        "removed_by_category": "automod_filtered",
        "retrieved_on": 1582744225,
        "score": 1,
        "selftext": "[removed]",
        "send_replies": true,
        "spoiler": false,
        "stickied": false,
        "subreddit": "opiates",
        "subreddit_id": "t5_2r0y3",
        "subreddit_subscribers": 93345,
        "subreddit_type": "public",
        "suggested_sort": "confidence",
        "thumbnail": "self",
        "title": "Be fun if we all got quarantined and could not get our meds. Corona virus v.1.2",
        "total_awards_received": 0,
        "url": "https://www.reddit.com/r/opiates/comments/f9yd6i/be_fun_if_we_all_got_quarantined_and_could_not/",
        "whitelist_status": "house_only",
        "wls": 1
    },
    {
        "all_awardings": [],
        "allow_live_comments": false,
        "author": "ogtrillrayman",
        "author_flair_css_class": null,
        "author_flair_richtext": [],
        "author_flair_text": null,
        "author_flair_type": "text",
        "author_fullname": "t2_4wda3p0a",
        "author_patreon_flair": false,
        "author_premium": false,
        "awarders": [],
        "can_mod_post": false,
        "contest_mode": false,
        "created_utc": "2020-02-11 19:09:15",
        "domain": "self.opiates",
        "full_link": "https://www.reddit.com/r/opiates/comments/f2d763/heroin_addiction_is_extremely_overexaggerated/",
        "gildings": {},
        "id": "f2d763",
        "is_crosspostable": true,
        "is_meta": false,
        "is_original_content": false,
        "is_reddit_media_domain": false,
        "is_robot_indexable": true,
        "is_self": true,
        "is_video": false,
        "link_flair_background_color": "",
        "link_flair_richtext": [],
        "link_flair_text_color": "dark",
        "link_flair_type": "text",
        "locked": false,
        "media_only": false,
        "no_follow": true,
        "num_comments": 19,
        "num_crossposts": 0,
        "over_18": false,
        "parent_whitelist_status": "house_only",
        "permalink": "/r/opiates/comments/f2d763/heroin_addiction_is_extremely_overexaggerated/",
        "pinned": false,
        "pwls": 1,
        "retrieved_on": 1581448162,
        "score": 1,
        "selftext": "Just snorted H for the second time ever in my life less then ten minutes ago.\n\nLast night was my first time trying it after being dicked around by all my plugs in my efforts to find roxies or percs I caved in and went with my friend to cop some H. I was raised with a life long stigma that H was the devil, and trying it would \"ruin\" my life and I'd be hopelessly addicted and literally spend every dollar I have on it as soon as it entered my bloodstream. \n\nAnyway decided to cop a point as that's what my buddy was copping. Context for yesterday I woke up snorted a line of adderall, drank a corona in the afternoon, then popped a 30mg adderall, and a klonopin late afternoon, in the evening I smoked a backwood then at the end snorted a line of H. It's a relaxing high, and I didn't have to spend $30-$60 on roxy to potentially get high so that was cool but overall I was expecting this to be the most euphoric high I've ever experienced, and to alleviate my depression like pills do.\n\nWoke up today and carried on with my life like usual, tried to pick up some percocet again from my usual dealer but he's blowing me off he seems to only serve me whenever he wants so I'm constantly being forced to feel bad throughout the week, and have adopted the mindset to purchase as many pils as posible whenever my dealer finally feels like letting me cop from him. So after working a bit today I remembered I still had some again snorted a line and I feel medium high, like I've felt much more powerful highs off of adderall, in-fact I was far higher yesteray and I thought being on adderall, klonopin, and weed would dull my high, but today I tried it completly sober and i feel far less high even though i've heard from my friends adderall weakens opiate highs, and usually i try not to take too much of my ADHD medication within a close time span of dosing percocet otherwise i feel like it';s not working.\n\nSo why all the hype about H? Is it simply because my ROA is snorting? And despite me not gettin g high is it messing up my tolerance to my first love, percocet &amp; roxicodone? LMK",
        "send_replies": true,
        "spoiler": false,
        "stickied": false,
        "subreddit": "opiates",
        "subreddit_id": "t5_2r0y3",
        "subreddit_subscribers": 92301,
        "subreddit_type": "public",
        "suggested_sort": "confidence",
        "thumbnail": "self",
        "title": "Heroin addiction is extremely overexaggerated (semi-long story)",
        "total_awards_received": 0,
        "url": "https://www.reddit.com/r/opiates/comments/f2d763/heroin_addiction_is_extremely_overexaggerated/",
        "whitelist_status": "house_only",
        "wls": 1
    },
    {
        "all_awardings": [],
        "allow_live_comments": false,
        "author": "216prophet",
        "author_flair_css_class": null,
        "author_flair_richtext": [],
        "author_flair_text": null,
        "author_flair_type": "text",
        "author_fullname": "t2_31ju6s1d",
        "author_patreon_flair": false,
        "author_premium": false,
        "awarders": [],
        "can_mod_post": false,
        "contest_mode": false,
        "created_utc": "2020-02-10 01:07:13",
        "domain": "self.opiates",
        "full_link": "https://www.reddit.com/r/opiates/comments/f1iiqr/get_help/",
        "gildings": {},
        "id": "f1iiqr",
        "is_crosspostable": true,
        "is_meta": false,
        "is_original_content": false,
        "is_reddit_media_domain": false,
        "is_robot_indexable": true,
        "is_self": true,
        "is_video": false,
        "link_flair_background_color": "",
        "link_flair_richtext": [],
        "link_flair_text_color": "dark",
        "link_flair_type": "text",
        "locked": false,
        "media_only": false,
        "no_follow": true,
        "num_comments": 17,
        "num_crossposts": 0,
        "over_18": false,
        "parent_whitelist_status": "house_only",
        "permalink": "/r/opiates/comments/f1iiqr/get_help/",
        "pinned": false,
        "pwls": 1,
        "retrieved_on": 1581296839,
        "score": 1,
        "selftext": "  Here's to hoping the smarmy, self righteous cunts that pop up in here daily telling people to \"get help\" contract a mutated form of Corona Virus that mimicks the symptoms of dope sickness to a T and is only contagious to other cuntbags.\n\n   Telling people to \"GeT HeLp\" isn't you being helpful. It is simply announcing the fact that you're a rancid twat.",
        "send_replies": true,
        "spoiler": false,
        "stickied": false,
        "subreddit": "opiates",
        "subreddit_id": "t5_2r0y3",
        "subreddit_subscribers": 92188,
        "subreddit_type": "public",
        "suggested_sort": "confidence",
        "thumbnail": "self",
        "title": "\"get help\"",
        "total_awards_received": 0,
        "url": "https://www.reddit.com/r/opiates/comments/f1iiqr/get_help/",
        "whitelist_status": "house_only",
        "wls": 1
    },
    {
        "all_awardings": [],
        "allow_live_comments": false,
        "author": "rifax99",
        "author_flair_css_class": null,
        "author_flair_richtext": [],
        "author_flair_text": null,
        "author_flair_type": "text",
        "author_fullname": "t2_57e0b501",
        "author_patreon_flair": false,
        "author_premium": false,
        "awarders": [],
        "can_mod_post": false,
        "contest_mode": false,
        "created_utc": "2020-02-26 22:12:14",
        "domain": "self.opiates",
        "full_link": "https://www.reddit.com/r/opiates/comments/fa1bzr/tramadol_addiction/",
        "gildings": {},
        "id": "fa1bzr",
        "is_crosspostable": true,
        "is_meta": false,
        "is_original_content": false,
        "is_reddit_media_domain": false,
        "is_robot_indexable": true,
        "is_self": true,
        "is_video": false,
        "link_flair_background_color": "",
        "link_flair_richtext": [],
        "link_flair_text_color": "dark",
        "link_flair_type": "text",
        "locked": false,
        "media_only": false,
        "no_follow": true,
        "num_comments": 34,
        "num_crossposts": 0,
        "over_18": false,
        "parent_whitelist_status": "house_only",
        "permalink": "/r/opiates/comments/fa1bzr/tramadol_addiction/",
        "pinned": false,
        "pwls": 1,
        "retrieved_on": 1582755140,
        "score": 1,
        "selftext": "Is it possible to be addicted by a weak opioid like codeine or tramadol ?\n\nI think I could be addicted to it or maybe I have coronavirus but I would like to know your opinion",
        "send_replies": true,
        "spoiler": false,
        "stickied": false,
        "subreddit": "opiates",
        "subreddit_id": "t5_2r0y3",
        "subreddit_subscribers": 93374,
        "subreddit_type": "public",
        "suggested_sort": "confidence",
        "thumbnail": "self",
        "title": "Tramadol addiction",
        "total_awards_received": 0,
        "url": "https://www.reddit.com/r/opiates/comments/fa1bzr/tramadol_addiction/",
        "whitelist_status": "house_only",
        "wls": 1
    },
    {
        "all_awardings": [],
        "allow_live_comments": false,
        "author": "-ShellOfLight-",
        "author_flair_css_class": null,
        "author_flair_richtext": [],
        "author_flair_text": null,
        "author_flair_type": "text",
        "author_fullname": "t2_2qjfyuwp",
        "author_patreon_flair": false,
        "author_premium": false,
        "awarders": [],
        "can_mod_post": false,
        "contest_mode": false,
        "created_utc": "2020-02-11 20:29:49",
        "domain": "self.opiates",
        "full_link": "https://www.reddit.com/r/opiates/comments/f2efsp/eminem_diagnosed_coronavirus/",
        "gildings": {},
        "id": "f2efsp",
        "is_crosspostable": true,
        "is_meta": false,
        "is_original_content": false,
        "is_reddit_media_domain": false,
        "is_robot_indexable": true,
        "is_self": true,
        "is_video": false,
        "link_flair_background_color": "",
        "link_flair_richtext": [],
        "link_flair_text_color": "dark",
        "link_flair_type": "text",
        "locked": false,
        "media_only": false,
        "no_follow": true,
        "num_comments": 7,
        "num_crossposts": 0,
        "over_18": false,
        "parent_whitelist_status": "house_only",
        "permalink": "/r/opiates/comments/f2efsp/eminem_diagnosed_coronavirus/",
        "pinned": false,
        "pwls": 1,
        "retrieved_on": 1581452994,
        "score": 1,
        "selftext": "Eminem has just become the first celebrity to be diagnosed with Coronavirus. In a statement released by doctors, it has been revealed that his palms were sweaty, knees weak and arms were heavy. He presented with vomit on his sweater already. Initial testing has revealed it was mums spaghetti.",
        "send_replies": true,
        "spoiler": false,
        "stickied": false,
        "subreddit": "opiates",
        "subreddit_id": "t5_2r0y3",
        "subreddit_subscribers": 92311,
        "subreddit_type": "public",
        "suggested_sort": "confidence",
        "thumbnail": "self",
        "title": "Eminem diagnosed Coronavirus",
        "total_awards_received": 0,
        "url": "https://www.reddit.com/r/opiates/comments/f2efsp/eminem_diagnosed_coronavirus/",
        "whitelist_status": "house_only",
        "wls": 1
    },
    {
        "all_awardings": [],
        "allow_live_comments": false,
        "author": "pot_of_garlic",
        "author_flair_css_class": null,
        "author_flair_richtext": [],
        "author_flair_text": null,
        "author_flair_type": "text",
        "author_fullname": "t2_47giaplb",
        "author_patreon_flair": false,
        "author_premium": false,
        "awarders": [],
        "can_mod_post": false,
        "contest_mode": false,
        "created_utc": "2020-02-02 01:46:47",
        "domain": "self.opiates",
        "full_link": "https://www.reddit.com/r/opiates/comments/exgp9y/probably_gonna_get_the_coronavirus_from_chinese/",
        "gildings": {},
        "id": "exgp9y",
        "is_crosspostable": true,
        "is_meta": false,
        "is_original_content": false,
        "is_reddit_media_domain": false,
        "is_robot_indexable": true,
        "is_self": true,
        "is_video": false,
        "link_flair_background_color": "",
        "link_flair_richtext": [],
        "link_flair_text_color": "dark",
        "link_flair_type": "text",
        "locked": false,
        "media_only": false,
        "no_follow": true,
        "num_comments": 9,
        "num_crossposts": 0,
        "over_18": false,
        "parent_whitelist_status": "house_only",
        "permalink": "/r/opiates/comments/exgp9y/probably_gonna_get_the_coronavirus_from_chinese/",
        "pinned": false,
        "pwls": 1,
        "retrieved_on": 1580608008,
        "score": 1,
        "selftext": "People say fent is deadly cause it's so potent, but at least we've got a vaccine. Narcan isn't gonna help if you catch the coronavirus from some China white.",
        "send_replies": true,
        "spoiler": false,
        "stickied": false,
        "subreddit": "opiates",
        "subreddit_id": "t5_2r0y3",
        "subreddit_subscribers": 91650,
        "subreddit_type": "public",
        "suggested_sort": "confidence",
        "thumbnail": "self",
        "title": "Probably gonna get the coronavirus from Chinese fentanyl",
        "total_awards_received": 0,
        "url": "https://www.reddit.com/r/opiates/comments/exgp9y/probably_gonna_get_the_coronavirus_from_chinese/",
        "whitelist_status": "house_only",
        "wls": 1
    },
    {
        "all_awardings": [],
        "allow_live_comments": false,
        "author": "ODB2",
        "author_flair_background_color": "",
        "author_flair_css_class": "odb2",
        "author_flair_richtext": [],
        "author_flair_text": null,
        "author_flair_text_color": "dark",
        "author_flair_type": "text",
        "author_fullname": "t2_utp805g",
        "author_patreon_flair": false,
        "author_premium": false,
        "awarders": [],
        "can_mod_post": false,
        "contest_mode": false,
        "created_utc": "2020-02-01 05:57:19",
        "domain": "self.opiates",
        "full_link": "https://www.reddit.com/r/opiates/comments/ex1r5o/yo_it_might_actually_be_a_good_thing/",
        "gildings": {},
        "id": "ex1r5o",
        "is_crosspostable": true,
        "is_meta": false,
        "is_original_content": false,
        "is_reddit_media_domain": false,
        "is_robot_indexable": true,
        "is_self": true,
        "is_video": false,
        "link_flair_background_color": "",
        "link_flair_richtext": [],
        "link_flair_text_color": "dark",
        "link_flair_type": "text",
        "locked": false,
        "media_only": false,
        "no_follow": true,
        "num_comments": 8,
        "num_crossposts": 0,
        "over_18": false,
        "parent_whitelist_status": "house_only",
        "permalink": "/r/opiates/comments/ex1r5o/yo_it_might_actually_be_a_good_thing/",
        "pinned": false,
        "pwls": 1,
        "retrieved_on": 1580536641,
        "score": 1,
        "selftext": "\nYo, deadass, it might actually be a good thing if we all catch the coronavirus because doctors are gonna be prescribing lean like a muhfucka.\n\nPurple Drank.",
        "send_replies": true,
        "spoiler": false,
        "stickied": false,
        "subreddit": "opiates",
        "subreddit_id": "t5_2r0y3",
        "subreddit_subscribers": 91618,
        "subreddit_type": "public",
        "suggested_sort": "confidence",
        "thumbnail": "self",
        "title": "Yo it might actually be a good thing.",
        "total_awards_received": 0,
        "url": "https://www.reddit.com/r/opiates/comments/ex1r5o/yo_it_might_actually_be_a_good_thing/",
        "whitelist_status": "house_only",
        "wls": 1
    },
    {
        "all_awardings": [],
        "allow_live_comments": false,
        "author": "mylifeisgarbage",
        "author_flair_css_class": null,
        "author_flair_richtext": [],
        "author_flair_text": null,
        "author_flair_type": "text",
        "author_fullname": "t2_tmymq",
        "author_patreon_flair": false,
        "author_premium": false,
        "awarders": [],
        "can_mod_post": false,
        "contest_mode": false,
        "created_utc": "2020-02-20 06:02:37",
        "domain": "self.opiates",
        "full_link": "https://www.reddit.com/r/opiates/comments/f6ookr/i_have_about_300_stuck_in_my_arms/",
        "gildings": {},
        "id": "f6ookr",
        "is_crosspostable": true,
        "is_meta": false,
        "is_original_content": false,
        "is_reddit_media_domain": false,
        "is_robot_indexable": true,
        "is_self": true,
        "is_video": false,
        "link_flair_background_color": "",
        "link_flair_richtext": [],
        "link_flair_text_color": "dark",
        "link_flair_type": "text",
        "locked": false,
        "media_only": false,
        "no_follow": true,
        "num_comments": 36,
        "num_crossposts": 0,
        "over_18": false,
        "parent_whitelist_status": "house_only",
        "permalink": "/r/opiates/comments/f6ookr/i_have_about_300_stuck_in_my_arms/",
        "pinned": false,
        "pwls": 1,
        "retrieved_on": 1582178559,
        "score": 1,
        "selftext": "i just counted: 31 spots where i\u2019ve missed shots. some are big lumps that i can tell are full of some mystery pus-like fluid. i had a couple bust open for the first time recently and they leaked out what looked like ketchup and mustard mixed together. luckily no infections or anything. yet.  \n\nhow am i supposed to get high if i can\u2019t hit a vein anymore? there\u2019s three things you gotta do to get right: get some money, meet up with a dealer, and find a vein. the first two are always a struggle but eventually it happens. but after hustling for a little cash, then chasing around your plug and waiting around on him for an hour, then finally get your shot prepared, only to end up missing a vein...that\u2019s about the most frustrating thing i\u2019ve dealt with in this miserable cycle. \n\nim all alone. i don\u2019t have friends. especially friends that use. i can\u2019t shoot in my own neck, i can\u2019t seem that one in my groin. i am pretty hopeless at this point. and so sick of going vein fishing for hours, coming up empty. you should see my arms. i have straight up maimed myself. it\u2019s bad. i missed one on my foot yesterday so now i have a limp. \n\nshowers don\u2019t help. i\u2019ve been laid in bed for three years so i\u2019m so out of shape it doesn\u2019t take much to get my blood pumping but that doesn\u2019t help either. long needles, short needles, hands, arms, feet, fingers; no dice. i have collapsed all my useable veins. the ones you used to be able to see have all vanished. i got. nothin. \n\n i guess i just wanted to vent my frustration, and  see if anyone else is in a similar position. it\u2019s tough being an addict in isolation with no one to talk to about the struggles. \nand wasting dope after all the bullshit of acquiring it is pretty goddamn debilitating.",
        "send_replies": true,
        "spoiler": false,
        "stickied": false,
        "subreddit": "opiates",
        "subreddit_id": "t5_2r0y3",
        "subreddit_subscribers": 92844,
        "subreddit_type": "public",
        "suggested_sort": "confidence",
        "thumbnail": "self",
        "title": "i have about $300 stuck in my arms.",
        "total_awards_received": 0,
        "url": "https://www.reddit.com/r/opiates/comments/f6ookr/i_have_about_300_stuck_in_my_arms/",
        "whitelist_status": "house_only",
        "wls": 1
    }
]