[
    {
        "all_awardings": [],
        "allow_live_comments": false,
        "author": "gebrokkoleerd",
        "author_flair_css_class": null,
        "author_flair_richtext": [],
        "author_flair_text": null,
        "author_flair_type": "text",
        "author_fullname": "t2_3fwaxyrs",
        "author_patreon_flair": false,
        "author_premium": false,
        "awarders": [],
        "can_mod_post": false,
        "contest_mode": false,
        "created_utc": "2020-02-28 10:39:26",
        "domain": "self.SuicideWatch",
        "full_link": "https://www.reddit.com/r/SuicideWatch/comments/fasvga/silently_hoping_that_i_catch_the_corona_virus/",
        "gildings": {},
        "id": "fasvga",
        "is_crosspostable": false,
        "is_meta": false,
        "is_original_content": false,
        "is_reddit_media_domain": false,
        "is_robot_indexable": true,
        "is_self": true,
        "is_video": false,
        "link_flair_background_color": "",
        "link_flair_richtext": [],
        "link_flair_text_color": "dark",
        "link_flair_type": "text",
        "locked": false,
        "media_only": false,
        "no_follow": true,
        "num_comments": 2,
        "num_crossposts": 0,
        "over_18": false,
        "parent_whitelist_status": "no_ads",
        "permalink": "/r/SuicideWatch/comments/fasvga/silently_hoping_that_i_catch_the_corona_virus/",
        "pinned": false,
        "pwls": 0,
        "retrieved_on": 1582886367,
        "score": 1,
        "selftext": "Yesterday evening the first case of corona was discovered in my country, this afternoon another has been found in my city. Its kinda funny to see everyone around me so worried while I'm just sitting here patiently anticipating it.",
        "send_replies": true,
        "spoiler": false,
        "stickied": false,
        "subreddit": "SuicideWatch",
        "subreddit_id": "t5_2qpzs",
        "subreddit_subscribers": 186859,
        "subreddit_type": "public",
        "thumbnail": "self",
        "title": "Silently hoping that I catch the corona virus.",
        "total_awards_received": 0,
        "url": "https://www.reddit.com/r/SuicideWatch/comments/fasvga/silently_hoping_that_i_catch_the_corona_virus/",
        "whitelist_status": "no_ads",
        "wls": 0
    },
    {
        "all_awardings": [],
        "allow_live_comments": false,
        "author": "kitty_rose_",
        "author_flair_css_class": "modmsg",
        "author_flair_richtext": [],
        "author_flair_template_id": "2a7b5518-8e45-11e5-a506-0ed10b342609",
        "author_flair_text": null,
        "author_flair_text_color": "dark",
        "author_flair_type": "text",
        "author_fullname": "t2_5qqost9v",
        "author_patreon_flair": false,
        "author_premium": false,
        "awarders": [],
        "can_mod_post": false,
        "contest_mode": false,
        "created_utc": "2020-02-26 07:44:31",
        "domain": "self.SuicideWatch",
        "full_link": "https://www.reddit.com/r/SuicideWatch/comments/f9pson/so_apparently_the_corona_virus_is_in_the_uk_now_i/",
        "gildings": {},
        "id": "f9pson",
        "is_crosspostable": false,
        "is_meta": false,
        "is_original_content": false,
        "is_reddit_media_domain": false,
        "is_robot_indexable": true,
        "is_self": true,
        "is_video": false,
        "link_flair_background_color": "",
        "link_flair_richtext": [],
        "link_flair_text_color": "dark",
        "link_flair_type": "text",
        "locked": false,
        "media_only": false,
        "no_follow": true,
        "num_comments": 5,
        "num_crossposts": 0,
        "over_18": false,
        "parent_whitelist_status": "no_ads",
        "permalink": "/r/SuicideWatch/comments/f9pson/so_apparently_the_corona_virus_is_in_the_uk_now_i/",
        "pinned": false,
        "pwls": 0,
        "retrieved_on": 1582703072,
        "score": 1,
        "selftext": "By my stupid immune system would probably ruin it for me and fight it off like a little sabotaging bitch.",
        "send_replies": true,
        "spoiler": false,
        "stickied": false,
        "subreddit": "SuicideWatch",
        "subreddit_id": "t5_2qpzs",
        "subreddit_subscribers": 186308,
        "subreddit_type": "public",
        "thumbnail": "self",
        "title": "So apparently the corona virus is in the UK now. I hope I get infected and die.",
        "total_awards_received": 0,
        "url": "https://www.reddit.com/r/SuicideWatch/comments/f9pson/so_apparently_the_corona_virus_is_in_the_uk_now_i/",
        "whitelist_status": "no_ads",
        "wls": 0
    },
    {
        "all_awardings": [],
        "allow_live_comments": false,
        "author": "10voltsam",
        "author_flair_css_class": null,
        "author_flair_richtext": [],
        "author_flair_text": null,
        "author_flair_type": "text",
        "author_fullname": "t2_ialgo",
        "author_patreon_flair": false,
        "author_premium": false,
        "awarders": [],
        "can_mod_post": false,
        "contest_mode": false,
        "created_utc": "2020-02-26 00:54:36",
        "domain": "self.SuicideWatch",
        "full_link": "https://www.reddit.com/r/SuicideWatch/comments/f9kprf/why_is_it_that_people_go_to_hell_when_they_kill/",
        "gildings": {},
        "id": "f9kprf",
        "is_crosspostable": false,
        "is_meta": false,
        "is_original_content": false,
        "is_reddit_media_domain": false,
        "is_robot_indexable": true,
        "is_self": true,
        "is_video": false,
        "link_flair_background_color": "",
        "link_flair_richtext": [],
        "link_flair_text_color": "dark",
        "link_flair_type": "text",
        "locked": false,
        "media_only": false,
        "no_follow": true,
        "num_comments": 7,
        "num_crossposts": 0,
        "over_18": false,
        "parent_whitelist_status": "no_ads",
        "permalink": "/r/SuicideWatch/comments/f9kprf/why_is_it_that_people_go_to_hell_when_they_kill/",
        "pinned": false,
        "pwls": 0,
        "retrieved_on": 1582678484,
        "score": 1,
        "selftext": "I\u2019m slowly descending into suicidal thoughts every fucking day I look at the news and lose hope in humanity, a world where the rich control everything and don\u2019t care for human life. The corona virus outbreak is real but do the rich care of course not. Also I got my personal issues like slowly becoming deaf thanks to non cancerous tumors and my family dealing with shit they shouldn\u2019t have to. I\u2019ve contemplated killing myself for a while now but one thing stops me from doing it my religious beliefs I\u2019m a Christian and apparently if you kill yourself you go straight to hell and that\u2019s a load of bullshit. There are obviously people who\u2019ve been dealt a shitty hand in life why do they get punished because they mentally and maybe physical can\u2019t take it anymore.",
        "send_replies": true,
        "spoiler": false,
        "stickied": false,
        "subreddit": "SuicideWatch",
        "subreddit_id": "t5_2qpzs",
        "subreddit_subscribers": 186209,
        "subreddit_type": "public",
        "thumbnail": "self",
        "title": "Why is it that people go to hell when they kill themselves?",
        "total_awards_received": 0,
        "url": "https://www.reddit.com/r/SuicideWatch/comments/f9kprf/why_is_it_that_people_go_to_hell_when_they_kill/",
        "whitelist_status": "no_ads",
        "wls": 0
    },
    {
        "all_awardings": [],
        "allow_live_comments": false,
        "author": "heres1morethrowaway",
        "author_flair_css_class": null,
        "author_flair_richtext": [],
        "author_flair_text": null,
        "author_flair_type": "text",
        "author_fullname": "t2_1isovhux",
        "author_patreon_flair": false,
        "author_premium": false,
        "awarders": [],
        "can_mod_post": false,
        "contest_mode": false,
        "created_utc": "2020-02-08 04:19:39",
        "domain": "self.SuicideWatch",
        "full_link": "https://www.reddit.com/r/SuicideWatch/comments/f0mgwf/i_just_want_to_stop_wanting_to_die/",
        "gildings": {},
        "id": "f0mgwf",
        "is_crosspostable": false,
        "is_meta": false,
        "is_original_content": false,
        "is_reddit_media_domain": false,
        "is_robot_indexable": true,
        "is_self": true,
        "is_video": false,
        "link_flair_background_color": "",
        "link_flair_richtext": [],
        "link_flair_text_color": "dark",
        "link_flair_type": "text",
        "locked": false,
        "media_only": false,
        "no_follow": true,
        "num_comments": 2,
        "num_crossposts": 0,
        "over_18": false,
        "parent_whitelist_status": "no_ads",
        "permalink": "/r/SuicideWatch/comments/f0mgwf/i_just_want_to_stop_wanting_to_die/",
        "pinned": false,
        "pwls": 0,
        "retrieved_on": 1581135580,
        "score": 1,
        "selftext": "Hey... so, this is a throwaway, obviously. I'm really sorry to be here, but... I don't know what to do. I have to talk to someone, and this feels like the least selfish option. If I talk to my family/friends, they'll either worry, judge, or call me selfish. If I talk to a therapist, I'm scared they'll put me under a psych hold. The truth is, I don't want to commit suicide - I just wish I wouldn't wake up in the morning... then I think of the people around me who love me, and I wish I'd never been born in the first place. I feel like everything I do/have done is a mistake. I've felt this way since my childhood... let's just say my home life wasn't terrific. When I tried to confide in my mom - who was the biggest source of my struggles at the time, I was called dramatic, selfish, and worse. It took me a long time before I could confide in anyone else, and when I finally did, it was more of the same, so now... I just don't discuss it. \n\nFrom the outside looking in, I appear to have it all together since then. I have a husband who I adore and who loves me so much that I couldn't bear to tell him how I feel. I have a complicated family, but at least they're there for me, if only superficially. I have a house and am on track soon to start filling it with children, a thought which simultaneously elates and devastates me. I have a good job, even if it was never what I wanted and it's too late, expensive, and embarrassing for me to change course now. It looks like I might have to anyway: my emotions are carrying into my career, and it's becoming an obvious problem - one that could get me fired. In the beginning, all that was enough, but now... now I'm back into the self-destructive mentality that I managed to stave off for years, and I'm crying my heart out when I swore I never would again.\n\nI know other people have it far worse than me. I've never been physically abused, and I've escaped the emotional trauma of my childhood, but every time things start to go wrong, I fly into a tailspin, and I'm sick of it. I'm tired of the emotions that make me want to walk down the bad side of town and night and hope I'm caught in a drive-by or that I'll catch the damned corona-virus or even cancer and just keel over. I'm ashamed that I keep praying to God to just take me away already. I almost hate my faith for condemning me to stay when without it I know I would've given in and killed myself long ago. I hate myself for thinking this way, when I have so much to be thankful for but I can't stop. I feel like I'm going to lose everything. I ask my husband every day if he will love me no matter what because I'm terrified of the day he'll find out I'm \"broken\" and just leave me behind. I pour way too much stress into every part of my life, terrified that it's going to fall apart.\n\nI want to get a therapist, but that would mean admitting to my husband that something's wrong, and even if he could still look at me the same afterward, I don't know that I'd be able to get through the session without saying something that would have me committed and I CANNOT take that. I guess this is my substitute for now. Sorry this is long and selfish and rambly and pointless. I don't even know what I'm hoping to get out of this. Thanks for reading this mess if you got this far.",
        "send_replies": true,
        "spoiler": false,
        "stickied": false,
        "subreddit": "SuicideWatch",
        "subreddit_id": "t5_2qpzs",
        "subreddit_subscribers": 181585,
        "subreddit_type": "public",
        "thumbnail": "self",
        "title": "I just want to stop wanting to die",
        "total_awards_received": 0,
        "url": "https://www.reddit.com/r/SuicideWatch/comments/f0mgwf/i_just_want_to_stop_wanting_to_die/",
        "whitelist_status": "no_ads",
        "wls": 0
    },
    {
        "all_awardings": [],
        "allow_live_comments": false,
        "author": "Sharkuel",
        "author_flair_background_color": "",
        "author_flair_css_class": "modmsg",
        "author_flair_richtext": [],
        "author_flair_text": null,
        "author_flair_text_color": "dark",
        "author_flair_type": "text",
        "author_fullname": "t2_qxuk2",
        "author_patreon_flair": false,
        "author_premium": false,
        "awarders": [],
        "can_mod_post": false,
        "contest_mode": false,
        "created_utc": "2020-02-07 23:00:27",
        "domain": "self.SuicideWatch",
        "full_link": "https://www.reddit.com/r/SuicideWatch/comments/f0ijym/how_are_you_all_handling_these_news_about_the/",
        "gildings": {},
        "id": "f0ijym",
        "is_crosspostable": false,
        "is_meta": false,
        "is_original_content": false,
        "is_reddit_media_domain": false,
        "is_robot_indexable": true,
        "is_self": true,
        "is_video": false,
        "link_flair_background_color": "",
        "link_flair_richtext": [],
        "link_flair_text_color": "dark",
        "link_flair_type": "text",
        "locked": false,
        "media_only": false,
        "no_follow": true,
        "num_comments": 5,
        "num_crossposts": 0,
        "over_18": false,
        "parent_whitelist_status": "no_ads",
        "permalink": "/r/SuicideWatch/comments/f0ijym/how_are_you_all_handling_these_news_about_the/",
        "pinned": false,
        "pwls": 0,
        "retrieved_on": 1581116434,
        "score": 1,
        "selftext": "I really wonder. I am worried over the possibility of my loved ones be afflicted by it.\n\nThis is something that is impacting strongly my job, and I also see the news and it is clear that the Chinese government are hiding way more casualties than they are letting transpire to the news media. By itself this is really a depressing thing to witness, from where I am standing, and I am seeing this all unfold beyond my eyes.\n\nThis allied with the lack of time I had to just socialize with my family and SO is really hitting me hard. I allways had suicidal thoughts from time to time, but now seeing that something that lurks on the air we breath, the people we meet, and so on, it is scary. I don't fear for me, honestly, but I fear for others. And I am powerless to do anything, I just stand-by and witness how such plague just spreads it's grasp over everything and anyone.\n\nPeople, I know life is hard, but just stay safe. Not just for your own sake, but for the sake of all who you love.\n\nA warm hug to you all.",
        "send_replies": true,
        "spoiler": false,
        "stickied": false,
        "subreddit": "SuicideWatch",
        "subreddit_id": "t5_2qpzs",
        "subreddit_subscribers": 181535,
        "subreddit_type": "public",
        "thumbnail": "self",
        "title": "How are you all handling these news about the Corona Virus?",
        "total_awards_received": 0,
        "url": "https://www.reddit.com/r/SuicideWatch/comments/f0ijym/how_are_you_all_handling_these_news_about_the/",
        "whitelist_status": "no_ads",
        "wls": 0
    },
    {
        "all_awardings": [],
        "allow_live_comments": false,
        "author": "SumTingIsVaryWong",
        "author_flair_css_class": "modmsg",
        "author_flair_richtext": [],
        "author_flair_template_id": "2a7b5518-8e45-11e5-a506-0ed10b342609",
        "author_flair_text": null,
        "author_flair_text_color": "dark",
        "author_flair_type": "text",
        "author_fullname": "t2_3dxvs2jv",
        "author_patreon_flair": false,
        "author_premium": false,
        "awarders": [],
        "can_mod_post": false,
        "contest_mode": false,
        "created_utc": "2020-02-02 10:41:57",
        "domain": "self.SuicideWatch",
        "full_link": "https://www.reddit.com/r/SuicideWatch/comments/exmq63/im_actually_excited_about_the_corona_virus_and/",
        "gildings": {},
        "id": "exmq63",
        "is_crosspostable": false,
        "is_meta": false,
        "is_original_content": false,
        "is_reddit_media_domain": false,
        "is_robot_indexable": true,
        "is_self": true,
        "is_video": false,
        "link_flair_background_color": "",
        "link_flair_richtext": [],
        "link_flair_text_color": "dark",
        "link_flair_type": "text",
        "locked": false,
        "media_only": false,
        "no_follow": true,
        "num_comments": 30,
        "num_crossposts": 0,
        "over_18": false,
        "parent_whitelist_status": "no_ads",
        "permalink": "/r/SuicideWatch/comments/exmq63/im_actually_excited_about_the_corona_virus_and/",
        "pinned": false,
        "pwls": 0,
        "retrieved_on": 1580640118,
        "score": 1,
        "selftext": "I know no one here really cares about this and that's not a surprise. In today's society, everyone is so fucking selfish. Seriously, everyone either cares about money or clout or both. I don't have either of those and I do envy those who are spoiled. My life isn't bad at all and in fact I have many more advantages than most people my age, but I still feel like theres no purpose. I get a degree from university. So what? then I have to work a boring ass fucking office job for years 8 hours a day only having some time on the weekends for a few hours? What is the fucking point. I swear it feels like a fucking prision. The only thing I semi enjoy is gaming but you can't make a career out of it today. and yes, I KNOW IT IS POSSIBLE, BUT IT IS NOT PROBABLE.  so don't give me that shit about \"just try\" like fuck off. \n\nOverall I honestly feel like theres no purpose in life. Like when thinking about killing myself I try to remember to before I was born and what it was like and I realize I can't remember anything because I didn't exist. It was like a void. The same will happen when I kill myself. no pain just a state of nothingness that we as humans can't even comphrend.\n\nI don't know how to be happy when it seems everyone is better than me, they have goals and are doing stuff. I have no goals. I have no ambitions and don't care what anyone else thinks. One day I will find a way to end it but not today because im too much of a pussy. fml. \n\nalso sorry about the grammar im not gonna edit it cause im a lazy shit.",
        "send_replies": true,
        "spoiler": false,
        "stickied": false,
        "subreddit": "SuicideWatch",
        "subreddit_id": "t5_2qpzs",
        "subreddit_subscribers": 180627,
        "subreddit_type": "public",
        "thumbnail": "self",
        "title": "I'm actually excited about the corona virus and hope it kills me or changes life overall for the human race so my life isnt so fucking meaningless all the time.",
        "total_awards_received": 0,
        "url": "https://www.reddit.com/r/SuicideWatch/comments/exmq63/im_actually_excited_about_the_corona_virus_and/",
        "whitelist_status": "no_ads",
        "wls": 0
    },
    {
        "all_awardings": [],
        "allow_live_comments": false,
        "author": "omniscientobedience",
        "author_flair_css_class": null,
        "author_flair_richtext": [],
        "author_flair_text": null,
        "author_flair_type": "text",
        "author_fullname": "t2_kufsxhs",
        "author_patreon_flair": false,
        "author_premium": false,
        "awarders": [],
        "can_mod_post": false,
        "contest_mode": false,
        "created_utc": "2020-02-29 05:43:16",
        "domain": "self.SuicideWatch",
        "full_link": "https://www.reddit.com/r/SuicideWatch/comments/fb84kc/does_anyone_else_hope_the_coronavirus_will_do_the/",
        "gildings": {},
        "id": "fb84kc",
        "is_crosspostable": false,
        "is_meta": false,
        "is_original_content": false,
        "is_reddit_media_domain": false,
        "is_robot_indexable": true,
        "is_self": true,
        "is_video": false,
        "link_flair_background_color": "",
        "link_flair_richtext": [],
        "link_flair_text_color": "dark",
        "link_flair_type": "text",
        "locked": false,
        "media_only": false,
        "no_follow": true,
        "num_comments": 7,
        "num_crossposts": 0,
        "over_18": false,
        "parent_whitelist_status": "no_ads",
        "permalink": "/r/SuicideWatch/comments/fb84kc/does_anyone_else_hope_the_coronavirus_will_do_the/",
        "pinned": false,
        "pwls": 0,
        "retrieved_on": 1582954997,
        "score": 1,
        "selftext": "I've had that thought since hearing about the virus in December.",
        "send_replies": true,
        "spoiler": false,
        "stickied": false,
        "subreddit": "SuicideWatch",
        "subreddit_id": "t5_2qpzs",
        "subreddit_subscribers": 186978,
        "subreddit_type": "public",
        "thumbnail": "self",
        "title": "Does anyone else hope the Coronavirus will do the job for you?",
        "total_awards_received": 0,
        "url": "https://www.reddit.com/r/SuicideWatch/comments/fb84kc/does_anyone_else_hope_the_coronavirus_will_do_the/",
        "whitelist_status": "no_ads",
        "wls": 0
    },
    {
        "all_awardings": [],
        "allow_live_comments": false,
        "author": "JustNeb",
        "author_flair_css_class": null,
        "author_flair_richtext": [],
        "author_flair_text": null,
        "author_flair_type": "text",
        "author_fullname": "t2_4eekvd6x",
        "author_patreon_flair": false,
        "author_premium": false,
        "awarders": [],
        "can_mod_post": false,
        "contest_mode": false,
        "created_utc": "2020-02-28 11:28:00",
        "domain": "self.SuicideWatch",
        "full_link": "https://www.reddit.com/r/SuicideWatch/comments/fatc48/why_shouldnt_i/",
        "gildings": {},
        "id": "fatc48",
        "is_crosspostable": false,
        "is_meta": false,
        "is_original_content": false,
        "is_reddit_media_domain": false,
        "is_robot_indexable": true,
        "is_self": true,
        "is_video": false,
        "link_flair_background_color": "",
        "link_flair_richtext": [],
        "link_flair_text_color": "dark",
        "link_flair_type": "text",
        "locked": false,
        "media_only": false,
        "no_follow": true,
        "num_comments": 7,
        "num_crossposts": 0,
        "over_18": false,
        "parent_whitelist_status": "no_ads",
        "permalink": "/r/SuicideWatch/comments/fatc48/why_shouldnt_i/",
        "pinned": false,
        "pwls": 0,
        "retrieved_on": 1582889281,
        "score": 1,
        "selftext": "I don't remember what it's like to feel happy. Been suffering from depression since I was 9 and I can't take it anymore. I'm gay in a rural area, my teachers bullied me out of school and now I have no future, my friends think I'm annoying, I sit in my room and watch YouTube/masturbate all day instead of contributing to society, my only ever boyfriend was a molester, the earth is getting warmer, coronavirus is spreading, the US is entering a new cold war with China, and I can't take any of it anymore. There's no afterlife. It's just a void of nothing, and an absolute vacuum with no form consciousness sounds way better than this. I'm just bitter and sad and don't see a point in anything. If I'm going to die one day anyway, why spend more time suffering? It won't get better. In fact, everything points towards things getting worse, both in my personal life and on the global scale. I have no desire to witness things get worse. I don't want to be around see myself fall farther.",
        "send_replies": true,
        "spoiler": false,
        "stickied": false,
        "subreddit": "SuicideWatch",
        "subreddit_id": "t5_2qpzs",
        "subreddit_subscribers": 186861,
        "subreddit_type": "public",
        "thumbnail": "self",
        "title": "Why shouldn't I?",
        "total_awards_received": 0,
        "url": "https://www.reddit.com/r/SuicideWatch/comments/fatc48/why_shouldnt_i/",
        "whitelist_status": "no_ads",
        "wls": 0
    },
    {
        "all_awardings": [],
        "allow_live_comments": false,
        "author": "30-to-70-percent",
        "author_flair_css_class": null,
        "author_flair_richtext": [],
        "author_flair_text": null,
        "author_flair_type": "text",
        "author_fullname": "t2_5spog336",
        "author_patreon_flair": false,
        "author_premium": false,
        "awarders": [],
        "can_mod_post": false,
        "contest_mode": false,
        "created_utc": "2020-02-27 21:54:00",
        "domain": "self.SuicideWatch",
        "full_link": "https://www.reddit.com/r/SuicideWatch/comments/fajp77/maybe_you_folks_of_all_people_will_understand/",
        "gildings": {},
        "id": "fajp77",
        "is_crosspostable": false,
        "is_meta": false,
        "is_original_content": false,
        "is_reddit_media_domain": false,
        "is_robot_indexable": true,
        "is_self": true,
        "is_video": false,
        "link_flair_background_color": "",
        "link_flair_richtext": [],
        "link_flair_text_color": "dark",
        "link_flair_type": "text",
        "locked": false,
        "media_only": false,
        "no_follow": true,
        "num_comments": 0,
        "num_crossposts": 0,
        "over_18": false,
        "parent_whitelist_status": "no_ads",
        "permalink": "/r/SuicideWatch/comments/fajp77/maybe_you_folks_of_all_people_will_understand/",
        "pinned": false,
        "pwls": 0,
        "retrieved_on": 1582840446,
        "score": 1,
        "selftext": "The coronavirus outbreak is coming for all of us, our loved ones, strangers. By the end of 2020 it will be a very different world than what it once was. This is the last straw for me.\n\nI have been fighting physical and mental health issues for my entire life. I came from a very weird abusive family who hates me. I managed to ruin every career opportunity I have ever had. I have a husband who loves me, and a safe home, and two kitties, and everything I could ever want but I am crippled by mental illness and physical problems and I can't appreciate or enjoy any of it. And even if I tried harder, even if I scraped bottom and found more energy to keep fighting after all these failures, everyone I love is going to be taken from me by the pandemic. Worst of all, none of them will listen to my warnings and I am currently at a secret location because they are trying to institutionalize me over these very legitimate fears. They are trying to get me locked up and medicated into a stupor because I read the science and I understand the risks. I have a masters in molecular biology - I ain't a hack. I can understand epidemiological studies because my advisor who trained me in grad school is an epidemiologist who studies foodborne illness outbreaks. I am familiar enough with the methods that the concerns on the part of the science community are real and based on models that are much more predictive than your average conspiracy theory. When you go to \"check the facts\" to try to feel optimistic and the facts confirm your worst fears, you know it's bad. And when nobody will listen to you, you know it's even worse. They want you to die in a happy delusion instead of doing something about it.\n\nI know what will happen. Given my horrible luck, I will be the last to die. I will spend my final  years watching everyone around me drop like flies. Even though I have worse health than they do, something will happen so that I don't get the virus until I've had sufficient emotional suffering first. Whatever cruel god up there is burning me with a magnifying glass like I were an ant really has some creative games to play. But I will have the last laugh.\n\nIn two days I will have access to my suicide method which has a fairly high likelihood of working. Until then I will be living in my car to avoid the faces of my loved ones. I can't afford to be convinced to stay. This story is not going to end well and I do not want to linger around to watch it happen. I am out as soon as I am able. \n\nPlease be good to each other during the difficult times coming. Please try to put aside tribal in-fighting and finding someone to blame. It will only make this harder on everyone. Remember common humanity, remember kindness.",
        "send_replies": true,
        "spoiler": false,
        "stickied": false,
        "subreddit": "SuicideWatch",
        "subreddit_id": "t5_2qpzs",
        "subreddit_subscribers": 186691,
        "subreddit_type": "public",
        "thumbnail": "self",
        "title": "Maybe you folks, of all people, will understand.",
        "total_awards_received": 0,
        "url": "https://www.reddit.com/r/SuicideWatch/comments/fajp77/maybe_you_folks_of_all_people_will_understand/",
        "whitelist_status": "no_ads",
        "wls": 0
    },
    {
        "all_awardings": [],
        "allow_live_comments": false,
        "author": "DarthCasanova",
        "author_flair_background_color": "",
        "author_flair_css_class": "modmsg",
        "author_flair_richtext": [],
        "author_flair_text": null,
        "author_flair_text_color": "dark",
        "author_flair_type": "text",
        "author_fullname": "t2_15dh4c",
        "author_patreon_flair": false,
        "author_premium": false,
        "awarders": [],
        "can_mod_post": false,
        "contest_mode": false,
        "created_utc": "2020-02-27 00:08:48",
        "domain": "self.SuicideWatch",
        "full_link": "https://www.reddit.com/r/SuicideWatch/comments/fa33re/anyone_else_rooting_for_the_coronavirus/",
        "gildings": {},
        "id": "fa33re",
        "is_crosspostable": false,
        "is_meta": false,
        "is_original_content": false,
        "is_reddit_media_domain": false,
        "is_robot_indexable": true,
        "is_self": true,
        "is_video": false,
        "link_flair_background_color": "",
        "link_flair_richtext": [],
        "link_flair_text_color": "dark",
        "link_flair_type": "text",
        "locked": false,
        "media_only": false,
        "no_follow": true,
        "num_comments": 3,
        "num_crossposts": 0,
        "over_18": false,
        "parent_whitelist_status": "no_ads",
        "permalink": "/r/SuicideWatch/comments/fa33re/anyone_else_rooting_for_the_coronavirus/",
        "pinned": false,
        "pwls": 0,
        "retrieved_on": 1582762132,
        "score": 1,
        "selftext": "After all, it seems most of corporations, govt, etc is hell bent on a self destructive philosophy, the world is turning to shit, evil reigns and most good people finish last.\n\nMaybe a societal reset would be food for us.",
        "send_replies": true,
        "spoiler": false,
        "stickied": false,
        "subreddit": "SuicideWatch",
        "subreddit_id": "t5_2qpzs",
        "subreddit_subscribers": 186462,
        "subreddit_type": "public",
        "thumbnail": "self",
        "title": "Anyone else rooting for the Coronavirus?",
        "total_awards_received": 0,
        "url": "https://www.reddit.com/r/SuicideWatch/comments/fa33re/anyone_else_rooting_for_the_coronavirus/",
        "whitelist_status": "no_ads",
        "wls": 0
    },
    {
        "all_awardings": [],
        "allow_live_comments": false,
        "author": "methylphenidate1",
        "author_flair_background_color": "",
        "author_flair_css_class": "modmsg",
        "author_flair_richtext": [],
        "author_flair_text": null,
        "author_flair_text_color": "dark",
        "author_flair_type": "text",
        "author_fullname": "t2_2jqq9lkf",
        "author_patreon_flair": false,
        "author_premium": false,
        "awarders": [],
        "can_mod_post": false,
        "contest_mode": false,
        "created_utc": "2020-02-26 22:47:30",
        "domain": "self.SuicideWatch",
        "full_link": "https://www.reddit.com/r/SuicideWatch/comments/fa1w9g/at_least_if_coronavirus_kills_me_i_wont_have_to/",
        "gildings": {},
        "id": "fa1w9g",
        "is_crosspostable": false,
        "is_meta": false,
        "is_original_content": false,
        "is_reddit_media_domain": false,
        "is_robot_indexable": true,
        "is_self": true,
        "is_video": false,
        "link_flair_background_color": "",
        "link_flair_richtext": [],
        "link_flair_text_color": "dark",
        "link_flair_type": "text",
        "locked": false,
        "media_only": false,
        "no_follow": true,
        "num_comments": 1,
        "num_crossposts": 0,
        "over_18": false,
        "parent_whitelist_status": "no_ads",
        "permalink": "/r/SuicideWatch/comments/fa1w9g/at_least_if_coronavirus_kills_me_i_wont_have_to/",
        "pinned": false,
        "pwls": 0,
        "retrieved_on": 1582757257,
        "score": 1,
        "selftext": "",
        "send_replies": true,
        "spoiler": false,
        "stickied": false,
        "subreddit": "SuicideWatch",
        "subreddit_id": "t5_2qpzs",
        "subreddit_subscribers": 186445,
        "subreddit_type": "public",
        "thumbnail": "self",
        "title": "At least if coronavirus kills me I won't have to do it myself",
        "total_awards_received": 0,
        "url": "https://www.reddit.com/r/SuicideWatch/comments/fa1w9g/at_least_if_coronavirus_kills_me_i_wont_have_to/",
        "whitelist_status": "no_ads",
        "wls": 0
    },
    {
        "all_awardings": [],
        "allow_live_comments": false,
        "author": "throwaway646837366",
        "author_flair_css_class": null,
        "author_flair_richtext": [],
        "author_flair_text": null,
        "author_flair_type": "text",
        "author_fullname": "t2_8u9kcfr",
        "author_patreon_flair": false,
        "author_premium": false,
        "awarders": [],
        "can_mod_post": false,
        "contest_mode": false,
        "created_utc": "2020-02-25 13:13:15",
        "domain": "self.SuicideWatch",
        "full_link": "https://www.reddit.com/r/SuicideWatch/comments/f9a2jk/goodbye/",
        "gildings": {},
        "id": "f9a2jk",
        "is_crosspostable": false,
        "is_meta": false,
        "is_original_content": false,
        "is_reddit_media_domain": false,
        "is_robot_indexable": true,
        "is_self": true,
        "is_video": false,
        "link_flair_background_color": "",
        "link_flair_richtext": [],
        "link_flair_text_color": "dark",
        "link_flair_type": "text",
        "locked": false,
        "media_only": false,
        "no_follow": true,
        "num_comments": 7,
        "num_crossposts": 0,
        "over_18": false,
        "parent_whitelist_status": "no_ads",
        "permalink": "/r/SuicideWatch/comments/f9a2jk/goodbye/",
        "pinned": false,
        "pwls": 0,
        "retrieved_on": 1582636397,
        "score": 1,
        "selftext": "the only reason i'm still alive is my best friend. although i've met her just a few months ago, we got really close. i love her and i love her hugs. she told me she loves me like the brother she never had. the bigger brother, because i'm really tall and she is quite short and because she calls me her sensei. she knows i'm suicidal and helped me survive a lot of times. she convinced me to go see someone for help, because she wants to see me happy. but in the last period we rarely talk and when we do she seems either aggressive or cold. i understand. it's my fault. i've treated her badly.\n\nnow the university is closed because of coronavirus. i haven't seen any one in a long time because of that and because i had some exams. i should have seen a psychotherapist, but, because of the emergency, it has been postponed. every moment i feel suicidal and i've contacted her i don't know jow many times for help. but now she seems fed up with it. and i understand. but i don't have the strength to survive and i don't want to harass her any further.\n\nso this is the end.\ngoodbye.",
        "send_replies": true,
        "spoiler": false,
        "stickied": false,
        "subreddit": "SuicideWatch",
        "subreddit_id": "t5_2qpzs",
        "subreddit_subscribers": 185977,
        "subreddit_type": "public",
        "thumbnail": "self",
        "title": "goodbye",
        "total_awards_received": 0,
        "url": "https://www.reddit.com/r/SuicideWatch/comments/f9a2jk/goodbye/",
        "whitelist_status": "no_ads",
        "wls": 0
    },
    {
        "all_awardings": [],
        "allow_live_comments": false,
        "author": "Senseless_misery",
        "author_flair_css_class": "modmsg",
        "author_flair_richtext": [],
        "author_flair_template_id": "2a7b5518-8e45-11e5-a506-0ed10b342609",
        "author_flair_text": null,
        "author_flair_text_color": "dark",
        "author_flair_type": "text",
        "author_fullname": "t2_5ogkhnxk",
        "author_patreon_flair": false,
        "author_premium": false,
        "awarders": [],
        "can_mod_post": false,
        "contest_mode": false,
        "created_utc": "2020-02-25 09:28:42",
        "domain": "self.SuicideWatch",
        "full_link": "https://www.reddit.com/r/SuicideWatch/comments/f97rpq/anyone_else_not_want_a_happy_life/",
        "gildings": {},
        "id": "f97rpq",
        "is_crosspostable": false,
        "is_meta": false,
        "is_original_content": false,
        "is_reddit_media_domain": false,
        "is_robot_indexable": true,
        "is_self": true,
        "is_video": false,
        "link_flair_background_color": "",
        "link_flair_richtext": [],
        "link_flair_text_color": "dark",
        "link_flair_type": "text",
        "locked": false,
        "media_only": false,
        "no_follow": true,
        "num_comments": 1,
        "num_crossposts": 0,
        "over_18": false,
        "parent_whitelist_status": "no_ads",
        "permalink": "/r/SuicideWatch/comments/f97rpq/anyone_else_not_want_a_happy_life/",
        "pinned": false,
        "pwls": 0,
        "retrieved_on": 1582622924,
        "score": 1,
        "selftext": "I used to but happy people when faced with death react in terror and despair. Those who hate life greet death as a friend when it\u2019s their time. The day I\u2019m diagnosed with cancer or the coronavirus is a day my best friend, Death, is coming to take me away from this horrid place. With tears of joy streaming down my face, I\u2019ll exit this life.",
        "send_replies": true,
        "spoiler": false,
        "stickied": false,
        "subreddit": "SuicideWatch",
        "subreddit_id": "t5_2qpzs",
        "subreddit_subscribers": 185881,
        "subreddit_type": "public",
        "thumbnail": "self",
        "title": "Anyone else not want a happy life?",
        "total_awards_received": 0,
        "url": "https://www.reddit.com/r/SuicideWatch/comments/f97rpq/anyone_else_not_want_a_happy_life/",
        "whitelist_status": "no_ads",
        "wls": 0
    },
    {
        "all_awardings": [],
        "allow_live_comments": false,
        "author": "makeitfeelfaraway",
        "author_flair_css_class": "modmsg",
        "author_flair_richtext": [],
        "author_flair_template_id": "2a7b5518-8e45-11e5-a506-0ed10b342609",
        "author_flair_text": null,
        "author_flair_text_color": "dark",
        "author_flair_type": "text",
        "author_fullname": "t2_4nig6s0v",
        "author_patreon_flair": false,
        "author_premium": false,
        "awarders": [],
        "can_mod_post": false,
        "contest_mode": false,
        "created_utc": "2020-02-23 07:18:05",
        "domain": "self.SuicideWatch",
        "full_link": "https://www.reddit.com/r/SuicideWatch/comments/f8696c/coronavirus_5g_directed_energy_weapon_get_me_off/",
        "gildings": {},
        "id": "f8696c",
        "is_crosspostable": false,
        "is_meta": false,
        "is_original_content": false,
        "is_reddit_media_domain": false,
        "is_robot_indexable": true,
        "is_self": true,
        "is_video": false,
        "link_flair_background_color": "",
        "link_flair_richtext": [],
        "link_flair_text_color": "dark",
        "link_flair_type": "text",
        "locked": false,
        "media_only": false,
        "no_follow": true,
        "num_comments": 5,
        "num_crossposts": 0,
        "over_18": false,
        "parent_whitelist_status": "no_ads",
        "permalink": "/r/SuicideWatch/comments/f8696c/coronavirus_5g_directed_energy_weapon_get_me_off/",
        "pinned": false,
        "pwls": 0,
        "retrieved_on": 1582442290,
        "score": 1,
        "selftext": "",
        "send_replies": true,
        "spoiler": false,
        "stickied": false,
        "subreddit": "SuicideWatch",
        "subreddit_id": "t5_2qpzs",
        "subreddit_subscribers": 184695,
        "subreddit_type": "public",
        "thumbnail": "self",
        "title": "coronavirus = 5G directed energy weapon get me off this planet",
        "total_awards_received": 0,
        "url": "https://www.reddit.com/r/SuicideWatch/comments/f8696c/coronavirus_5g_directed_energy_weapon_get_me_off/",
        "whitelist_status": "no_ads",
        "wls": 0
    },
    {
        "all_awardings": [],
        "allow_live_comments": false,
        "author": "psmaster0904",
        "author_flair_css_class": "modmsg",
        "author_flair_richtext": [],
        "author_flair_template_id": "2a7b5518-8e45-11e5-a506-0ed10b342609",
        "author_flair_text": null,
        "author_flair_text_color": "dark",
        "author_flair_type": "text",
        "author_fullname": "t2_34e4iit8",
        "author_patreon_flair": false,
        "author_premium": false,
        "awarders": [],
        "can_mod_post": false,
        "contest_mode": false,
        "created_utc": "2020-02-21 15:26:07",
        "domain": "self.SuicideWatch",
        "full_link": "https://www.reddit.com/r/SuicideWatch/comments/f7cmtv/no_longer_need_to_make_a_hard_work_the_nature/",
        "gildings": {},
        "id": "f7cmtv",
        "is_crosspostable": false,
        "is_meta": false,
        "is_original_content": false,
        "is_reddit_media_domain": false,
        "is_robot_indexable": true,
        "is_self": true,
        "is_video": false,
        "link_flair_background_color": "",
        "link_flair_richtext": [],
        "link_flair_text_color": "dark",
        "link_flair_type": "text",
        "locked": false,
        "media_only": false,
        "no_follow": true,
        "num_comments": 1,
        "num_crossposts": 0,
        "over_18": false,
        "parent_whitelist_status": "no_ads",
        "permalink": "/r/SuicideWatch/comments/f7cmtv/no_longer_need_to_make_a_hard_work_the_nature/",
        "pinned": false,
        "pwls": 0,
        "retrieved_on": 1582298769,
        "score": 1,
        "selftext": "It seems that COVID-19 situation is getting bad to worse. Still no vaccine, no medication, just death after having painful time with symptoms of that coronavirus. I failed about 14 suicide attempts, but I think I\u2019ll make it this time. What I am going to do is so simple. I am going to visit affected areas without any mask or eye protection. Virus will do the killing job for me. \n\nLiving in a small country with lots of infected people feels hopeless.",
        "send_replies": true,
        "spoiler": false,
        "stickied": false,
        "subreddit": "SuicideWatch",
        "subreddit_id": "t5_2qpzs",
        "subreddit_subscribers": 184249,
        "subreddit_type": "public",
        "thumbnail": "self",
        "title": "No longer need to make a hard work, the nature will kill me anyway.",
        "total_awards_received": 0,
        "url": "https://www.reddit.com/r/SuicideWatch/comments/f7cmtv/no_longer_need_to_make_a_hard_work_the_nature/",
        "whitelist_status": "no_ads",
        "wls": 0
    },
    {
        "all_awardings": [],
        "allow_live_comments": false,
        "author": "furfoxandyling",
        "author_flair_css_class": "modmsg",
        "author_flair_richtext": [],
        "author_flair_template_id": "2a7b5518-8e45-11e5-a506-0ed10b342609",
        "author_flair_text": null,
        "author_flair_text_color": "dark",
        "author_flair_type": "text",
        "author_fullname": "t2_5gzl0uth",
        "author_patreon_flair": false,
        "author_premium": false,
        "awarders": [],
        "can_mod_post": false,
        "contest_mode": false,
        "created_utc": "2020-02-20 03:38:22",
        "domain": "self.SuicideWatch",
        "full_link": "https://www.reddit.com/r/SuicideWatch/comments/f6mxt5/i_hope_i_get_the_coronavirus/",
        "gildings": {},
        "id": "f6mxt5",
        "is_crosspostable": false,
        "is_meta": false,
        "is_original_content": false,
        "is_reddit_media_domain": false,
        "is_robot_indexable": true,
        "is_self": true,
        "is_video": false,
        "link_flair_background_color": "",
        "link_flair_richtext": [],
        "link_flair_text_color": "dark",
        "link_flair_type": "text",
        "locked": false,
        "media_only": false,
        "no_follow": true,
        "num_comments": 16,
        "num_crossposts": 0,
        "over_18": false,
        "parent_whitelist_status": "no_ads",
        "permalink": "/r/SuicideWatch/comments/f6mxt5/i_hope_i_get_the_coronavirus/",
        "pinned": false,
        "pwls": 0,
        "retrieved_on": 1582169907,
        "score": 1,
        "selftext": "Then I can finally fuckin die",
        "send_replies": true,
        "spoiler": false,
        "stickied": false,
        "subreddit": "SuicideWatch",
        "subreddit_id": "t5_2qpzs",
        "subreddit_subscribers": 183957,
        "subreddit_type": "public",
        "thumbnail": "self",
        "title": "I hope I get the coronavirus",
        "total_awards_received": 0,
        "url": "https://www.reddit.com/r/SuicideWatch/comments/f6mxt5/i_hope_i_get_the_coronavirus/",
        "whitelist_status": "no_ads",
        "wls": 0
    },
    {
        "all_awardings": [],
        "allow_live_comments": false,
        "author": "swezzterdingaling",
        "author_flair_css_class": "modmsg",
        "author_flair_richtext": [],
        "author_flair_template_id": "2a7b5518-8e45-11e5-a506-0ed10b342609",
        "author_flair_text": null,
        "author_flair_text_color": "dark",
        "author_flair_type": "text",
        "author_fullname": "t2_16xw66",
        "author_patreon_flair": false,
        "author_premium": false,
        "awarders": [],
        "can_mod_post": false,
        "contest_mode": false,
        "created_utc": "2020-02-16 19:55:34",
        "domain": "self.SuicideWatch",
        "full_link": "https://www.reddit.com/r/SuicideWatch/comments/f4w43l/its_too_bad_i_dont_live_in_china_and_cant_easily/",
        "gildings": {},
        "id": "f4w43l",
        "is_crosspostable": false,
        "is_meta": false,
        "is_original_content": false,
        "is_reddit_media_domain": false,
        "is_robot_indexable": true,
        "is_self": true,
        "is_video": false,
        "link_flair_background_color": "",
        "link_flair_richtext": [],
        "link_flair_text_color": "dark",
        "link_flair_type": "text",
        "locked": false,
        "media_only": false,
        "no_follow": true,
        "num_comments": 4,
        "num_crossposts": 0,
        "over_18": false,
        "parent_whitelist_status": "no_ads",
        "permalink": "/r/SuicideWatch/comments/f4w43l/its_too_bad_i_dont_live_in_china_and_cant_easily/",
        "pinned": false,
        "pwls": 0,
        "retrieved_on": 1581882939,
        "score": 1,
        "selftext": "Anyone in China wanna ship it to me? Need a way out of life. K, thanks",
        "send_replies": true,
        "spoiler": false,
        "stickied": false,
        "subreddit": "SuicideWatch",
        "subreddit_id": "t5_2qpzs",
        "subreddit_subscribers": 183303,
        "subreddit_type": "public",
        "thumbnail": "self",
        "title": "It's too bad I don't live in China and can't easily contract the Coronavirus.",
        "total_awards_received": 0,
        "url": "https://www.reddit.com/r/SuicideWatch/comments/f4w43l/its_too_bad_i_dont_live_in_china_and_cant_easily/",
        "whitelist_status": "no_ads",
        "wls": 0
    },
    {
        "all_awardings": [],
        "allow_live_comments": false,
        "author": "Raven_Etoile",
        "author_flair_css_class": "modmsg",
        "author_flair_richtext": [],
        "author_flair_template_id": "2a7b5518-8e45-11e5-a506-0ed10b342609",
        "author_flair_text": null,
        "author_flair_text_color": "dark",
        "author_flair_type": "text",
        "author_fullname": "t2_4zaug04i",
        "author_patreon_flair": false,
        "author_premium": false,
        "awarders": [],
        "can_mod_post": false,
        "contest_mode": false,
        "created_utc": "2020-02-15 07:09:10",
        "domain": "self.SuicideWatch",
        "full_link": "https://www.reddit.com/r/SuicideWatch/comments/f461rf/i_failed_but_i_feel_so_much_better_even_empty/",
        "gildings": {},
        "id": "f461rf",
        "is_crosspostable": false,
        "is_meta": false,
        "is_original_content": false,
        "is_reddit_media_domain": false,
        "is_robot_indexable": true,
        "is_self": true,
        "is_video": false,
        "link_flair_background_color": "",
        "link_flair_richtext": [],
        "link_flair_text_color": "dark",
        "link_flair_type": "text",
        "locked": false,
        "media_only": false,
        "no_follow": true,
        "num_comments": 2,
        "num_crossposts": 0,
        "over_18": false,
        "parent_whitelist_status": "no_ads",
        "permalink": "/r/SuicideWatch/comments/f461rf/i_failed_but_i_feel_so_much_better_even_empty/",
        "pinned": false,
        "pwls": 0,
        "retrieved_on": 1581750550,
        "score": 1,
        "selftext": "Well, I didn't drink Water while 93h25min, but a few seconds ago, I decided to drink ! And I feel empty, but, I also feel like, serene, apeased... I have dream. And Because of My beautiful family, Because of My boyfriend, Because of My friends and dream, I want to live. I want to start over in my head. I want to forget every negative thought that I have during 2 years. I'm probably in depression, but I will act like I'm not. I want to start again my life, and my birthday is in a few days, friday. So, I'm happy to say... I will live. And I ask to you, to imagine what you want to your life to look like. What you life dream ? Do you want a life with a boyfriend or girlfriend ? Do you want friends ? Do you want to draw like a pro ? Do you want to be healthy ? Do you want to be a writer ? Do you want to travel ? Do you want a dog Who loves you more than your family ? Because that what I want. I even if I let my grades down Because I didn't have the streng for work, I'm gonna change that ! Everthing isn't White or Black, life is a ying and yang. Life can be beautiful if you decided to see what's positive, and not seeing all the stuff that are ugly, bad... I know this world is a fucking mess, Because of humans. But, we are gonna die soon, Because of climat or Because of coronavirus. So, enjoy ! Death will coming one day. You haven't decided to born, so what make you belive you have to decided When you die ?\n\n\nI love youuuu and if you love yourself, you will feel so much better ~ You are not alone. Even if you feel or are alone, you're not. There's others People in this earth, that are like you. I will not say that \"everthing will be fine\" Because it's a lie. But if you can accepte that you will be sad, that you are in a very bad mood, maybe you will feel a little bit better. Accept life. And Accept Death too.\n\nI maybe make because I'm not a pro in English, but watever. I think you can understand what I'm trying to say.",
        "send_replies": true,
        "spoiler": false,
        "stickied": false,
        "subreddit": "SuicideWatch",
        "subreddit_id": "t5_2qpzs",
        "subreddit_subscribers": 183024,
        "subreddit_type": "public",
        "thumbnail": "self",
        "title": "I failed but I feel so much better, even empty",
        "total_awards_received": 0,
        "url": "https://www.reddit.com/r/SuicideWatch/comments/f461rf/i_failed_but_i_feel_so_much_better_even_empty/",
        "whitelist_status": "no_ads",
        "wls": 0
    },
    {
        "all_awardings": [],
        "allow_live_comments": false,
        "author": "lactllzol",
        "author_flair_css_class": "modmsg",
        "author_flair_richtext": [],
        "author_flair_template_id": "2a7b5518-8e45-11e5-a506-0ed10b342609",
        "author_flair_text": null,
        "author_flair_text_color": "dark",
        "author_flair_type": "text",
        "author_fullname": "t2_1aovw873",
        "author_patreon_flair": false,
        "author_premium": false,
        "awarders": [],
        "can_mod_post": false,
        "contest_mode": false,
        "created_utc": "2020-02-13 02:05:13",
        "domain": "self.SuicideWatch",
        "full_link": "https://www.reddit.com/r/SuicideWatch/comments/f32hgk/i_want_to_get_infected_by_the_coronavirus/",
        "gildings": {},
        "id": "f32hgk",
        "is_crosspostable": false,
        "is_meta": false,
        "is_original_content": false,
        "is_reddit_media_domain": false,
        "is_robot_indexable": true,
        "is_self": true,
        "is_video": false,
        "link_flair_background_color": "",
        "link_flair_richtext": [],
        "link_flair_text_color": "dark",
        "link_flair_type": "text",
        "locked": false,
        "media_only": false,
        "no_follow": true,
        "num_comments": 9,
        "num_crossposts": 0,
        "over_18": false,
        "parent_whitelist_status": "no_ads",
        "permalink": "/r/SuicideWatch/comments/f32hgk/i_want_to_get_infected_by_the_coronavirus/",
        "pinned": false,
        "pwls": 0,
        "retrieved_on": 1581559514,
        "score": 1,
        "selftext": "An easy way out",
        "send_replies": true,
        "spoiler": false,
        "stickied": false,
        "subreddit": "SuicideWatch",
        "subreddit_id": "t5_2qpzs",
        "subreddit_subscribers": 182531,
        "subreddit_type": "public",
        "thumbnail": "self",
        "title": "I want to get infected by the coronavirus",
        "total_awards_received": 0,
        "url": "https://www.reddit.com/r/SuicideWatch/comments/f32hgk/i_want_to_get_infected_by_the_coronavirus/",
        "whitelist_status": "no_ads",
        "wls": 0
    },
    {
        "all_awardings": [],
        "allow_live_comments": false,
        "author": "LordCommanderSolar",
        "author_flair_css_class": null,
        "author_flair_richtext": [],
        "author_flair_text": null,
        "author_flair_type": "text",
        "author_fullname": "t2_12hjr0",
        "author_patreon_flair": false,
        "author_premium": false,
        "awarders": [],
        "can_mod_post": false,
        "contest_mode": false,
        "created_utc": "2020-02-11 23:41:55",
        "domain": "self.SuicideWatch",
        "full_link": "https://www.reddit.com/r/SuicideWatch/comments/f2hgpd/hoping_i_catch_coronavirus_and_die_from_it/",
        "gildings": {},
        "id": "f2hgpd",
        "is_crosspostable": false,
        "is_meta": false,
        "is_original_content": false,
        "is_reddit_media_domain": false,
        "is_robot_indexable": true,
        "is_self": true,
        "is_video": false,
        "link_flair_background_color": "",
        "link_flair_richtext": [],
        "link_flair_text_color": "dark",
        "link_flair_type": "text",
        "locked": false,
        "media_only": false,
        "no_follow": true,
        "num_comments": 1,
        "num_crossposts": 0,
        "over_18": false,
        "parent_whitelist_status": "no_ads",
        "permalink": "/r/SuicideWatch/comments/f2hgpd/hoping_i_catch_coronavirus_and_die_from_it/",
        "pinned": false,
        "pwls": 0,
        "retrieved_on": 1581464520,
        "score": 1,
        "selftext": "There's a plague going around, which brings me some hope. Maybe I can die at 21. Better to perish when people still think I have potential, than to live a long and unfulfilling existence, completely alone, a failure at all my endeavors.\n\nMy life's in the pits right now. I haven't had a girlfriend since I was 16, I've been rejected time and time again---always some variation of \"You're a great guy, but we should just be friends\"---and I've had to switch schools and majors due to depression, culminating in an attempted suicide. All it would have taken was one woman saying yes to me, and I wouldn't be in this situation; but as it stands, I'm a bitter, miserable wreck, too weak to make anything of my life and too unattractive to find someone. My friends and parents still believe I can have a successful life, but I don't. Not anymore. I've had my heart ripped out too many times. There's no way out of this pit of loneliness that has been dug for me, and I am seriously considering jumping off a bridge, just to bring this miserable struggle to a conclusion. Or again, I could be lucky enough to catch a deadly virus. \n\nJust thought I would vent. The only two things keeping me going are my beloved betta fish, and the novel I'm trying to write.",
        "send_replies": true,
        "spoiler": false,
        "stickied": false,
        "subreddit": "SuicideWatch",
        "subreddit_id": "t5_2qpzs",
        "subreddit_subscribers": 182320,
        "subreddit_type": "public",
        "thumbnail": "self",
        "title": "Hoping I catch coronavirus and die from it",
        "total_awards_received": 0,
        "url": "https://www.reddit.com/r/SuicideWatch/comments/f2hgpd/hoping_i_catch_coronavirus_and_die_from_it/",
        "whitelist_status": "no_ads",
        "wls": 0
    },
    {
        "all_awardings": [],
        "allow_live_comments": false,
        "author": "bathaddict1",
        "author_flair_css_class": null,
        "author_flair_richtext": [],
        "author_flair_text": null,
        "author_flair_type": "text",
        "author_fullname": "t2_22i68eu1",
        "author_patreon_flair": false,
        "author_premium": false,
        "awarders": [],
        "can_mod_post": false,
        "contest_mode": false,
        "created_utc": "2020-02-09 21:47:15",
        "domain": "self.SuicideWatch",
        "full_link": "https://www.reddit.com/r/SuicideWatch/comments/f1fq3e/i_rather_die_than_lose_them/",
        "gildings": {},
        "id": "f1fq3e",
        "is_crosspostable": false,
        "is_meta": false,
        "is_original_content": false,
        "is_reddit_media_domain": false,
        "is_robot_indexable": true,
        "is_self": true,
        "is_video": false,
        "link_flair_background_color": "",
        "link_flair_richtext": [],
        "link_flair_text_color": "dark",
        "link_flair_type": "text",
        "locked": false,
        "media_only": false,
        "no_follow": true,
        "num_comments": 1,
        "num_crossposts": 0,
        "over_18": false,
        "parent_whitelist_status": "no_ads",
        "permalink": "/r/SuicideWatch/comments/f1fq3e/i_rather_die_than_lose_them/",
        "pinned": false,
        "pwls": 0,
        "retrieved_on": 1581284838,
        "score": 1,
        "selftext": "Overthinking is something that i cant stop myself from doing.\nWith the coronavirus going on. I just cant imagine if i were to lose someone dear to me. \nReading the cases online. I cant stop myself from crying. I sympathise with those people who are infected, i keep on thinking what if people that i hold dear was one of them who are infected.\nI dont mind dying but i just cant deal with losing people that i love. \nThinking about it makes me feel like im going to lose my mind. I feel like dying  because i cant stop overthinking. \n\nI hope it's me the one who's going to get infected, quarantine and die rather than people that i love. . I just cant think straight anymore. I dont think im strong enough to deal with the separation, and having to live on without people that i love, care for. Jumping from the 14th floor is easier than to deal with that. I don't know how those people who lose their loved ones in deal with it \n\n#sorry for grammatical mistakes, english is not my first language.",
        "send_replies": true,
        "spoiler": false,
        "stickied": false,
        "subreddit": "SuicideWatch",
        "subreddit_id": "t5_2qpzs",
        "subreddit_subscribers": 181893,
        "subreddit_type": "public",
        "thumbnail": "self",
        "title": "I rather die than lose them",
        "total_awards_received": 0,
        "url": "https://www.reddit.com/r/SuicideWatch/comments/f1fq3e/i_rather_die_than_lose_them/",
        "whitelist_status": "no_ads",
        "wls": 0
    },
    {
        "all_awardings": [],
        "allow_live_comments": false,
        "author": "jupitar17",
        "author_flair_css_class": null,
        "author_flair_richtext": [],
        "author_flair_text": null,
        "author_flair_type": "text",
        "author_fullname": "t2_4p59gbnr",
        "author_patreon_flair": false,
        "author_premium": false,
        "awarders": [],
        "can_mod_post": false,
        "contest_mode": false,
        "created_utc": "2020-02-06 04:13:26",
        "domain": "self.SuicideWatch",
        "full_link": "https://www.reddit.com/r/SuicideWatch/comments/ezmm67/i_feel_useless/",
        "gildings": {},
        "id": "ezmm67",
        "is_crosspostable": false,
        "is_meta": false,
        "is_original_content": false,
        "is_reddit_media_domain": false,
        "is_robot_indexable": true,
        "is_self": true,
        "is_video": false,
        "link_flair_background_color": "",
        "link_flair_richtext": [],
        "link_flair_text_color": "dark",
        "link_flair_type": "text",
        "locked": false,
        "media_only": false,
        "no_follow": true,
        "num_comments": 7,
        "num_crossposts": 0,
        "over_18": false,
        "parent_whitelist_status": "no_ads",
        "permalink": "/r/SuicideWatch/comments/ezmm67/i_feel_useless/",
        "pinned": false,
        "pwls": 0,
        "retrieved_on": 1580962408,
        "score": 1,
        "selftext": "I'm only 12 years old. I'm not even supposed to use reddit. I'll probably get banned. Until now, I've been fairly popular in school. I've had good grades. I've always been on of the most athletic. Recently, my parents have started getting really mad at me, calling me \"stupid\" and \"will never change\". I just recently qualified for a Math Counts State competition. It's not much, but my parents being the stereotypical \"Asian\" parents makes me do math so much. They yell at me about my attitude, which is where I get rather frustrated when I can't get a problem right. I've been trying my hardest to change that, but it still doesn't seem to be working. Just today, my parents spent the last 2 hours calling me \"useless\" and \"dumb\". I'm starting to feel suicidal. I've felt this way a few times. When I sort of hinted at it, my dad angrily marched across the room like, \"WHAT DID YOU JUST SAY?\" When I was curled up in a ball crying, my mom told me to shut up. Not only that, but I'm starting to feel like I'm getting discriminated against because of my race. I can get insane grades, but no one cares. Especially not the teachers. I'm supposed to do that. Recently, the coronavirus thing has caused people to make mean jokes about me because my roots are Chinese. I'm not sure what to do. My life feels fine. My parents are usually loving. I don't want to do drastic stuff like calling the suicide hotline. It makes me feel guilty posting here, because my problems are probably 10 times less bad and important as other peoples. I don't want to act act like my problems are as bad as other peoples. I'm hoping it's just a day, but I'm really not sure. I'm scared of what will happen going on. What if I really take my life in the future? That idea seems scary. My friends don't even know this. They think my life is perfect. Mine isn't even close. I'm not going to take drastic measures like getting my parents involved. Just any tips on how to calm down and stuff? I'm 100% sure my parents love me, but the way they are doing it and trying to make me better feels wrong. Nevermind, I'm probably just overreacting. I am so so so so so sorry for taking away a few minutes of your life. It's just...I don't know what to do. Please help with tips",
        "send_replies": true,
        "spoiler": false,
        "stickied": false,
        "subreddit": "SuicideWatch",
        "subreddit_id": "t5_2qpzs",
        "subreddit_subscribers": 181258,
        "subreddit_type": "public",
        "thumbnail": "self",
        "title": "I feel useless",
        "total_awards_received": 0,
        "url": "https://www.reddit.com/r/SuicideWatch/comments/ezmm67/i_feel_useless/",
        "whitelist_status": "no_ads",
        "wls": 0
    },
    {
        "all_awardings": [],
        "allow_live_comments": false,
        "author": "Gold-Math",
        "author_flair_css_class": null,
        "author_flair_richtext": [],
        "author_flair_text": null,
        "author_flair_type": "text",
        "author_fullname": "t2_5fp914rw",
        "author_patreon_flair": false,
        "author_premium": false,
        "awarders": [],
        "can_mod_post": false,
        "contest_mode": false,
        "created_utc": "2020-02-04 01:56:51",
        "domain": "self.SuicideWatch",
        "full_link": "https://www.reddit.com/r/SuicideWatch/comments/eyibsl/i_want_to_die_from_spontaneous_human_combustion/",
        "gildings": {},
        "id": "eyibsl",
        "is_crosspostable": false,
        "is_meta": false,
        "is_original_content": false,
        "is_reddit_media_domain": false,
        "is_robot_indexable": true,
        "is_self": true,
        "is_video": false,
        "link_flair_background_color": "",
        "link_flair_richtext": [],
        "link_flair_text_color": "dark",
        "link_flair_type": "text",
        "locked": false,
        "media_only": false,
        "no_follow": true,
        "num_comments": 0,
        "num_crossposts": 0,
        "over_18": false,
        "parent_whitelist_status": "no_ads",
        "permalink": "/r/SuicideWatch/comments/eyibsl/i_want_to_die_from_spontaneous_human_combustion/",
        "pinned": false,
        "pwls": 0,
        "retrieved_on": 1580781412,
        "score": 1,
        "selftext": "I'm 17 and had lots of loss of good friends and family in past few years, and have a chronic illness causing me daily pain and now this fucking coronavirus that now apparently has a mortality rate of 45% because there's roughly the same amount of people dying than recovering meaning out of the 20,000 people currently infected around 10,000 are going to die and 10,000 are going to live.. thats bubonic plague level of mortality rate and now there's cases in the US where I live.\n\nSince I was young I had a fascination with SHC and I don't want to die from taking pills or anything that'd cause a lot of suffering like that. I read SHC has to do with flammable gasses in your intestine so for the past couple days I've been trying to eat foods to raise the level of hydrogen, oxygen, and phosphorus in the gut and hoping i  go to sleep and combust",
        "send_replies": true,
        "spoiler": false,
        "stickied": false,
        "subreddit": "SuicideWatch",
        "subreddit_id": "t5_2qpzs",
        "subreddit_subscribers": 180875,
        "subreddit_type": "public",
        "thumbnail": "self",
        "title": "I want to die from Spontaneous Human Combustion",
        "total_awards_received": 0,
        "url": "https://www.reddit.com/r/SuicideWatch/comments/eyibsl/i_want_to_die_from_spontaneous_human_combustion/",
        "whitelist_status": "no_ads",
        "wls": 0
    },
    {
        "all_awardings": [],
        "allow_live_comments": false,
        "author": "bupropion78",
        "author_flair_css_class": "modmsg",
        "author_flair_richtext": [],
        "author_flair_template_id": "2a7b5518-8e45-11e5-a506-0ed10b342609",
        "author_flair_text": null,
        "author_flair_text_color": "dark",
        "author_flair_type": "text",
        "author_fullname": "t2_3oyni6vn",
        "author_patreon_flair": false,
        "author_premium": false,
        "awarders": [],
        "can_mod_post": false,
        "contest_mode": false,
        "created_utc": "2020-02-03 19:48:45",
        "domain": "self.SuicideWatch",
        "full_link": "https://www.reddit.com/r/SuicideWatch/comments/eycoag/i_am_a_doctor_and_have_few_consultations_i_hate/",
        "gildings": {},
        "id": "eycoag",
        "is_crosspostable": false,
        "is_meta": false,
        "is_original_content": false,
        "is_reddit_media_domain": false,
        "is_robot_indexable": true,
        "is_self": true,
        "is_video": false,
        "link_flair_background_color": "",
        "link_flair_richtext": [],
        "link_flair_text_color": "dark",
        "link_flair_type": "text",
        "locked": false,
        "media_only": false,
        "no_follow": true,
        "num_comments": 3,
        "num_crossposts": 0,
        "over_18": false,
        "parent_whitelist_status": "no_ads",
        "permalink": "/r/SuicideWatch/comments/eycoag/i_am_a_doctor_and_have_few_consultations_i_hate/",
        "pinned": false,
        "pwls": 0,
        "retrieved_on": 1580759330,
        "score": 1,
        "selftext": "Hello everybody,  I am from Mexico, sorry my English it\u00b4s not good, I can understand written English very well, but it\u00b4s difficult for me, express my ideas in English. I am doctor and I have few consultation, you know Mexico it\u00b4s a poor country, and I am poor too. I hate my life, my ex-wife works in the Gov. She wins a lot of money, she have her own house, and a car, but she wants more money, she thinks that I have money, but it\u00b4s not true. She threatened me if I don\u00b4t pay the child support, I go to jail. She hates me, and she only wants to destroy my life, my son was brain-washed, by their family of my ex-wife, and he hates me. My only family is my mom, my brother, and my dog, my brother and me, support my mom. I have suicidal thoughts, I don\u00b4t suicide because I don\u00b4t want that mom suffer, but, I want to die, I want to felt sick, o get cancer, o coronavirus, and I want to die. My brother is depressive too. Maybe, If my mom dies, maybe my brother and me, commit suicide. Thanks for read me.",
        "send_replies": true,
        "spoiler": false,
        "stickied": false,
        "subreddit": "SuicideWatch",
        "subreddit_id": "t5_2qpzs",
        "subreddit_subscribers": 180834,
        "subreddit_type": "public",
        "thumbnail": "self",
        "title": "I am a doctor and have few consultations, I hate my life !!!",
        "total_awards_received": 0,
        "url": "https://www.reddit.com/r/SuicideWatch/comments/eycoag/i_am_a_doctor_and_have_few_consultations_i_hate/",
        "whitelist_status": "no_ads",
        "wls": 0
    },
    {
        "all_awardings": [],
        "allow_live_comments": false,
        "author": "Redemption_2002",
        "author_flair_css_class": "modmsg",
        "author_flair_richtext": [],
        "author_flair_template_id": "2a7b5518-8e45-11e5-a506-0ed10b342609",
        "author_flair_text": null,
        "author_flair_text_color": "dark",
        "author_flair_type": "text",
        "author_fullname": "t2_21b3t1t3",
        "author_patreon_flair": false,
        "author_premium": false,
        "awarders": [],
        "can_mod_post": false,
        "contest_mode": false,
        "created_utc": "2020-02-01 18:27:35",
        "domain": "self.SuicideWatch",
        "full_link": "https://www.reddit.com/r/SuicideWatch/comments/exacy0/i_hope_the_coronavirus_spreads_to_my_area/",
        "gildings": {},
        "id": "exacy0",
        "is_crosspostable": false,
        "is_meta": false,
        "is_original_content": false,
        "is_reddit_media_domain": false,
        "is_robot_indexable": true,
        "is_self": true,
        "is_video": false,
        "link_flair_background_color": "",
        "link_flair_richtext": [],
        "link_flair_text_color": "dark",
        "link_flair_type": "text",
        "locked": false,
        "media_only": false,
        "no_follow": true,
        "num_comments": 20,
        "num_crossposts": 0,
        "over_18": false,
        "parent_whitelist_status": "no_ads",
        "permalink": "/r/SuicideWatch/comments/exacy0/i_hope_the_coronavirus_spreads_to_my_area/",
        "pinned": false,
        "pwls": 0,
        "retrieved_on": 1580581659,
        "score": 1,
        "selftext": "If Im too scared to kill myself guess something has to do it for me.",
        "send_replies": true,
        "spoiler": false,
        "stickied": false,
        "subreddit": "SuicideWatch",
        "subreddit_id": "t5_2qpzs",
        "subreddit_subscribers": 180462,
        "subreddit_type": "public",
        "thumbnail": "self",
        "title": "I hope the coronavirus spreads to my area",
        "total_awards_received": 0,
        "url": "https://www.reddit.com/r/SuicideWatch/comments/exacy0/i_hope_the_coronavirus_spreads_to_my_area/",
        "whitelist_status": "no_ads",
        "wls": 0
    }
]