[
    {
        "all_awardings": [],
        "allow_live_comments": false,
        "author": "zeeszeeshan",
        "author_flair_css_class": null,
        "author_flair_richtext": [],
        "author_flair_text": null,
        "author_flair_type": "text",
        "author_fullname": "t2_34x0ea9g",
        "author_patreon_flair": false,
        "author_premium": false,
        "awarders": [],
        "can_mod_post": false,
        "contest_mode": false,
        "created_utc": "2020-07-21 09:55:26",
        "domain": "zeeshealth.com",
        "full_link": "https://www.reddit.com/r/Coronavirus/comments/hv4nr3/depression_is_the_biggest_cause_of_suicide_and/",
        "gildings": {},
        "id": "hv4nr3",
        "is_crosspostable": false,
        "is_meta": false,
        "is_original_content": false,
        "is_reddit_media_domain": false,
        "is_robot_indexable": false,
        "is_self": false,
        "is_video": false,
        "link_flair_background_color": "#0dd3bb",
        "link_flair_richtext": [],
        "link_flair_template_id": "ca99103a-5e48-11ea-861e-0e14b931d16d",
        "link_flair_text": "World",
        "link_flair_text_color": "dark",
        "link_flair_type": "text",
        "locked": false,
        "media_only": false,
        "no_follow": true,
        "num_comments": 0,
        "num_crossposts": 0,
        "over_18": false,
        "parent_whitelist_status": "all_ads",
        "permalink": "/r/Coronavirus/comments/hv4nr3/depression_is_the_biggest_cause_of_suicide_and/",
        "pinned": false,
        "pwls": 6,
        "removed_by_category": "moderator",
        "retrieved_on": 1595390755,
        "score": 1,
        "selftext": "",
        "send_replies": true,
        "spoiler": false,
        "stickied": false,
        "subreddit": "Coronavirus",
        "subreddit_id": "t5_2x4yx",
        "subreddit_subscribers": 2217836,
        "subreddit_type": "public",
        "suggested_sort": "confidence",
        "thumbnail": "default",
        "thumbnail_height": 73,
        "thumbnail_width": 140,
        "title": "Depression is the biggest cause of suicide and COVID-19 has made it worst. Why?",
        "total_awards_received": 0,
        "treatment_tags": [],
        "upvote_ratio": 1.0,
        "url": "https://www.zeeshealth.com/2020/07/depression-and-suicide.html#.Xxazn9oVRVA.reddit",
        "url_overridden_by_dest": "https://www.zeeshealth.com/2020/07/depression-and-suicide.html#.Xxazn9oVRVA.reddit",
        "whitelist_status": "all_ads",
        "wls": 6
    },
    {
        "all_awardings": [],
        "allow_live_comments": false,
        "author": "wolf8668",
        "author_flair_css_class": null,
        "author_flair_richtext": [],
        "author_flair_text": null,
        "author_flair_type": "text",
        "author_fullname": "t2_3wyjh",
        "author_patreon_flair": false,
        "author_premium": false,
        "awarders": [],
        "can_mod_post": false,
        "contest_mode": false,
        "created_utc": "2020-07-19 10:15:25",
        "domain": "news.sky.com",
        "full_link": "https://www.reddit.com/r/Coronavirus/comments/htya72/coronavirus_thousands_of_seafarers_suffering/",
        "gildings": {},
        "id": "htya72",
        "is_crosspostable": true,
        "is_meta": false,
        "is_original_content": false,
        "is_reddit_media_domain": false,
        "is_robot_indexable": true,
        "is_self": false,
        "is_video": false,
        "link_flair_background_color": "#0dd3bb",
        "link_flair_richtext": [],
        "link_flair_template_id": "ca99103a-5e48-11ea-861e-0e14b931d16d",
        "link_flair_text": "World",
        "link_flair_text_color": "dark",
        "link_flair_type": "text",
        "locked": false,
        "media_only": false,
        "no_follow": false,
        "num_comments": 18,
        "num_crossposts": 1,
        "over_18": false,
        "parent_whitelist_status": "all_ads",
        "permalink": "/r/Coronavirus/comments/htya72/coronavirus_thousands_of_seafarers_suffering/",
        "pinned": false,
        "post_hint": "link",
        "preview": {
            "enabled": false,
            "images": [
                {
                    "id": "J1XUr9Fvr8NCd4iQOZ0VjaSoMU6gNwBAu8QtzQTKdCU",
                    "resolutions": [
                        {
                            "height": 60,
                            "url": "https://external-preview.redd.it/TPgoBwSbRhRSZUdZT-Ka2UGRHJG7DlnhvgfUjwaP86A.jpg?width=108&amp;crop=smart&amp;auto=webp&amp;s=0ece1cd6ccdc42bafecf89a0f56953be63e68c1b",
                            "width": 108
                        },
                        {
                            "height": 121,
                            "url": "https://external-preview.redd.it/TPgoBwSbRhRSZUdZT-Ka2UGRHJG7DlnhvgfUjwaP86A.jpg?width=216&amp;crop=smart&amp;auto=webp&amp;s=190c0f167a954268222c6dbc94c2fb6e9947a2a3",
                            "width": 216
                        },
                        {
                            "height": 180,
                            "url": "https://external-preview.redd.it/TPgoBwSbRhRSZUdZT-Ka2UGRHJG7DlnhvgfUjwaP86A.jpg?width=320&amp;crop=smart&amp;auto=webp&amp;s=bd4a33213f85c846edbe54f6b3908ee81ed935e8",
                            "width": 320
                        },
                        {
                            "height": 360,
                            "url": "https://external-preview.redd.it/TPgoBwSbRhRSZUdZT-Ka2UGRHJG7DlnhvgfUjwaP86A.jpg?width=640&amp;crop=smart&amp;auto=webp&amp;s=1d72967c1d1fb0580bf6bef7c18b69bf148872d3",
                            "width": 640
                        },
                        {
                            "height": 540,
                            "url": "https://external-preview.redd.it/TPgoBwSbRhRSZUdZT-Ka2UGRHJG7DlnhvgfUjwaP86A.jpg?width=960&amp;crop=smart&amp;auto=webp&amp;s=fe1a89d473e751bc97e60b5dd4c616de67ec6004",
                            "width": 960
                        },
                        {
                            "height": 607,
                            "url": "https://external-preview.redd.it/TPgoBwSbRhRSZUdZT-Ka2UGRHJG7DlnhvgfUjwaP86A.jpg?width=1080&amp;crop=smart&amp;auto=webp&amp;s=5f30cb2fdfe4d54bece43f880053500eafe5d4ad",
                            "width": 1080
                        }
                    ],
                    "source": {
                        "height": 900,
                        "url": "https://external-preview.redd.it/TPgoBwSbRhRSZUdZT-Ka2UGRHJG7DlnhvgfUjwaP86A.jpg?auto=webp&amp;s=03e4ad03bbdf3ac9db23c52785a44b44285b0aa3",
                        "width": 1600
                    },
                    "variants": {}
                }
            ]
        },
        "pwls": 6,
        "retrieved_on": 1595246915,
        "score": 84,
        "selftext": "",
        "send_replies": true,
        "spoiler": false,
        "stickied": false,
        "subreddit": "Coronavirus",
        "subreddit_id": "t5_2x4yx",
        "subreddit_subscribers": 2214038,
        "subreddit_type": "public",
        "suggested_sort": "confidence",
        "thumbnail": "https://b.thumbs.redditmedia.com/lORIa5alOjxTGhdOLlYEL7W0TlFOc3G-MJL3IgxXI3o.jpg",
        "thumbnail_height": 78,
        "thumbnail_width": 140,
        "title": "Coronavirus: Thousands of seafarers 'suffering depression' after being stranded on ships",
        "total_awards_received": 0,
        "treatment_tags": [],
        "upvote_ratio": 0.92,
        "url": "https://news.sky.com/story/coronavirus-thousands-of-seafarers-suffering-depression-after-being-stranded-on-ships-12031574",
        "url_overridden_by_dest": "https://news.sky.com/story/coronavirus-thousands-of-seafarers-suffering-depression-after-being-stranded-on-ships-12031574",
        "whitelist_status": "all_ads",
        "wls": 6
    },
    {
        "all_awardings": [],
        "allow_live_comments": false,
        "author": "officiakimkardashian",
        "author_flair_css_class": null,
        "author_flair_richtext": [],
        "author_flair_text": null,
        "author_flair_type": "text",
        "author_fullname": "t2_lcaqj",
        "author_patreon_flair": false,
        "author_premium": false,
        "awarders": [],
        "can_mod_post": false,
        "contest_mode": false,
        "created_utc": "2020-07-14 23:44:30",
        "domain": "10news.com",
        "full_link": "https://www.reddit.com/r/Coronavirus/comments/hrcsrt/covid19_sent_us_into_depression_and_economy_wont/",
        "gildings": {},
        "id": "hrcsrt",
        "is_crosspostable": true,
        "is_meta": false,
        "is_original_content": false,
        "is_reddit_media_domain": false,
        "is_robot_indexable": true,
        "is_self": false,
        "is_video": false,
        "link_flair_background_color": "#ff8717",
        "link_flair_richtext": [],
        "link_flair_template_id": "e7643a50-5e48-11ea-8e30-0e05eb9dc901",
        "link_flair_text": "USA",
        "link_flair_text_color": "dark",
        "link_flair_type": "text",
        "locked": false,
        "media_only": false,
        "no_follow": false,
        "num_comments": 262,
        "num_crossposts": 2,
        "over_18": false,
        "parent_whitelist_status": "all_ads",
        "permalink": "/r/Coronavirus/comments/hrcsrt/covid19_sent_us_into_depression_and_economy_wont/",
        "pinned": false,
        "post_hint": "link",
        "preview": {
            "enabled": false,
            "images": [
                {
                    "id": "6DtRlBwra7_JL36yCHxuse5KKxVCuOtk7En2AQ5M3g8",
                    "resolutions": [
                        {
                            "height": 56,
                            "url": "https://external-preview.redd.it/H8CqqbDMF9KMh4U-VkJHr8sUQDAHeENpRKYNIxpDeNY.jpg?width=108&amp;crop=smart&amp;auto=webp&amp;s=5989a7374515fa60d385fd506582100459e55823",
                            "width": 108
                        },
                        {
                            "height": 113,
                            "url": "https://external-preview.redd.it/H8CqqbDMF9KMh4U-VkJHr8sUQDAHeENpRKYNIxpDeNY.jpg?width=216&amp;crop=smart&amp;auto=webp&amp;s=81650278d99b36a5bd1c76b1bf98ed5bb8a39d68",
                            "width": 216
                        },
                        {
                            "height": 168,
                            "url": "https://external-preview.redd.it/H8CqqbDMF9KMh4U-VkJHr8sUQDAHeENpRKYNIxpDeNY.jpg?width=320&amp;crop=smart&amp;auto=webp&amp;s=8e40ef2af7e64102c8f33eaa5c7c55f8b4a0221c",
                            "width": 320
                        },
                        {
                            "height": 336,
                            "url": "https://external-preview.redd.it/H8CqqbDMF9KMh4U-VkJHr8sUQDAHeENpRKYNIxpDeNY.jpg?width=640&amp;crop=smart&amp;auto=webp&amp;s=686109314b6d48c2853e5db6464f27ff345a3291",
                            "width": 640
                        },
                        {
                            "height": 504,
                            "url": "https://external-preview.redd.it/H8CqqbDMF9KMh4U-VkJHr8sUQDAHeENpRKYNIxpDeNY.jpg?width=960&amp;crop=smart&amp;auto=webp&amp;s=38edc1a295938a443dfe96fc4cfad2b48f87c7fb",
                            "width": 960
                        },
                        {
                            "height": 567,
                            "url": "https://external-preview.redd.it/H8CqqbDMF9KMh4U-VkJHr8sUQDAHeENpRKYNIxpDeNY.jpg?width=1080&amp;crop=smart&amp;auto=webp&amp;s=15a4a6603ae6bb91404824fbda3d03806fb3c4a0",
                            "width": 1080
                        }
                    ],
                    "source": {
                        "height": 630,
                        "url": "https://external-preview.redd.it/H8CqqbDMF9KMh4U-VkJHr8sUQDAHeENpRKYNIxpDeNY.jpg?auto=webp&amp;s=65a8b0df65dcd59d950c48ceed3e82a99a0cb6c9",
                        "width": 1200
                    },
                    "variants": {}
                }
            ]
        },
        "pwls": 6,
        "retrieved_on": 1594786885,
        "score": 285,
        "selftext": "",
        "send_replies": true,
        "spoiler": false,
        "stickied": false,
        "subreddit": "Coronavirus",
        "subreddit_id": "t5_2x4yx",
        "subreddit_subscribers": 2201730,
        "subreddit_type": "public",
        "suggested_sort": "confidence",
        "thumbnail": "https://b.thumbs.redditmedia.com/SJp6tRoE0HTvONn9-IvACA7lZlGfPJzndM9yZrj1IIM.jpg",
        "thumbnail_height": 73,
        "thumbnail_width": 140,
        "title": "COVID-19 sent US into 'depression' and economy won't be fully restored until 2023, UCLA study says",
        "total_awards_received": 0,
        "treatment_tags": [],
        "upvote_ratio": 0.97,
        "url": "https://10news.com/news/national/coronavirus/covid-19-sent-us-into-depression-and-economy-wont-be-fully-restored-until-2023-ucla-study-says",
        "url_overridden_by_dest": "https://10news.com/news/national/coronavirus/covid-19-sent-us-into-depression-and-economy-wont-be-fully-restored-until-2023-ucla-study-says",
        "whitelist_status": "all_ads",
        "wls": 6
    },
    {
        "all_awardings": [],
        "allow_live_comments": false,
        "author": "calbert1735",
        "author_flair_css_class": null,
        "author_flair_richtext": [],
        "author_flair_text": null,
        "author_flair_type": "text",
        "author_fullname": "t2_7y9z7",
        "author_patreon_flair": false,
        "author_premium": true,
        "awarders": [],
        "can_mod_post": false,
        "contest_mode": false,
        "created_utc": "2020-07-05 15:00:06",
        "domain": "local21news.com",
        "full_link": "https://www.reddit.com/r/Coronavirus/comments/hlnz4g/experts_say_covid19_pandemic_causing_anxiety_and/",
        "gildings": {},
        "id": "hlnz4g",
        "is_crosspostable": true,
        "is_meta": false,
        "is_original_content": false,
        "is_reddit_media_domain": false,
        "is_robot_indexable": true,
        "is_self": false,
        "is_video": false,
        "link_flair_background_color": "#0dd3bb",
        "link_flair_richtext": [],
        "link_flair_template_id": "ca99103a-5e48-11ea-861e-0e14b931d16d",
        "link_flair_text": "World",
        "link_flair_text_color": "dark",
        "link_flair_type": "text",
        "locked": false,
        "media_only": false,
        "no_follow": false,
        "num_comments": 155,
        "num_crossposts": 0,
        "over_18": false,
        "parent_whitelist_status": "all_ads",
        "permalink": "/r/Coronavirus/comments/hlnz4g/experts_say_covid19_pandemic_causing_anxiety_and/",
        "pinned": false,
        "pwls": 6,
        "retrieved_on": 1593961788,
        "score": 4,
        "selftext": "",
        "send_replies": true,
        "spoiler": false,
        "stickied": false,
        "subreddit": "Coronavirus",
        "subreddit_id": "t5_2x4yx",
        "subreddit_subscribers": 2177656,
        "subreddit_type": "public",
        "suggested_sort": "confidence",
        "thumbnail": "default",
        "title": "Experts say COVID-19 pandemic causing anxiety and depression in kids",
        "total_awards_received": 0,
        "treatment_tags": [],
        "upvote_ratio": 1.0,
        "url": "https://local21news.com/news/coronavirus/experts-say-covid-19-pandemic-causing-anxiety-and-depression-in-kids",
        "url_overridden_by_dest": "https://local21news.com/news/coronavirus/experts-say-covid-19-pandemic-causing-anxiety-and-depression-in-kids",
        "whitelist_status": "all_ads",
        "wls": 6
    },
    {
        "all_awardings": [],
        "allow_live_comments": false,
        "author": "godzfirez",
        "author_flair_css_class": null,
        "author_flair_richtext": [],
        "author_flair_text": null,
        "author_flair_type": "text",
        "author_fullname": "t2_gzgs4",
        "author_patreon_flair": false,
        "author_premium": false,
        "awarders": [],
        "can_mod_post": false,
        "contest_mode": false,
        "created_utc": "2020-07-02 17:36:25",
        "domain": "vox.com",
        "full_link": "https://www.reddit.com/r/Coronavirus/comments/hk1gze/dealing_with_social_isolation_depression_and/",
        "gildings": {},
        "id": "hk1gze",
        "is_crosspostable": false,
        "is_meta": false,
        "is_original_content": false,
        "is_reddit_media_domain": false,
        "is_robot_indexable": false,
        "is_self": false,
        "is_video": false,
        "link_flair_background_color": "#0dd3bb",
        "link_flair_richtext": [],
        "link_flair_template_id": "ca99103a-5e48-11ea-861e-0e14b931d16d",
        "link_flair_text": "World",
        "link_flair_text_color": "dark",
        "link_flair_type": "text",
        "locked": false,
        "media_only": false,
        "no_follow": true,
        "num_comments": 0,
        "num_crossposts": 0,
        "over_18": false,
        "parent_whitelist_status": "all_ads",
        "permalink": "/r/Coronavirus/comments/hk1gze/dealing_with_social_isolation_depression_and/",
        "pinned": false,
        "post_hint": "link",
        "preview": {
            "enabled": false,
            "images": [
                {
                    "id": "bgM_kZxFf6-12iKMbZu2J8__nrPvrb99vKQtxDrpiFE",
                    "resolutions": [
                        {
                            "height": 56,
                            "url": "https://external-preview.redd.it/bPI6co7QGOBteSzivPHBlgEIwPi1OGdGgK8Uw5GFG70.jpg?width=108&amp;crop=smart&amp;auto=webp&amp;s=7572c7d088b47b0ad5498ee7aecaac9b488e0755",
                            "width": 108
                        },
                        {
                            "height": 113,
                            "url": "https://external-preview.redd.it/bPI6co7QGOBteSzivPHBlgEIwPi1OGdGgK8Uw5GFG70.jpg?width=216&amp;crop=smart&amp;auto=webp&amp;s=7a3653545810fa6bb066374ecd58ca48bf10975e",
                            "width": 216
                        },
                        {
                            "height": 167,
                            "url": "https://external-preview.redd.it/bPI6co7QGOBteSzivPHBlgEIwPi1OGdGgK8Uw5GFG70.jpg?width=320&amp;crop=smart&amp;auto=webp&amp;s=4f3b2a41952285d9eed9ba7ab722f705206a53e0",
                            "width": 320
                        },
                        {
                            "height": 334,
                            "url": "https://external-preview.redd.it/bPI6co7QGOBteSzivPHBlgEIwPi1OGdGgK8Uw5GFG70.jpg?width=640&amp;crop=smart&amp;auto=webp&amp;s=d029a078eaa7f742f23eb84f5697488ea5a8fc50",
                            "width": 640
                        },
                        {
                            "height": 502,
                            "url": "https://external-preview.redd.it/bPI6co7QGOBteSzivPHBlgEIwPi1OGdGgK8Uw5GFG70.jpg?width=960&amp;crop=smart&amp;auto=webp&amp;s=810584ba54bdf5687645518dda447778ab610a7c",
                            "width": 960
                        },
                        {
                            "height": 565,
                            "url": "https://external-preview.redd.it/bPI6co7QGOBteSzivPHBlgEIwPi1OGdGgK8Uw5GFG70.jpg?width=1080&amp;crop=smart&amp;auto=webp&amp;s=ec8e43e364265fda77e7b69c88bb2abfa1e0f1a0",
                            "width": 1080
                        }
                    ],
                    "source": {
                        "height": 628,
                        "url": "https://external-preview.redd.it/bPI6co7QGOBteSzivPHBlgEIwPi1OGdGgK8Uw5GFG70.jpg?auto=webp&amp;s=aa9751a798daef89732db8def62b142120b10ae9",
                        "width": 1200
                    },
                    "variants": {}
                }
            ]
        },
        "pwls": 6,
        "removed_by_category": "moderator",
        "retrieved_on": 1593711392,
        "score": 1,
        "selftext": "",
        "send_replies": false,
        "spoiler": false,
        "stickied": false,
        "subreddit": "Coronavirus",
        "subreddit_id": "t5_2x4yx",
        "subreddit_subscribers": 2170296,
        "subreddit_type": "public",
        "suggested_sort": "confidence",
        "thumbnail": "https://a.thumbs.redditmedia.com/Ed6oOX7xmC9AyKHThcLTP51_MQafY9oc-v6Sp65UH58.jpg",
        "thumbnail_height": 73,
        "thumbnail_width": 140,
        "title": "Dealing with social isolation, depression, and suicides during the coronavirus pandemic",
        "total_awards_received": 0,
        "treatment_tags": [],
        "upvote_ratio": 1.0,
        "url": "https://www.vox.com/first-person/2020/5/11/21247031/coronavirus-suicide-isolation",
        "url_overridden_by_dest": "https://www.vox.com/first-person/2020/5/11/21247031/coronavirus-suicide-isolation",
        "whitelist_status": "all_ads",
        "wls": 6
    },
    {
        "all_awardings": [],
        "allow_live_comments": false,
        "author": "HeinieKaboobler",
        "author_flair_css_class": null,
        "author_flair_richtext": [],
        "author_flair_text": null,
        "author_flair_type": "text",
        "author_fullname": "t2_bt932",
        "author_patreon_flair": false,
        "author_premium": false,
        "awarders": [],
        "can_mod_post": false,
        "contest_mode": false,
        "created_utc": "2020-07-28 01:07:25",
        "domain": "psypost.org",
        "full_link": "https://www.reddit.com/r/Coronavirus/comments/hz51x5/food_insecurity_is_contributing_to_depressive/",
        "gildings": {},
        "id": "hz51x5",
        "is_crosspostable": true,
        "is_meta": false,
        "is_original_content": false,
        "is_reddit_media_domain": false,
        "is_robot_indexable": true,
        "is_self": false,
        "is_video": false,
        "link_flair_background_color": "#0079d3",
        "link_flair_richtext": [],
        "link_flair_template_id": "394b6910-5e49-11ea-843b-0ebc196d18f7",
        "link_flair_text": "Academic Report",
        "link_flair_text_color": "dark",
        "link_flair_type": "text",
        "locked": false,
        "media_only": false,
        "no_follow": true,
        "num_comments": 2,
        "num_crossposts": 0,
        "over_18": false,
        "parent_whitelist_status": "all_ads",
        "permalink": "/r/Coronavirus/comments/hz51x5/food_insecurity_is_contributing_to_depressive/",
        "pinned": false,
        "post_hint": "link",
        "preview": {
            "enabled": false,
            "images": [
                {
                    "id": "wRPeIcZFtBoQalTYqM1pd4wUy2DhoNps_Yg-HyaD9x0",
                    "resolutions": [
                        {
                            "height": 70,
                            "url": "https://external-preview.redd.it/vJdicRR0FqgqWeCmm5WPf4OpiKt82PV-aCdY4IBq70g.jpg?width=108&amp;crop=smart&amp;auto=webp&amp;s=5ca7efac4e12677eb85c313f521e788333c94709",
                            "width": 108
                        },
                        {
                            "height": 141,
                            "url": "https://external-preview.redd.it/vJdicRR0FqgqWeCmm5WPf4OpiKt82PV-aCdY4IBq70g.jpg?width=216&amp;crop=smart&amp;auto=webp&amp;s=55aa020efcfc77d9f3bf5eac09ec04d48255adb1",
                            "width": 216
                        },
                        {
                            "height": 209,
                            "url": "https://external-preview.redd.it/vJdicRR0FqgqWeCmm5WPf4OpiKt82PV-aCdY4IBq70g.jpg?width=320&amp;crop=smart&amp;auto=webp&amp;s=403a82a1187b5505d115bbdebddf5fb960872e37",
                            "width": 320
                        },
                        {
                            "height": 418,
                            "url": "https://external-preview.redd.it/vJdicRR0FqgqWeCmm5WPf4OpiKt82PV-aCdY4IBq70g.jpg?width=640&amp;crop=smart&amp;auto=webp&amp;s=b7af82a67e0cbb902e7236f9cabdda6457e0fcc3",
                            "width": 640
                        },
                        {
                            "height": 627,
                            "url": "https://external-preview.redd.it/vJdicRR0FqgqWeCmm5WPf4OpiKt82PV-aCdY4IBq70g.jpg?width=960&amp;crop=smart&amp;auto=webp&amp;s=b370588c0698421f683ecb7ece1e6c016526d327",
                            "width": 960
                        },
                        {
                            "height": 706,
                            "url": "https://external-preview.redd.it/vJdicRR0FqgqWeCmm5WPf4OpiKt82PV-aCdY4IBq70g.jpg?width=1080&amp;crop=smart&amp;auto=webp&amp;s=ca4e7b07e565c879768b583a4a3a8e3d15eb6635",
                            "width": 1080
                        }
                    ],
                    "source": {
                        "height": 1530,
                        "url": "https://external-preview.redd.it/vJdicRR0FqgqWeCmm5WPf4OpiKt82PV-aCdY4IBq70g.jpg?auto=webp&amp;s=17306ffa9e06b2b3d0f3f70c566983f75183ce16",
                        "width": 2340
                    },
                    "variants": {}
                }
            ]
        },
        "pwls": 6,
        "retrieved_on": 1595898455,
        "score": 1,
        "selftext": "",
        "send_replies": false,
        "spoiler": false,
        "stickied": false,
        "subreddit": "Coronavirus",
        "subreddit_id": "t5_2x4yx",
        "subreddit_subscribers": 2227425,
        "subreddit_type": "public",
        "suggested_sort": "confidence",
        "thumbnail": "https://b.thumbs.redditmedia.com/67phXqAlxGw8DB_1fvjb5PC7wf_NeC1A-YWi7OCHllU.jpg",
        "thumbnail_height": 91,
        "thumbnail_width": 140,
        "title": "Food insecurity is contributing to depressive symptomatology amid America's coronavirus crisis",
        "total_awards_received": 0,
        "treatment_tags": [],
        "upvote_ratio": 1.0,
        "url": "https://www.psypost.org/2020/07/food-insecurity-is-contributing-to-depressive-symptomatology-amid-americas-coronavirus-crisis-57480",
        "url_overridden_by_dest": "https://www.psypost.org/2020/07/food-insecurity-is-contributing-to-depressive-symptomatology-amid-americas-coronavirus-crisis-57480",
        "whitelist_status": "all_ads",
        "wls": 6
    },
    {
        "all_awardings": [],
        "allow_live_comments": false,
        "author": "[deleted]",
        "author_flair_background_color": "",
        "author_flair_css_class": null,
        "author_flair_text": null,
        "author_flair_text_color": "dark",
        "awarders": [],
        "can_mod_post": false,
        "contest_mode": false,
        "created_utc": "2020-07-23 15:19:19",
        "domain": "youtu.be",
        "full_link": "https://www.reddit.com/r/Coronavirus/comments/hwhgw3/in_case_anyone_wants_to_be_depressed_today/",
        "gildings": {},
        "id": "hwhgw3",
        "is_crosspostable": false,
        "is_meta": false,
        "is_original_content": false,
        "is_reddit_media_domain": false,
        "is_robot_indexable": false,
        "is_self": false,
        "is_video": false,
        "link_flair_background_color": "",
        "link_flair_css_class": "rm editedtitle rm lowquality rm customreason",
        "link_flair_richtext": [],
        "link_flair_text": "Removed - Edited title Removed - Low Quality Removed",
        "link_flair_text_color": "dark",
        "link_flair_type": "text",
        "locked": false,
        "media": {
            "oembed": {
                "author_name": "dallas",
                "author_url": "https://www.youtube.com/channel/UCBCfIShsP7gQyNj9OB4y-DQ",
                "height": 338,
                "html": "&lt;iframe width=\"600\" height=\"338\" src=\"https://www.youtube.com/embed/soMzWY5jpE8?feature=oembed&amp;enablejsapi=1\" frameborder=\"0\" allow=\"accelerometer; autoplay; encrypted-media; gyroscope; picture-in-picture\" allowfullscreen&gt;&lt;/iframe&gt;",
                "provider_name": "YouTube",
                "provider_url": "https://www.youtube.com/",
                "thumbnail_height": 360,
                "thumbnail_url": "https://i.ytimg.com/vi/soMzWY5jpE8/hqdefault.jpg",
                "thumbnail_width": 480,
                "title": "Old People",
                "type": "video",
                "version": "1.0",
                "width": 600
            },
            "type": "youtube.com"
        },
        "media_embed": {
            "content": "&lt;iframe width=\"600\" height=\"338\" src=\"https://www.youtube.com/embed/soMzWY5jpE8?feature=oembed&amp;enablejsapi=1\" frameborder=\"0\" allow=\"accelerometer; autoplay; encrypted-media; gyroscope; picture-in-picture\" allowfullscreen&gt;&lt;/iframe&gt;",
            "height": 338,
            "scrolling": false,
            "width": 600
        },
        "media_only": false,
        "no_follow": true,
        "num_comments": 2,
        "num_crossposts": 0,
        "over_18": false,
        "parent_whitelist_status": "all_ads",
        "permalink": "/r/Coronavirus/comments/hwhgw3/in_case_anyone_wants_to_be_depressed_today/",
        "pinned": false,
        "pwls": 6,
        "removed_by_category": "deleted",
        "retrieved_on": 1595550074,
        "score": 1,
        "secure_media": {
            "oembed": {
                "author_name": "dallas",
                "author_url": "https://www.youtube.com/channel/UCBCfIShsP7gQyNj9OB4y-DQ",
                "height": 338,
                "html": "&lt;iframe width=\"600\" height=\"338\" src=\"https://www.youtube.com/embed/soMzWY5jpE8?feature=oembed&amp;enablejsapi=1\" frameborder=\"0\" allow=\"accelerometer; autoplay; encrypted-media; gyroscope; picture-in-picture\" allowfullscreen&gt;&lt;/iframe&gt;",
                "provider_name": "YouTube",
                "provider_url": "https://www.youtube.com/",
                "thumbnail_height": 360,
                "thumbnail_url": "https://i.ytimg.com/vi/soMzWY5jpE8/hqdefault.jpg",
                "thumbnail_width": 480,
                "title": "Old People",
                "type": "video",
                "version": "1.0",
                "width": 600
            },
            "type": "youtube.com"
        },
        "secure_media_embed": {
            "content": "&lt;iframe width=\"600\" height=\"338\" src=\"https://www.youtube.com/embed/soMzWY5jpE8?feature=oembed&amp;enablejsapi=1\" frameborder=\"0\" allow=\"accelerometer; autoplay; encrypted-media; gyroscope; picture-in-picture\" allowfullscreen&gt;&lt;/iframe&gt;",
            "height": 338,
            "media_domain_url": "https://www.redditmedia.com/mediaembed/hwhgw3",
            "scrolling": false,
            "width": 600
        },
        "selftext": "[deleted]",
        "send_replies": true,
        "spoiler": false,
        "stickied": false,
        "subreddit": "Coronavirus",
        "subreddit_id": "t5_2x4yx",
        "subreddit_subscribers": 2221696,
        "subreddit_type": "public",
        "suggested_sort": "confidence",
        "thumbnail": "default",
        "thumbnail_height": 105,
        "thumbnail_width": 140,
        "title": "In case anyone wants to be depressed today",
        "total_awards_received": 0,
        "treatment_tags": [],
        "upvote_ratio": 1.0,
        "url": "https://youtu.be/soMzWY5jpE8",
        "url_overridden_by_dest": "https://youtu.be/soMzWY5jpE8",
        "whitelist_status": "all_ads",
        "wls": 6
    },
    {
        "all_awardings": [],
        "allow_live_comments": false,
        "author": "BumblesAZ",
        "author_flair_css_class": null,
        "author_flair_richtext": [],
        "author_flair_text": null,
        "author_flair_type": "text",
        "author_fullname": "t2_zr8t03d",
        "author_patreon_flair": false,
        "author_premium": true,
        "awarders": [],
        "can_mod_post": false,
        "contest_mode": false,
        "created_utc": "2020-07-18 15:52:56",
        "domain": "azcentral.com",
        "full_link": "https://www.reddit.com/r/Coronavirus/comments/htitgb/feeling_depressed_and_anxious_it_might_be/",
        "gildings": {},
        "id": "htitgb",
        "is_crosspostable": true,
        "is_meta": false,
        "is_original_content": false,
        "is_reddit_media_domain": false,
        "is_robot_indexable": true,
        "is_self": false,
        "is_video": false,
        "link_flair_background_color": "#ff8717",
        "link_flair_richtext": [],
        "link_flair_template_id": "e7643a50-5e48-11ea-8e30-0e05eb9dc901",
        "link_flair_text": "USA",
        "link_flair_text_color": "dark",
        "link_flair_type": "text",
        "locked": false,
        "media_only": false,
        "no_follow": true,
        "num_comments": 77,
        "num_crossposts": 0,
        "over_18": false,
        "parent_whitelist_status": "all_ads",
        "permalink": "/r/Coronavirus/comments/htitgb/feeling_depressed_and_anxious_it_might_be/",
        "pinned": false,
        "post_hint": "link",
        "preview": {
            "enabled": false,
            "images": [
                {
                    "id": "UtNn8--5yX0VVaPHkNSZ6KmVvD9M2LhNNzJ55-nf8-I",
                    "resolutions": [
                        {
                            "height": 60,
                            "url": "https://external-preview.redd.it/-wbGXuZcObLIh2BNJ_vvD3YBdQiNcJKJdiltP-MFIi4.jpg?width=108&amp;crop=smart&amp;auto=webp&amp;s=a8d782129e019f4033faea9af903357de7a46f7b",
                            "width": 108
                        },
                        {
                            "height": 121,
                            "url": "https://external-preview.redd.it/-wbGXuZcObLIh2BNJ_vvD3YBdQiNcJKJdiltP-MFIi4.jpg?width=216&amp;crop=smart&amp;auto=webp&amp;s=7e910f659402ce9e11712678ad83b02a613359aa",
                            "width": 216
                        },
                        {
                            "height": 180,
                            "url": "https://external-preview.redd.it/-wbGXuZcObLIh2BNJ_vvD3YBdQiNcJKJdiltP-MFIi4.jpg?width=320&amp;crop=smart&amp;auto=webp&amp;s=290eb308f9a1451e657192a2847a72b95fb9d157",
                            "width": 320
                        },
                        {
                            "height": 360,
                            "url": "https://external-preview.redd.it/-wbGXuZcObLIh2BNJ_vvD3YBdQiNcJKJdiltP-MFIi4.jpg?width=640&amp;crop=smart&amp;auto=webp&amp;s=aaa4fa1234e19fbac7fe8ae0ef9383d9eacdf1e0",
                            "width": 640
                        },
                        {
                            "height": 540,
                            "url": "https://external-preview.redd.it/-wbGXuZcObLIh2BNJ_vvD3YBdQiNcJKJdiltP-MFIi4.jpg?width=960&amp;crop=smart&amp;auto=webp&amp;s=5e7b0242aef88fc65cb8d38c3b9e01d89c8ea797",
                            "width": 960
                        },
                        {
                            "height": 607,
                            "url": "https://external-preview.redd.it/-wbGXuZcObLIh2BNJ_vvD3YBdQiNcJKJdiltP-MFIi4.jpg?width=1080&amp;crop=smart&amp;auto=webp&amp;s=613d6473fa3787970fd1a9c1f53acc285020e71a",
                            "width": 1080
                        }
                    ],
                    "source": {
                        "height": 1801,
                        "url": "https://external-preview.redd.it/-wbGXuZcObLIh2BNJ_vvD3YBdQiNcJKJdiltP-MFIi4.jpg?auto=webp&amp;s=9bceb1838c20136cbc61396138f2571bfb792f3c",
                        "width": 3200
                    },
                    "variants": {}
                }
            ]
        },
        "pwls": 6,
        "retrieved_on": 1595087587,
        "score": 1,
        "selftext": "",
        "send_replies": true,
        "spoiler": false,
        "stickied": false,
        "subreddit": "Coronavirus",
        "subreddit_id": "t5_2x4yx",
        "subreddit_subscribers": 2210240,
        "subreddit_type": "public",
        "suggested_sort": "confidence",
        "thumbnail": "https://b.thumbs.redditmedia.com/IykGMx8texgWtmX84GNqJ2xJtYCIEJ1CEtxIWtggXmk.jpg",
        "thumbnail_height": 78,
        "thumbnail_width": 140,
        "title": "Feeling depressed and anxious? It might be pandemic fatigue",
        "total_awards_received": 0,
        "treatment_tags": [],
        "upvote_ratio": 1.0,
        "url": "https://www.azcentral.com/story/news/local/karinabland/2020/07/18/feeling-depressed-anxious-pandemic-fatigue/5462229002/",
        "url_overridden_by_dest": "https://www.azcentral.com/story/news/local/karinabland/2020/07/18/feeling-depressed-anxious-pandemic-fatigue/5462229002/",
        "whitelist_status": "all_ads",
        "wls": 6
    },
    {
        "all_awardings": [],
        "allow_live_comments": false,
        "author": "FearLess_Alpha",
        "author_flair_css_class": null,
        "author_flair_richtext": [],
        "author_flair_text": null,
        "author_flair_type": "text",
        "author_fullname": "t2_5f5mnu9u",
        "author_patreon_flair": false,
        "author_premium": false,
        "awarders": [],
        "can_mod_post": false,
        "contest_mode": false,
        "created_utc": "2020-07-24 07:58:42",
        "domain": "gulfnews.com",
        "full_link": "https://www.reddit.com/r/Coronavirus/comments/hwxt3c/covid19stricken_80yearold_poet_varavara_rao_found/",
        "gildings": {},
        "id": "hwxt3c",
        "is_crosspostable": true,
        "is_meta": false,
        "is_original_content": false,
        "is_reddit_media_domain": false,
        "is_robot_indexable": true,
        "is_self": false,
        "is_video": false,
        "link_flair_background_color": "",
        "link_flair_richtext": [],
        "link_flair_text_color": "dark",
        "link_flair_type": "text",
        "locked": false,
        "media_only": false,
        "no_follow": false,
        "num_comments": 17,
        "num_crossposts": 0,
        "over_18": false,
        "parent_whitelist_status": "all_ads",
        "permalink": "/r/Coronavirus/comments/hwxt3c/covid19stricken_80yearold_poet_varavara_rao_found/",
        "pinned": false,
        "post_hint": "link",
        "preview": {
            "enabled": false,
            "images": [
                {
                    "id": "wzzakQ_Jpguwu4vtFZTG-ObAgegKnGVnviymLi9GsyE",
                    "resolutions": [
                        {
                            "height": 81,
                            "url": "https://external-preview.redd.it/n2JqexAKnMaYjgC8FQfxY825IvTbAUcLn09JT4IffaM.jpg?width=108&amp;crop=smart&amp;auto=webp&amp;s=bbd94ac72c31d5a1b18a239590e6c689cfc150ab",
                            "width": 108
                        },
                        {
                            "height": 162,
                            "url": "https://external-preview.redd.it/n2JqexAKnMaYjgC8FQfxY825IvTbAUcLn09JT4IffaM.jpg?width=216&amp;crop=smart&amp;auto=webp&amp;s=8aae98994d39f28c27f2f1ae50471e70aeed0c86",
                            "width": 216
                        },
                        {
                            "height": 240,
                            "url": "https://external-preview.redd.it/n2JqexAKnMaYjgC8FQfxY825IvTbAUcLn09JT4IffaM.jpg?width=320&amp;crop=smart&amp;auto=webp&amp;s=9e5eedc95fd579d08b4700fe8fb34024be057cd2",
                            "width": 320
                        }
                    ],
                    "source": {
                        "height": 405,
                        "url": "https://external-preview.redd.it/n2JqexAKnMaYjgC8FQfxY825IvTbAUcLn09JT4IffaM.jpg?auto=webp&amp;s=8d50604ba5c10dee8ab250e0150582877a6b9abb",
                        "width": 540
                    },
                    "variants": {}
                }
            ]
        },
        "pwls": 6,
        "retrieved_on": 1595599158,
        "score": 4,
        "selftext": "",
        "send_replies": false,
        "spoiler": false,
        "stickied": false,
        "subreddit": "Coronavirus",
        "subreddit_id": "t5_2x4yx",
        "subreddit_subscribers": 2222807,
        "subreddit_type": "public",
        "suggested_sort": "confidence",
        "thumbnail": "https://b.thumbs.redditmedia.com/OQC8VVWAP48a4NkoXNnK83lIIrGXzjDhb3l-4Q2OPbM.jpg",
        "thumbnail_height": 105,
        "thumbnail_width": 140,
        "title": "COVID-19-stricken 80-year-old poet Varavara Rao found lying in urine symptomatic of India\u2019s apathy towards democracy",
        "total_awards_received": 0,
        "treatment_tags": [],
        "upvote_ratio": 0.57,
        "url": "https://gulfnews.com/world/asia/india/covid-19-stricken-80-year-old-poet-varavara-rao-found-lying-in-urine-symptomatic-of-indias-apathy-towards-democracy-1.1595393101280",
        "url_overridden_by_dest": "https://gulfnews.com/world/asia/india/covid-19-stricken-80-year-old-poet-varavara-rao-found-lying-in-urine-symptomatic-of-indias-apathy-towards-democracy-1.1595393101280",
        "whitelist_status": "all_ads",
        "wls": 6
    },
    {
        "all_awardings": [],
        "allow_live_comments": false,
        "author": "IReadTheWholeArticle",
        "author_flair_background_color": "",
        "author_flair_css_class": null,
        "author_flair_richtext": [],
        "author_flair_text": null,
        "author_flair_text_color": "",
        "author_flair_type": "text",
        "author_fullname": "t2_5un4benx",
        "author_patreon_flair": false,
        "author_premium": false,
        "awarders": [],
        "can_mod_post": false,
        "contest_mode": false,
        "created_utc": "2020-07-18 21:43:24",
        "domain": "sltrib.com",
        "full_link": "https://www.reddit.com/r/Coronavirus/comments/htoskq/ignorance_and_apathy_in_utah_increase_threat_of/",
        "gildings": {},
        "id": "htoskq",
        "is_crosspostable": true,
        "is_meta": false,
        "is_original_content": false,
        "is_reddit_media_domain": false,
        "is_robot_indexable": true,
        "is_self": false,
        "is_video": false,
        "link_flair_background_color": "#ff8717",
        "link_flair_richtext": [],
        "link_flair_template_id": "e7643a50-5e48-11ea-8e30-0e05eb9dc901",
        "link_flair_text": "USA",
        "link_flair_text_color": "dark",
        "link_flair_type": "text",
        "locked": false,
        "media_only": false,
        "no_follow": false,
        "num_comments": 10,
        "num_crossposts": 0,
        "over_18": false,
        "parent_whitelist_status": "all_ads",
        "permalink": "/r/Coronavirus/comments/htoskq/ignorance_and_apathy_in_utah_increase_threat_of/",
        "pinned": false,
        "post_hint": "link",
        "preview": {
            "enabled": false,
            "images": [
                {
                    "id": "mNSsjayRCub3sBi97geLjhaVCapfsWp_Lctlwj7gAqE",
                    "resolutions": [
                        {
                            "height": 56,
                            "url": "https://external-preview.redd.it/DqZxSl0lvBPXOPvxe__tdX0zRki5tAoyMnrw2t42Tjk.jpg?width=108&amp;crop=smart&amp;auto=webp&amp;s=5de7cd555f40736934d6ef3e1551937e4eca9edd",
                            "width": 108
                        },
                        {
                            "height": 113,
                            "url": "https://external-preview.redd.it/DqZxSl0lvBPXOPvxe__tdX0zRki5tAoyMnrw2t42Tjk.jpg?width=216&amp;crop=smart&amp;auto=webp&amp;s=6389ee48e431c3c368de529e388e76deca65aaf3",
                            "width": 216
                        },
                        {
                            "height": 168,
                            "url": "https://external-preview.redd.it/DqZxSl0lvBPXOPvxe__tdX0zRki5tAoyMnrw2t42Tjk.jpg?width=320&amp;crop=smart&amp;auto=webp&amp;s=2cae19e525c8934cadf35f687c7031626903c848",
                            "width": 320
                        },
                        {
                            "height": 336,
                            "url": "https://external-preview.redd.it/DqZxSl0lvBPXOPvxe__tdX0zRki5tAoyMnrw2t42Tjk.jpg?width=640&amp;crop=smart&amp;auto=webp&amp;s=323f07bb490648dd7b25fe22bf3d0628064fe3ae",
                            "width": 640
                        },
                        {
                            "height": 504,
                            "url": "https://external-preview.redd.it/DqZxSl0lvBPXOPvxe__tdX0zRki5tAoyMnrw2t42Tjk.jpg?width=960&amp;crop=smart&amp;auto=webp&amp;s=a3dbd9b6abb3788bd479748068121b4b6666baf6",
                            "width": 960
                        },
                        {
                            "height": 567,
                            "url": "https://external-preview.redd.it/DqZxSl0lvBPXOPvxe__tdX0zRki5tAoyMnrw2t42Tjk.jpg?width=1080&amp;crop=smart&amp;auto=webp&amp;s=18f90660abdb2270d286160fce64c55783ad118f",
                            "width": 1080
                        }
                    ],
                    "source": {
                        "height": 630,
                        "url": "https://external-preview.redd.it/DqZxSl0lvBPXOPvxe__tdX0zRki5tAoyMnrw2t42Tjk.jpg?auto=webp&amp;s=b7a2303224a7b9f16699c067990bf61969677682",
                        "width": 1200
                    },
                    "variants": {}
                }
            ]
        },
        "pwls": 6,
        "retrieved_on": 1595211965,
        "score": 66,
        "selftext": "",
        "send_replies": true,
        "spoiler": false,
        "stickied": false,
        "subreddit": "Coronavirus",
        "subreddit_id": "t5_2x4yx",
        "subreddit_subscribers": 2213178,
        "subreddit_type": "public",
        "suggested_sort": "confidence",
        "thumbnail": "https://b.thumbs.redditmedia.com/N6ZG_kI093UX1x_9zZtuXmgIrfUhUJruW-D4IvpDQFY.jpg",
        "thumbnail_height": 73,
        "thumbnail_width": 140,
        "title": "Ignorance and apathy in Utah increase threat of coronavirus",
        "total_awards_received": 0,
        "treatment_tags": [],
        "upvote_ratio": 0.97,
        "url": "https://www.sltrib.com/opinion/editorial/2020/07/18/tribune-editorial/",
        "url_overridden_by_dest": "https://www.sltrib.com/opinion/editorial/2020/07/18/tribune-editorial/",
        "whitelist_status": "all_ads",
        "wls": 6
    },
    {
        "all_awardings": [],
        "allow_live_comments": false,
        "author": "Jeremy1332",
        "author_flair_css_class": null,
        "author_flair_richtext": [],
        "author_flair_text": null,
        "author_flair_type": "text",
        "author_fullname": "t2_69h4orij",
        "author_patreon_flair": false,
        "author_premium": false,
        "awarders": [],
        "can_mod_post": false,
        "contest_mode": false,
        "created_utc": "2020-07-27 16:31:07",
        "domain": "youtu.be",
        "full_link": "https://www.reddit.com/r/Coronavirus/comments/hyvkqk/when_you_are_bored_at_home_phineas_and_ferb_will/",
        "gildings": {},
        "id": "hyvkqk",
        "is_crosspostable": false,
        "is_meta": false,
        "is_original_content": false,
        "is_reddit_media_domain": false,
        "is_robot_indexable": false,
        "is_self": false,
        "is_video": false,
        "link_flair_background_color": "",
        "link_flair_richtext": [],
        "link_flair_text_color": "dark",
        "link_flair_type": "text",
        "locked": false,
        "media": {
            "oembed": {
                "author_name": "David Wills",
                "author_url": "https://www.youtube.com/user/willsskillz",
                "height": 338,
                "html": "&lt;iframe width=\"600\" height=\"338\" src=\"https://www.youtube.com/embed/g8qZlbx1do8?feature=oembed&amp;enablejsapi=1\" frameborder=\"0\" allow=\"accelerometer; autoplay; encrypted-media; gyroscope; picture-in-picture\" allowfullscreen&gt;&lt;/iframe&gt;",
                "provider_name": "YouTube",
                "provider_url": "https://www.youtube.com/",
                "thumbnail_height": 360,
                "thumbnail_url": "https://i.ytimg.com/vi/g8qZlbx1do8/hqdefault.jpg",
                "thumbnail_width": 480,
                "title": "Phineas and Ferb Theme Song - Quarantined Edition",
                "type": "video",
                "version": "1.0",
                "width": 600
            },
            "type": "youtube.com"
        },
        "media_embed": {
            "content": "&lt;iframe width=\"600\" height=\"338\" src=\"https://www.youtube.com/embed/g8qZlbx1do8?feature=oembed&amp;enablejsapi=1\" frameborder=\"0\" allow=\"accelerometer; autoplay; encrypted-media; gyroscope; picture-in-picture\" allowfullscreen&gt;&lt;/iframe&gt;",
            "height": 338,
            "scrolling": false,
            "width": 600
        },
        "media_only": false,
        "no_follow": true,
        "num_comments": 1,
        "num_crossposts": 0,
        "over_18": false,
        "parent_whitelist_status": "all_ads",
        "permalink": "/r/Coronavirus/comments/hyvkqk/when_you_are_bored_at_home_phineas_and_ferb_will/",
        "pinned": false,
        "post_hint": "rich:video",
        "preview": {
            "enabled": false,
            "images": [
                {
                    "id": "d5EMFP1LBijSyPRTYhy3pwYGmuZ2BCUJKvjuRMSHv0k",
                    "resolutions": [
                        {
                            "height": 81,
                            "url": "https://external-preview.redd.it/f-JqubNGVacEBq6s-WbMgRUoNgJdFZFOZ31wOfD8r2c.jpg?width=108&amp;crop=smart&amp;auto=webp&amp;s=00d4c314c7444cc83f9dd3a3019c3ad77b2c3ec5",
                            "width": 108
                        },
                        {
                            "height": 162,
                            "url": "https://external-preview.redd.it/f-JqubNGVacEBq6s-WbMgRUoNgJdFZFOZ31wOfD8r2c.jpg?width=216&amp;crop=smart&amp;auto=webp&amp;s=b4bbdbe3d57f3d45ab4e92fd386394116335fe17",
                            "width": 216
                        },
                        {
                            "height": 240,
                            "url": "https://external-preview.redd.it/f-JqubNGVacEBq6s-WbMgRUoNgJdFZFOZ31wOfD8r2c.jpg?width=320&amp;crop=smart&amp;auto=webp&amp;s=ffe6459c9e765e8e364cd1494161fd948a780980",
                            "width": 320
                        }
                    ],
                    "source": {
                        "height": 360,
                        "url": "https://external-preview.redd.it/f-JqubNGVacEBq6s-WbMgRUoNgJdFZFOZ31wOfD8r2c.jpg?auto=webp&amp;s=93b94579f4574c35b9028d53a671a6ea97a861a4",
                        "width": 480
                    },
                    "variants": {}
                }
            ]
        },
        "pwls": 6,
        "removed_by_category": "automod_filtered",
        "retrieved_on": 1595867478,
        "score": 1,
        "secure_media": {
            "oembed": {
                "author_name": "David Wills",
                "author_url": "https://www.youtube.com/user/willsskillz",
                "height": 338,
                "html": "&lt;iframe width=\"600\" height=\"338\" src=\"https://www.youtube.com/embed/g8qZlbx1do8?feature=oembed&amp;enablejsapi=1\" frameborder=\"0\" allow=\"accelerometer; autoplay; encrypted-media; gyroscope; picture-in-picture\" allowfullscreen&gt;&lt;/iframe&gt;",
                "provider_name": "YouTube",
                "provider_url": "https://www.youtube.com/",
                "thumbnail_height": 360,
                "thumbnail_url": "https://i.ytimg.com/vi/g8qZlbx1do8/hqdefault.jpg",
                "thumbnail_width": 480,
                "title": "Phineas and Ferb Theme Song - Quarantined Edition",
                "type": "video",
                "version": "1.0",
                "width": 600
            },
            "type": "youtube.com"
        },
        "secure_media_embed": {
            "content": "&lt;iframe width=\"600\" height=\"338\" src=\"https://www.youtube.com/embed/g8qZlbx1do8?feature=oembed&amp;enablejsapi=1\" frameborder=\"0\" allow=\"accelerometer; autoplay; encrypted-media; gyroscope; picture-in-picture\" allowfullscreen&gt;&lt;/iframe&gt;",
            "height": 338,
            "media_domain_url": "https://www.redditmedia.com/mediaembed/hyvkqk",
            "scrolling": false,
            "width": 600
        },
        "selftext": "",
        "send_replies": false,
        "spoiler": false,
        "stickied": false,
        "subreddit": "Coronavirus",
        "subreddit_id": "t5_2x4yx",
        "subreddit_subscribers": 2226807,
        "subreddit_type": "public",
        "suggested_sort": "confidence",
        "thumbnail": "https://b.thumbs.redditmedia.com/-4DhDrI14b6nEJUM5zwCK4EDNyp3j_YyZCpSgU24W1k.jpg",
        "thumbnail_height": 105,
        "thumbnail_width": 140,
        "title": "When you are bored at home Phineas and Ferb will allways be funny",
        "total_awards_received": 0,
        "treatment_tags": [],
        "upvote_ratio": 1.0,
        "url": "https://youtu.be/g8qZlbx1do8",
        "url_overridden_by_dest": "https://youtu.be/g8qZlbx1do8",
        "whitelist_status": "all_ads",
        "wls": 6
    },
    {
        "all_awardings": [],
        "allow_live_comments": false,
        "author": "jaboyles",
        "author_flair_css_class": null,
        "author_flair_richtext": [],
        "author_flair_text": null,
        "author_flair_type": "text",
        "author_fullname": "t2_ii8qh",
        "author_patreon_flair": false,
        "author_premium": false,
        "awarders": [],
        "can_mod_post": false,
        "contest_mode": false,
        "created_utc": "2020-07-27 10:44:55",
        "domain": "bloomberg.com",
        "full_link": "https://www.reddit.com/r/Coronavirus/comments/hyq0dp/covid19_cases_soar_in_young_adults_bored_of/",
        "gildings": {},
        "id": "hyq0dp",
        "is_crosspostable": true,
        "is_meta": false,
        "is_original_content": false,
        "is_reddit_media_domain": false,
        "is_robot_indexable": true,
        "is_self": false,
        "is_video": false,
        "link_flair_background_color": "#0dd3bb",
        "link_flair_richtext": [],
        "link_flair_template_id": "ca99103a-5e48-11ea-861e-0e14b931d16d",
        "link_flair_text": "World",
        "link_flair_text_color": "dark",
        "link_flair_type": "text",
        "locked": false,
        "media_only": false,
        "no_follow": true,
        "num_comments": 1,
        "num_crossposts": 0,
        "over_18": false,
        "parent_whitelist_status": "all_ads",
        "permalink": "/r/Coronavirus/comments/hyq0dp/covid19_cases_soar_in_young_adults_bored_of/",
        "pinned": false,
        "post_hint": "link",
        "preview": {
            "enabled": false,
            "images": [
                {
                    "id": "7XjsL3PfbpeAQOi45FGoMVLkVrKzuEWKBYSMecyElas",
                    "resolutions": [
                        {
                            "height": 63,
                            "url": "https://external-preview.redd.it/57TtcA9lfC1OyDUtqfD7euyOQHztKQqxUzt6uhaoUkk.jpg?width=108&amp;crop=smart&amp;auto=webp&amp;s=7f0e7c6363e1966d3f8003d1a43c4ea905ba766c",
                            "width": 108
                        },
                        {
                            "height": 126,
                            "url": "https://external-preview.redd.it/57TtcA9lfC1OyDUtqfD7euyOQHztKQqxUzt6uhaoUkk.jpg?width=216&amp;crop=smart&amp;auto=webp&amp;s=d35863d4a128553109b3f58c3774480579b5c7c7",
                            "width": 216
                        },
                        {
                            "height": 188,
                            "url": "https://external-preview.redd.it/57TtcA9lfC1OyDUtqfD7euyOQHztKQqxUzt6uhaoUkk.jpg?width=320&amp;crop=smart&amp;auto=webp&amp;s=4480cb489c008b14ccc77ef200a457585da82584",
                            "width": 320
                        },
                        {
                            "height": 376,
                            "url": "https://external-preview.redd.it/57TtcA9lfC1OyDUtqfD7euyOQHztKQqxUzt6uhaoUkk.jpg?width=640&amp;crop=smart&amp;auto=webp&amp;s=d2d8ef52cdd95d5fd439abbb5f837678c0fc3472",
                            "width": 640
                        },
                        {
                            "height": 564,
                            "url": "https://external-preview.redd.it/57TtcA9lfC1OyDUtqfD7euyOQHztKQqxUzt6uhaoUkk.jpg?width=960&amp;crop=smart&amp;auto=webp&amp;s=018ecb378d78dbf06218ad930b538f84ace640c5",
                            "width": 960
                        },
                        {
                            "height": 634,
                            "url": "https://external-preview.redd.it/57TtcA9lfC1OyDUtqfD7euyOQHztKQqxUzt6uhaoUkk.jpg?width=1080&amp;crop=smart&amp;auto=webp&amp;s=607930b52a082c9f4a8a6599b2c18905f122a516",
                            "width": 1080
                        }
                    ],
                    "source": {
                        "height": 705,
                        "url": "https://external-preview.redd.it/57TtcA9lfC1OyDUtqfD7euyOQHztKQqxUzt6uhaoUkk.jpg?auto=webp&amp;s=0e3c207add1c4fcb32acf20d9f06429446b5a93a",
                        "width": 1200
                    },
                    "variants": {}
                }
            ]
        },
        "pwls": 6,
        "retrieved_on": 1595846706,
        "score": 1,
        "selftext": "",
        "send_replies": true,
        "spoiler": false,
        "stickied": false,
        "subreddit": "Coronavirus",
        "subreddit_id": "t5_2x4yx",
        "subreddit_subscribers": 2226498,
        "subreddit_type": "public",
        "suggested_sort": "confidence",
        "thumbnail": "https://b.thumbs.redditmedia.com/LWiQdYluvVo2Bq7ZKpTn57_c-v5iYRPeylq-vrWMlkg.jpg",
        "thumbnail_height": 82,
        "thumbnail_width": 140,
        "title": "Covid-19 Cases Soar in Young Adults Bored of Social Distancing",
        "total_awards_received": 0,
        "treatment_tags": [],
        "upvote_ratio": 1.0,
        "url": "https://www.bloomberg.com/news/articles/2020-07-26/fatigue-with-social-distancing-poses-virus-containment-challenge",
        "url_overridden_by_dest": "https://www.bloomberg.com/news/articles/2020-07-26/fatigue-with-social-distancing-poses-virus-containment-challenge",
        "whitelist_status": "all_ads",
        "wls": 6
    },
    {
        "all_awardings": [],
        "allow_live_comments": false,
        "author": "FredoSosa",
        "author_flair_css_class": null,
        "author_flair_richtext": [],
        "author_flair_text": null,
        "author_flair_type": "text",
        "author_fullname": "t2_14qna3",
        "author_patreon_flair": false,
        "author_premium": false,
        "awarders": [],
        "can_mod_post": false,
        "contest_mode": false,
        "created_utc": "2020-07-27 03:48:28",
        "domain": "bloomberg.com",
        "full_link": "https://www.reddit.com/r/Coronavirus/comments/hyl0mt/covid19_cases_soar_in_young_adults_bored_of/",
        "gildings": {},
        "id": "hyl0mt",
        "is_crosspostable": true,
        "is_meta": false,
        "is_original_content": false,
        "is_reddit_media_domain": false,
        "is_robot_indexable": true,
        "is_self": false,
        "is_video": false,
        "link_flair_background_color": "#ff8717",
        "link_flair_richtext": [],
        "link_flair_template_id": "e7643a50-5e48-11ea-8e30-0e05eb9dc901",
        "link_flair_text": "USA",
        "link_flair_text_color": "dark",
        "link_flair_type": "text",
        "locked": false,
        "media_only": false,
        "no_follow": true,
        "num_comments": 713,
        "num_crossposts": 0,
        "over_18": false,
        "parent_whitelist_status": "all_ads",
        "permalink": "/r/Coronavirus/comments/hyl0mt/covid19_cases_soar_in_young_adults_bored_of/",
        "pinned": false,
        "post_hint": "link",
        "preview": {
            "enabled": false,
            "images": [
                {
                    "id": "7XjsL3PfbpeAQOi45FGoMVLkVrKzuEWKBYSMecyElas",
                    "resolutions": [
                        {
                            "height": 63,
                            "url": "https://external-preview.redd.it/57TtcA9lfC1OyDUtqfD7euyOQHztKQqxUzt6uhaoUkk.jpg?width=108&amp;crop=smart&amp;auto=webp&amp;s=7f0e7c6363e1966d3f8003d1a43c4ea905ba766c",
                            "width": 108
                        },
                        {
                            "height": 126,
                            "url": "https://external-preview.redd.it/57TtcA9lfC1OyDUtqfD7euyOQHztKQqxUzt6uhaoUkk.jpg?width=216&amp;crop=smart&amp;auto=webp&amp;s=d35863d4a128553109b3f58c3774480579b5c7c7",
                            "width": 216
                        },
                        {
                            "height": 188,
                            "url": "https://external-preview.redd.it/57TtcA9lfC1OyDUtqfD7euyOQHztKQqxUzt6uhaoUkk.jpg?width=320&amp;crop=smart&amp;auto=webp&amp;s=4480cb489c008b14ccc77ef200a457585da82584",
                            "width": 320
                        },
                        {
                            "height": 376,
                            "url": "https://external-preview.redd.it/57TtcA9lfC1OyDUtqfD7euyOQHztKQqxUzt6uhaoUkk.jpg?width=640&amp;crop=smart&amp;auto=webp&amp;s=d2d8ef52cdd95d5fd439abbb5f837678c0fc3472",
                            "width": 640
                        },
                        {
                            "height": 564,
                            "url": "https://external-preview.redd.it/57TtcA9lfC1OyDUtqfD7euyOQHztKQqxUzt6uhaoUkk.jpg?width=960&amp;crop=smart&amp;auto=webp&amp;s=018ecb378d78dbf06218ad930b538f84ace640c5",
                            "width": 960
                        },
                        {
                            "height": 634,
                            "url": "https://external-preview.redd.it/57TtcA9lfC1OyDUtqfD7euyOQHztKQqxUzt6uhaoUkk.jpg?width=1080&amp;crop=smart&amp;auto=webp&amp;s=607930b52a082c9f4a8a6599b2c18905f122a516",
                            "width": 1080
                        }
                    ],
                    "source": {
                        "height": 705,
                        "url": "https://external-preview.redd.it/57TtcA9lfC1OyDUtqfD7euyOQHztKQqxUzt6uhaoUkk.jpg?auto=webp&amp;s=0e3c207add1c4fcb32acf20d9f06429446b5a93a",
                        "width": 1200
                    },
                    "variants": {}
                }
            ]
        },
        "pwls": 6,
        "retrieved_on": 1595821719,
        "score": 1,
        "selftext": "",
        "send_replies": true,
        "spoiler": false,
        "stickied": false,
        "subreddit": "Coronavirus",
        "subreddit_id": "t5_2x4yx",
        "subreddit_subscribers": 2226108,
        "subreddit_type": "public",
        "suggested_sort": "confidence",
        "thumbnail": "https://b.thumbs.redditmedia.com/LWiQdYluvVo2Bq7ZKpTn57_c-v5iYRPeylq-vrWMlkg.jpg",
        "thumbnail_height": 82,
        "thumbnail_width": 140,
        "title": "Covid-19 Cases Soar in Young Adults Bored of Social Distancing",
        "total_awards_received": 0,
        "treatment_tags": [],
        "upvote_ratio": 1.0,
        "url": "https://www.bloomberg.com/news/articles/2020-07-26/fatigue-with-social-distancing-poses-virus-containment-challenge?utm_medium=social&amp;utm_content=politics&amp;cmpid=socialflow-facebook-politics&amp;utm_source=facebook&amp;utm_campaign=socialflow-organic",
        "url_overridden_by_dest": "https://www.bloomberg.com/news/articles/2020-07-26/fatigue-with-social-distancing-poses-virus-containment-challenge?utm_medium=social&amp;utm_content=politics&amp;cmpid=socialflow-facebook-politics&amp;utm_source=facebook&amp;utm_campaign=socialflow-organic",
        "whitelist_status": "all_ads",
        "wls": 6
    },
    {
        "all_awardings": [],
        "allow_live_comments": false,
        "author": "Rohjohn",
        "author_flair_css_class": null,
        "author_flair_richtext": [],
        "author_flair_text": null,
        "author_flair_type": "text",
        "author_fullname": "t2_6xion372",
        "author_patreon_flair": false,
        "author_premium": false,
        "awarders": [],
        "can_mod_post": false,
        "contest_mode": false,
        "created_utc": "2020-07-12 08:02:54",
        "domain": "thizisnotalink.com",
        "full_link": "https://www.reddit.com/r/Coronavirus/comments/hpqs2r/dm_for_a_cure_fore_boredom/",
        "gildings": {},
        "id": "hpqs2r",
        "is_crosspostable": false,
        "is_meta": false,
        "is_original_content": false,
        "is_reddit_media_domain": false,
        "is_robot_indexable": false,
        "is_self": false,
        "is_video": false,
        "link_flair_background_color": "#0dd3bb",
        "link_flair_richtext": [],
        "link_flair_template_id": "ca99103a-5e48-11ea-861e-0e14b931d16d",
        "link_flair_text": "World",
        "link_flair_text_color": "dark",
        "link_flair_type": "text",
        "locked": false,
        "media_only": false,
        "no_follow": true,
        "num_comments": 0,
        "num_crossposts": 0,
        "over_18": false,
        "parent_whitelist_status": "all_ads",
        "permalink": "/r/Coronavirus/comments/hpqs2r/dm_for_a_cure_fore_boredom/",
        "pinned": false,
        "pwls": 6,
        "removed_by_category": "moderator",
        "retrieved_on": 1594541005,
        "score": 1,
        "selftext": "",
        "send_replies": true,
        "spoiler": false,
        "stickied": false,
        "subreddit": "Coronavirus",
        "subreddit_id": "t5_2x4yx",
        "subreddit_subscribers": 2193678,
        "subreddit_type": "public",
        "suggested_sort": "confidence",
        "thumbnail": "default",
        "title": "Dm for a cure fore Boredom",
        "total_awards_received": 0,
        "treatment_tags": [],
        "upvote_ratio": 1.0,
        "url": "http://www.thizisnotalink.com",
        "url_overridden_by_dest": "http://www.thizisnotalink.com",
        "whitelist_status": "all_ads",
        "wls": 6
    },
    {
        "all_awardings": [],
        "allow_live_comments": false,
        "author": "DaVinciKids",
        "author_flair_css_class": null,
        "author_flair_richtext": [],
        "author_flair_text": null,
        "author_flair_type": "text",
        "author_fullname": "t2_3pthfpty",
        "author_patreon_flair": false,
        "author_premium": false,
        "awarders": [],
        "can_mod_post": false,
        "contest_mode": false,
        "created_utc": "2020-07-11 01:48:58",
        "domain": "davincikids.science",
        "full_link": "https://www.reddit.com/r/Coronavirus/comments/hp1pte/stay_at_home_does_not_need_to_be_boring_for_kids/",
        "gildings": {},
        "id": "hp1pte",
        "is_crosspostable": false,
        "is_meta": false,
        "is_original_content": false,
        "is_reddit_media_domain": false,
        "is_robot_indexable": false,
        "is_self": false,
        "is_video": false,
        "link_flair_background_color": "#0dd3bb",
        "link_flair_richtext": [],
        "link_flair_template_id": "ca99103a-5e48-11ea-861e-0e14b931d16d",
        "link_flair_text": "World",
        "link_flair_text_color": "dark",
        "link_flair_type": "text",
        "locked": false,
        "media_only": false,
        "no_follow": true,
        "num_comments": 0,
        "num_crossposts": 0,
        "over_18": false,
        "parent_whitelist_status": "all_ads",
        "permalink": "/r/Coronavirus/comments/hp1pte/stay_at_home_does_not_need_to_be_boring_for_kids/",
        "pinned": false,
        "post_hint": "link",
        "preview": {
            "enabled": false,
            "images": [
                {
                    "id": "NriusRNIhLjxJ3F4Gt95kDGfNsVGKmCmZTiaQMQWnfw",
                    "resolutions": [
                        {
                            "height": 79,
                            "url": "https://external-preview.redd.it/drdUh0FzJf0kAFAgVvpKL1C6oApf4B56RLsiz8erkA0.jpg?width=108&amp;crop=smart&amp;auto=webp&amp;s=0b20587099085c8ad1b93a9c2a9145d2ca3abbd1",
                            "width": 108
                        },
                        {
                            "height": 159,
                            "url": "https://external-preview.redd.it/drdUh0FzJf0kAFAgVvpKL1C6oApf4B56RLsiz8erkA0.jpg?width=216&amp;crop=smart&amp;auto=webp&amp;s=dc860567cdbfac8f797b3f315f68135d45974fc0",
                            "width": 216
                        },
                        {
                            "height": 236,
                            "url": "https://external-preview.redd.it/drdUh0FzJf0kAFAgVvpKL1C6oApf4B56RLsiz8erkA0.jpg?width=320&amp;crop=smart&amp;auto=webp&amp;s=bee14d32a2481ce02f0dbfb2cbe51d809271d902",
                            "width": 320
                        },
                        {
                            "height": 472,
                            "url": "https://external-preview.redd.it/drdUh0FzJf0kAFAgVvpKL1C6oApf4B56RLsiz8erkA0.jpg?width=640&amp;crop=smart&amp;auto=webp&amp;s=814967a7e4bcb8484cdf65141aee8bb6098530b7",
                            "width": 640
                        }
                    ],
                    "source": {
                        "height": 620,
                        "url": "https://external-preview.redd.it/drdUh0FzJf0kAFAgVvpKL1C6oApf4B56RLsiz8erkA0.jpg?auto=webp&amp;s=a2412e94b189c30bda155390acbe239a15cbf220",
                        "width": 840
                    },
                    "variants": {}
                }
            ]
        },
        "pwls": 6,
        "removed_by_category": "moderator",
        "retrieved_on": 1594432168,
        "score": 1,
        "selftext": "",
        "send_replies": true,
        "spoiler": false,
        "stickied": false,
        "subreddit": "Coronavirus",
        "subreddit_id": "t5_2x4yx",
        "subreddit_subscribers": 2190293,
        "subreddit_type": "public",
        "suggested_sort": "confidence",
        "thumbnail": "https://b.thumbs.redditmedia.com/xzdUf-3L72LKBmWo3Zu0lF7I3jpPq-xtcjldZYzz_qk.jpg",
        "thumbnail_height": 103,
        "thumbnail_width": 140,
        "title": "Stay at home does not need to be boring for kids. Engage them through meaningful hands-on science learning, through interesting activities.",
        "total_awards_received": 0,
        "treatment_tags": [],
        "upvote_ratio": 1.0,
        "url": "https://davincikids.science/?utm_source=forums&amp;utm_medium=web&amp;utm_campaign=redit",
        "url_overridden_by_dest": "https://davincikids.science/?utm_source=forums&amp;utm_medium=web&amp;utm_campaign=redit",
        "whitelist_status": "all_ads",
        "wls": 6
    }
]