[
    {
        "all_awardings": [],
        "allow_live_comments": false,
        "author": "Epidemiologist_John",
        "author_flair_css_class": null,
        "author_flair_richtext": [],
        "author_flair_text": null,
        "author_flair_type": "text",
        "author_fullname": "t2_6p5rh0os",
        "author_patreon_flair": false,
        "author_premium": false,
        "awarders": [],
        "can_mod_post": false,
        "contest_mode": false,
        "created_utc": "2020-07-29 12:43:28",
        "domain": "doi.org",
        "full_link": "https://www.reddit.com/r/Coronavirus/comments/i001n4/covid19_effects_on_mental_health_and_drug/",
        "gildings": {},
        "id": "i001n4",
        "is_crosspostable": false,
        "is_meta": false,
        "is_original_content": false,
        "is_reddit_media_domain": false,
        "is_robot_indexable": false,
        "is_self": false,
        "is_video": false,
        "link_flair_background_color": "#0dd3bb",
        "link_flair_richtext": [],
        "link_flair_template_id": "ca99103a-5e48-11ea-861e-0e14b931d16d",
        "link_flair_text": "World",
        "link_flair_text_color": "dark",
        "link_flair_type": "text",
        "locked": false,
        "media_only": false,
        "no_follow": true,
        "num_comments": 0,
        "num_crossposts": 0,
        "over_18": false,
        "parent_whitelist_status": "all_ads",
        "permalink": "/r/Coronavirus/comments/i001n4/covid19_effects_on_mental_health_and_drug/",
        "pinned": false,
        "pwls": 6,
        "removed_by_category": "moderator",
        "retrieved_on": 1596026619,
        "score": 1,
        "selftext": "",
        "send_replies": true,
        "spoiler": false,
        "stickied": false,
        "subreddit": "Coronavirus",
        "subreddit_id": "t5_2x4yx",
        "subreddit_subscribers": 2230031,
        "subreddit_type": "public",
        "suggested_sort": "confidence",
        "thumbnail": "default",
        "title": "COVID-19 - effects on Mental Health and drug Addiction",
        "total_awards_received": 0,
        "treatment_tags": [],
        "upvote_ratio": 1.0,
        "url": "https://doi.org/10.3389/fpsyt.2020.00767",
        "url_overridden_by_dest": "https://doi.org/10.3389/fpsyt.2020.00767",
        "whitelist_status": "all_ads",
        "wls": 6
    },
    {
        "all_awardings": [],
        "allow_live_comments": false,
        "author": "gharrity",
        "author_flair_css_class": null,
        "author_flair_richtext": [],
        "author_flair_text": null,
        "author_flair_type": "text",
        "author_fullname": "t2_6lx0n",
        "author_patreon_flair": false,
        "author_premium": false,
        "awarders": [],
        "can_mod_post": false,
        "contest_mode": false,
        "created_utc": "2020-07-27 22:39:52",
        "domain": "knkx.org",
        "full_link": "https://www.reddit.com/r/Coronavirus/comments/hz2lmp/the_pandemic_has_changed_addiction_treatment_and/",
        "gildings": {},
        "id": "hz2lmp",
        "is_crosspostable": true,
        "is_meta": false,
        "is_original_content": false,
        "is_reddit_media_domain": false,
        "is_robot_indexable": true,
        "is_self": false,
        "is_video": false,
        "link_flair_background_color": "#ff8717",
        "link_flair_richtext": [],
        "link_flair_template_id": "e7643a50-5e48-11ea-8e30-0e05eb9dc901",
        "link_flair_text": "USA",
        "link_flair_text_color": "dark",
        "link_flair_type": "text",
        "locked": false,
        "media_only": false,
        "no_follow": true,
        "num_comments": 1,
        "num_crossposts": 0,
        "over_18": false,
        "parent_whitelist_status": "all_ads",
        "permalink": "/r/Coronavirus/comments/hz2lmp/the_pandemic_has_changed_addiction_treatment_and/",
        "pinned": false,
        "post_hint": "link",
        "preview": {
            "enabled": false,
            "images": [
                {
                    "id": "kWHKYkxnTdfr-4Cr-C91c6Pa3FtO_wB9nSFRhxaZLv0",
                    "resolutions": [
                        {
                            "height": 71,
                            "url": "https://external-preview.redd.it/0yj_bpOUcDuwl1C-L_I5gX4rbGXtrQoyKqkEE0liAiw.jpg?width=108&amp;crop=smart&amp;auto=webp&amp;s=39a9f10f61da827bd5767e0e0ada7a66564cbaef",
                            "width": 108
                        },
                        {
                            "height": 143,
                            "url": "https://external-preview.redd.it/0yj_bpOUcDuwl1C-L_I5gX4rbGXtrQoyKqkEE0liAiw.jpg?width=216&amp;crop=smart&amp;auto=webp&amp;s=188f0f771f29aa59b9ec500f6fd41acd93342e59",
                            "width": 216
                        },
                        {
                            "height": 212,
                            "url": "https://external-preview.redd.it/0yj_bpOUcDuwl1C-L_I5gX4rbGXtrQoyKqkEE0liAiw.jpg?width=320&amp;crop=smart&amp;auto=webp&amp;s=d626c4e5b0b9283e21c3b6fc1ca10de6a0842dca",
                            "width": 320
                        },
                        {
                            "height": 425,
                            "url": "https://external-preview.redd.it/0yj_bpOUcDuwl1C-L_I5gX4rbGXtrQoyKqkEE0liAiw.jpg?width=640&amp;crop=smart&amp;auto=webp&amp;s=d588bd962e990e00e65413a1ab526b09e8e641e3",
                            "width": 640
                        }
                    ],
                    "source": {
                        "height": 532,
                        "url": "https://external-preview.redd.it/0yj_bpOUcDuwl1C-L_I5gX4rbGXtrQoyKqkEE0liAiw.jpg?auto=webp&amp;s=2a80bc16c71344b1856dfba5a63e0812b38cb8ba",
                        "width": 800
                    },
                    "variants": {}
                }
            ]
        },
        "pwls": 6,
        "retrieved_on": 1595889603,
        "score": 1,
        "selftext": "",
        "send_replies": true,
        "spoiler": false,
        "stickied": false,
        "subreddit": "Coronavirus",
        "subreddit_id": "t5_2x4yx",
        "subreddit_subscribers": 2227259,
        "subreddit_type": "public",
        "suggested_sort": "confidence",
        "thumbnail": "https://b.thumbs.redditmedia.com/Fon3i5o3Oglze6rhBlHhftQ54jrgla1vKuyH8AgRjng.jpg",
        "thumbnail_height": 93,
        "thumbnail_width": 140,
        "title": "The pandemic has changed addiction treatment, and some hope the changes last",
        "total_awards_received": 0,
        "treatment_tags": [],
        "upvote_ratio": 1.0,
        "url": "https://www.knkx.org/post/pandemic-has-changed-addiction-treatment-and-some-hope-changes-last",
        "url_overridden_by_dest": "https://www.knkx.org/post/pandemic-has-changed-addiction-treatment-and-some-hope-changes-last",
        "whitelist_status": "all_ads",
        "wls": 6
    },
    {
        "all_awardings": [],
        "allow_live_comments": false,
        "author": "TenYearsTenDays",
        "author_flair_css_class": null,
        "author_flair_richtext": [],
        "author_flair_text": null,
        "author_flair_type": "text",
        "author_fullname": "t2_1xpuupza",
        "author_patreon_flair": false,
        "author_premium": true,
        "awarders": [],
        "can_mod_post": false,
        "contest_mode": false,
        "created_utc": "2020-07-20 13:15:06",
        "domain": "dn.se",
        "full_link": "https://www.reddit.com/r/Coronavirus/comments/hul19p/addiction_care_during_the_pandemic_treatments_are/",
        "gildings": {},
        "id": "hul19p",
        "is_crosspostable": true,
        "is_meta": false,
        "is_original_content": false,
        "is_reddit_media_domain": false,
        "is_robot_indexable": true,
        "is_self": false,
        "is_video": false,
        "link_flair_background_color": "#94e044",
        "link_flair_richtext": [],
        "link_flair_template_id": "fd072d2c-5e48-11ea-8569-0eaa0007e55b",
        "link_flair_text": "Europe",
        "link_flair_text_color": "dark",
        "link_flair_type": "text",
        "locked": false,
        "media_only": false,
        "no_follow": false,
        "num_comments": 5,
        "num_crossposts": 0,
        "over_18": false,
        "parent_whitelist_status": "all_ads",
        "permalink": "/r/Coronavirus/comments/hul19p/addiction_care_during_the_pandemic_treatments_are/",
        "pinned": false,
        "post_hint": "link",
        "preview": {
            "enabled": false,
            "images": [
                {
                    "id": "tQKq6RZadGi2UhFCx_xgPlYEZz0F0pws9DGtOdLjWNU",
                    "resolutions": [
                        {
                            "height": 60,
                            "url": "https://external-preview.redd.it/wqMY4qyHXGyfYJUfsZ-40oTA6QIbiaUtud-UHDYYIM4.jpg?width=108&amp;crop=smart&amp;auto=webp&amp;s=ff6b11e7d044e29937196e5feb024efeb6358bcd",
                            "width": 108
                        },
                        {
                            "height": 121,
                            "url": "https://external-preview.redd.it/wqMY4qyHXGyfYJUfsZ-40oTA6QIbiaUtud-UHDYYIM4.jpg?width=216&amp;crop=smart&amp;auto=webp&amp;s=e40d33966e335d84e010a1c18fcc41c389ac6e5f",
                            "width": 216
                        },
                        {
                            "height": 180,
                            "url": "https://external-preview.redd.it/wqMY4qyHXGyfYJUfsZ-40oTA6QIbiaUtud-UHDYYIM4.jpg?width=320&amp;crop=smart&amp;auto=webp&amp;s=f40b0174a939419a1b920a80930545bd1684cb3b",
                            "width": 320
                        },
                        {
                            "height": 360,
                            "url": "https://external-preview.redd.it/wqMY4qyHXGyfYJUfsZ-40oTA6QIbiaUtud-UHDYYIM4.jpg?width=640&amp;crop=smart&amp;auto=webp&amp;s=0a46a57e5f591f5edee0eda10c6f64554b04006b",
                            "width": 640
                        },
                        {
                            "height": 540,
                            "url": "https://external-preview.redd.it/wqMY4qyHXGyfYJUfsZ-40oTA6QIbiaUtud-UHDYYIM4.jpg?width=960&amp;crop=smart&amp;auto=webp&amp;s=c47035e9ce5cbbbe307d08ca182ea761188db7a8",
                            "width": 960
                        }
                    ],
                    "source": {
                        "height": 576,
                        "url": "https://external-preview.redd.it/wqMY4qyHXGyfYJUfsZ-40oTA6QIbiaUtud-UHDYYIM4.jpg?auto=webp&amp;s=ce8010d3fdc1df9b5ca4b0052bf94a103f901a1b",
                        "width": 1024
                    },
                    "variants": {}
                }
            ]
        },
        "pwls": 6,
        "retrieved_on": 1595327027,
        "score": 6,
        "selftext": "",
        "send_replies": true,
        "spoiler": false,
        "stickied": false,
        "subreddit": "Coronavirus",
        "subreddit_id": "t5_2x4yx",
        "subreddit_subscribers": 2216487,
        "subreddit_type": "public",
        "suggested_sort": "confidence",
        "thumbnail": "https://b.thumbs.redditmedia.com/DTOY7ctXp0CilS1P7oZnsU4GUAXnNX8a3RQx_Q08UKE.jpg",
        "thumbnail_height": 78,
        "thumbnail_width": 140,
        "title": "Addiction care during the pandemic: Treatments are canceled",
        "total_awards_received": 0,
        "treatment_tags": [],
        "upvote_ratio": 0.55,
        "url": "https://www.dn.se/nyheter/sverige/beroendevarden-under-pandemin-behandlingar-stalls-in/",
        "url_overridden_by_dest": "https://www.dn.se/nyheter/sverige/beroendevarden-under-pandemin-behandlingar-stalls-in/",
        "whitelist_status": "all_ads",
        "wls": 6
    },
    {
        "all_awardings": [],
        "allow_live_comments": false,
        "author": "helloultramemes",
        "author_flair_css_class": null,
        "author_flair_richtext": [],
        "author_flair_text": null,
        "author_flair_type": "text",
        "author_fullname": "t2_79pz1rwc",
        "author_patreon_flair": false,
        "author_premium": false,
        "awarders": [],
        "can_mod_post": false,
        "contest_mode": false,
        "created_utc": "2020-07-15 05:30:39",
        "domain": "youtu.be",
        "full_link": "https://www.reddit.com/r/Coronavirus/comments/hrhu4v/how_i_became_a_meme_addict/",
        "gildings": {},
        "id": "hrhu4v",
        "is_crosspostable": false,
        "is_meta": false,
        "is_original_content": false,
        "is_reddit_media_domain": false,
        "is_robot_indexable": false,
        "is_self": false,
        "is_video": false,
        "link_flair_background_color": "#0dd3bb",
        "link_flair_richtext": [],
        "link_flair_template_id": "ca99103a-5e48-11ea-861e-0e14b931d16d",
        "link_flair_text": "World",
        "link_flair_text_color": "dark",
        "link_flair_type": "text",
        "locked": false,
        "media": {
            "oembed": {
                "author_name": "Hello Ultra memes",
                "author_url": "https://www.youtube.com/channel/UCsODBLq-IbNDSP2l9plYvaA",
                "height": 338,
                "html": "&lt;iframe width=\"600\" height=\"338\" src=\"https://www.youtube.com/embed/E6XhQYFhTBc?feature=oembed&amp;enablejsapi=1\" frameborder=\"0\" allow=\"accelerometer; autoplay; encrypted-media; gyroscope; picture-in-picture\" allowfullscreen&gt;&lt;/iframe&gt;",
                "provider_name": "YouTube",
                "provider_url": "https://www.youtube.com/",
                "thumbnail_height": 360,
                "thumbnail_url": "https://i.ytimg.com/vi/E6XhQYFhTBc/hqdefault.jpg",
                "thumbnail_width": 480,
                "title": "How  I became a  Meme addict\ud83d\ude05\ud83d\udc89",
                "type": "video",
                "version": "1.0",
                "width": 600
            },
            "type": "youtube.com"
        },
        "media_embed": {
            "content": "&lt;iframe width=\"600\" height=\"338\" src=\"https://www.youtube.com/embed/E6XhQYFhTBc?feature=oembed&amp;enablejsapi=1\" frameborder=\"0\" allow=\"accelerometer; autoplay; encrypted-media; gyroscope; picture-in-picture\" allowfullscreen&gt;&lt;/iframe&gt;",
            "height": 338,
            "scrolling": false,
            "width": 600
        },
        "media_only": false,
        "no_follow": true,
        "num_comments": 2,
        "num_crossposts": 0,
        "over_18": true,
        "parent_whitelist_status": "all_ads",
        "permalink": "/r/Coronavirus/comments/hrhu4v/how_i_became_a_meme_addict/",
        "pinned": false,
        "post_hint": "rich:video",
        "preview": {
            "enabled": false,
            "images": [
                {
                    "id": "UhxwoQ7O-QfpeB_zwqzY4ovAz4Mc6e04p89837bOQ0U",
                    "resolutions": [
                        {
                            "height": 81,
                            "url": "https://external-preview.redd.it/To2_WCxGNzGbKmCz1gNR02GgTQbH3Tl5O2HayGbYd6o.jpg?width=108&amp;crop=smart&amp;auto=webp&amp;s=282085441a00097ab751555967dc29a93e9a7e96",
                            "width": 108
                        },
                        {
                            "height": 162,
                            "url": "https://external-preview.redd.it/To2_WCxGNzGbKmCz1gNR02GgTQbH3Tl5O2HayGbYd6o.jpg?width=216&amp;crop=smart&amp;auto=webp&amp;s=0ab8a33827fddabf30336ecec20839a62339d537",
                            "width": 216
                        },
                        {
                            "height": 240,
                            "url": "https://external-preview.redd.it/To2_WCxGNzGbKmCz1gNR02GgTQbH3Tl5O2HayGbYd6o.jpg?width=320&amp;crop=smart&amp;auto=webp&amp;s=1a61720df5c3156c872ca38cc7821bc8d668099e",
                            "width": 320
                        }
                    ],
                    "source": {
                        "height": 360,
                        "url": "https://external-preview.redd.it/To2_WCxGNzGbKmCz1gNR02GgTQbH3Tl5O2HayGbYd6o.jpg?auto=webp&amp;s=99dfbb9eff6d296fff1b285a1d861961574ab103",
                        "width": 480
                    },
                    "variants": {
                        "nsfw": {
                            "resolutions": [
                                {
                                    "height": 81,
                                    "url": "https://external-preview.redd.it/To2_WCxGNzGbKmCz1gNR02GgTQbH3Tl5O2HayGbYd6o.jpg?width=108&amp;crop=smart&amp;blur=10&amp;format=pjpg&amp;auto=webp&amp;s=97cd39a2f2289937f7d5ba262c25a34a7b5d28f3",
                                    "width": 108
                                },
                                {
                                    "height": 162,
                                    "url": "https://external-preview.redd.it/To2_WCxGNzGbKmCz1gNR02GgTQbH3Tl5O2HayGbYd6o.jpg?width=216&amp;crop=smart&amp;blur=21&amp;format=pjpg&amp;auto=webp&amp;s=c1441de26a685b5d21ff28cc60e0c6146799d13c",
                                    "width": 216
                                },
                                {
                                    "height": 240,
                                    "url": "https://external-preview.redd.it/To2_WCxGNzGbKmCz1gNR02GgTQbH3Tl5O2HayGbYd6o.jpg?width=320&amp;crop=smart&amp;blur=32&amp;format=pjpg&amp;auto=webp&amp;s=dcf6bbd9c86c8abad874d7a12c74fa31ab724407",
                                    "width": 320
                                }
                            ],
                            "source": {
                                "height": 360,
                                "url": "https://external-preview.redd.it/To2_WCxGNzGbKmCz1gNR02GgTQbH3Tl5O2HayGbYd6o.jpg?blur=40&amp;format=pjpg&amp;auto=webp&amp;s=952acc4b12a5af7603c26948a7d6af824354f414",
                                "width": 480
                            }
                        },
                        "obfuscated": {
                            "resolutions": [
                                {
                                    "height": 81,
                                    "url": "https://external-preview.redd.it/To2_WCxGNzGbKmCz1gNR02GgTQbH3Tl5O2HayGbYd6o.jpg?width=108&amp;crop=smart&amp;blur=10&amp;format=pjpg&amp;auto=webp&amp;s=97cd39a2f2289937f7d5ba262c25a34a7b5d28f3",
                                    "width": 108
                                },
                                {
                                    "height": 162,
                                    "url": "https://external-preview.redd.it/To2_WCxGNzGbKmCz1gNR02GgTQbH3Tl5O2HayGbYd6o.jpg?width=216&amp;crop=smart&amp;blur=21&amp;format=pjpg&amp;auto=webp&amp;s=c1441de26a685b5d21ff28cc60e0c6146799d13c",
                                    "width": 216
                                },
                                {
                                    "height": 240,
                                    "url": "https://external-preview.redd.it/To2_WCxGNzGbKmCz1gNR02GgTQbH3Tl5O2HayGbYd6o.jpg?width=320&amp;crop=smart&amp;blur=32&amp;format=pjpg&amp;auto=webp&amp;s=dcf6bbd9c86c8abad874d7a12c74fa31ab724407",
                                    "width": 320
                                }
                            ],
                            "source": {
                                "height": 360,
                                "url": "https://external-preview.redd.it/To2_WCxGNzGbKmCz1gNR02GgTQbH3Tl5O2HayGbYd6o.jpg?blur=40&amp;format=pjpg&amp;auto=webp&amp;s=952acc4b12a5af7603c26948a7d6af824354f414",
                                "width": 480
                            }
                        }
                    }
                }
            ]
        },
        "pwls": 6,
        "removed_by_category": "moderator",
        "retrieved_on": 1594802328,
        "score": 1,
        "secure_media": {
            "oembed": {
                "author_name": "Hello Ultra memes",
                "author_url": "https://www.youtube.com/channel/UCsODBLq-IbNDSP2l9plYvaA",
                "height": 338,
                "html": "&lt;iframe width=\"600\" height=\"338\" src=\"https://www.youtube.com/embed/E6XhQYFhTBc?feature=oembed&amp;enablejsapi=1\" frameborder=\"0\" allow=\"accelerometer; autoplay; encrypted-media; gyroscope; picture-in-picture\" allowfullscreen&gt;&lt;/iframe&gt;",
                "provider_name": "YouTube",
                "provider_url": "https://www.youtube.com/",
                "thumbnail_height": 360,
                "thumbnail_url": "https://i.ytimg.com/vi/E6XhQYFhTBc/hqdefault.jpg",
                "thumbnail_width": 480,
                "title": "How  I became a  Meme addict\ud83d\ude05\ud83d\udc89",
                "type": "video",
                "version": "1.0",
                "width": 600
            },
            "type": "youtube.com"
        },
        "secure_media_embed": {
            "content": "&lt;iframe width=\"600\" height=\"338\" src=\"https://www.youtube.com/embed/E6XhQYFhTBc?feature=oembed&amp;enablejsapi=1\" frameborder=\"0\" allow=\"accelerometer; autoplay; encrypted-media; gyroscope; picture-in-picture\" allowfullscreen&gt;&lt;/iframe&gt;",
            "height": 338,
            "media_domain_url": "https://www.redditmedia.com/mediaembed/hrhu4v",
            "scrolling": false,
            "width": 600
        },
        "selftext": "",
        "send_replies": true,
        "spoiler": false,
        "stickied": false,
        "subreddit": "Coronavirus",
        "subreddit_id": "t5_2x4yx",
        "subreddit_subscribers": 2202078,
        "subreddit_type": "public",
        "suggested_sort": "confidence",
        "thumbnail": "nsfw",
        "thumbnail_height": 105,
        "thumbnail_width": 140,
        "title": "How I became a Meme addict\ud83d\ude05\ud83d\udc89",
        "total_awards_received": 0,
        "treatment_tags": [],
        "upvote_ratio": 1.0,
        "url": "https://youtu.be/E6XhQYFhTBc",
        "url_overridden_by_dest": "https://youtu.be/E6XhQYFhTBc",
        "whitelist_status": "promo_adult_nsfw",
        "wls": 3
    },
    {
        "all_awardings": [],
        "allow_live_comments": false,
        "author": "SafePangolin3",
        "author_flair_css_class": null,
        "author_flair_richtext": [],
        "author_flair_text": null,
        "author_flair_type": "text",
        "author_fullname": "t2_6g93qe99",
        "author_patreon_flair": false,
        "author_premium": false,
        "awarders": [],
        "can_mod_post": false,
        "contest_mode": false,
        "created_utc": "2020-07-24 13:43:13",
        "domain": "kten.com",
        "full_link": "https://www.reddit.com/r/Coronavirus/comments/hx20g8/covid19_drug_abuse_and_suicid/",
        "gildings": {},
        "id": "hx20g8",
        "is_crosspostable": true,
        "is_meta": false,
        "is_original_content": false,
        "is_reddit_media_domain": false,
        "is_robot_indexable": true,
        "is_self": false,
        "is_video": false,
        "link_flair_background_color": "#ff8717",
        "link_flair_richtext": [],
        "link_flair_template_id": "e7643a50-5e48-11ea-8e30-0e05eb9dc901",
        "link_flair_text": "USA",
        "link_flair_text_color": "dark",
        "link_flair_type": "text",
        "locked": false,
        "media_only": false,
        "no_follow": false,
        "num_comments": 37,
        "num_crossposts": 0,
        "over_18": false,
        "parent_whitelist_status": "all_ads",
        "permalink": "/r/Coronavirus/comments/hx20g8/covid19_drug_abuse_and_suicid/",
        "pinned": false,
        "post_hint": "link",
        "preview": {
            "enabled": false,
            "images": [
                {
                    "id": "k9RO9a2H036W7bzIi_hnUTidngQZFztZxVgYeqzpfKY",
                    "resolutions": [
                        {
                            "height": 60,
                            "url": "https://external-preview.redd.it/ZRaYPi1PZk815Izs3jSE60wJiTHh00tCFbpxnibrvXc.jpg?width=108&amp;crop=smart&amp;auto=webp&amp;s=bf33a4cc1873ffc1adf69d8a93e169ff9206b963",
                            "width": 108
                        },
                        {
                            "height": 121,
                            "url": "https://external-preview.redd.it/ZRaYPi1PZk815Izs3jSE60wJiTHh00tCFbpxnibrvXc.jpg?width=216&amp;crop=smart&amp;auto=webp&amp;s=c702a0cb5c08f6777b5c65be670cdb466d62ef82",
                            "width": 216
                        },
                        {
                            "height": 180,
                            "url": "https://external-preview.redd.it/ZRaYPi1PZk815Izs3jSE60wJiTHh00tCFbpxnibrvXc.jpg?width=320&amp;crop=smart&amp;auto=webp&amp;s=1c65b1ceb762ea42c73b3e20a7d888d29855b517",
                            "width": 320
                        },
                        {
                            "height": 360,
                            "url": "https://external-preview.redd.it/ZRaYPi1PZk815Izs3jSE60wJiTHh00tCFbpxnibrvXc.jpg?width=640&amp;crop=smart&amp;auto=webp&amp;s=bd5adf0360d9c55a213f3b12ecd97c26726ac7f0",
                            "width": 640
                        },
                        {
                            "height": 540,
                            "url": "https://external-preview.redd.it/ZRaYPi1PZk815Izs3jSE60wJiTHh00tCFbpxnibrvXc.jpg?width=960&amp;crop=smart&amp;auto=webp&amp;s=f5dbd0bf85e149825fb72b3784ffdccc046888c2",
                            "width": 960
                        },
                        {
                            "height": 607,
                            "url": "https://external-preview.redd.it/ZRaYPi1PZk815Izs3jSE60wJiTHh00tCFbpxnibrvXc.jpg?width=1080&amp;crop=smart&amp;auto=webp&amp;s=f2e6375478c3a412087c653a106042a697ddb9b9",
                            "width": 1080
                        }
                    ],
                    "source": {
                        "height": 720,
                        "url": "https://external-preview.redd.it/ZRaYPi1PZk815Izs3jSE60wJiTHh00tCFbpxnibrvXc.jpg?auto=webp&amp;s=33ad38020e0764e8a33433fb92b0611a39dc2ed4",
                        "width": 1280
                    },
                    "variants": {}
                }
            ]
        },
        "pwls": 6,
        "retrieved_on": 1595615706,
        "score": 1,
        "selftext": "",
        "send_replies": true,
        "spoiler": false,
        "stickied": false,
        "subreddit": "Coronavirus",
        "subreddit_id": "t5_2x4yx",
        "subreddit_subscribers": 2223161,
        "subreddit_type": "public",
        "suggested_sort": "confidence",
        "thumbnail": "https://b.thumbs.redditmedia.com/TJpbM70e-wW3nJSf6QnNSMO1nXw0lFg2hALTwkpDw7M.jpg",
        "thumbnail_height": 78,
        "thumbnail_width": 140,
        "title": "COVID-19, drug abuse and suicid",
        "total_awards_received": 0,
        "treatment_tags": [],
        "upvote_ratio": 0.53,
        "url": "https://www.kten.com/story/42321776/states-across-the-country-seeing-more-suicidal-and-drug-related-incidents-due-to-covid19",
        "url_overridden_by_dest": "https://www.kten.com/story/42321776/states-across-the-country-seeing-more-suicidal-and-drug-related-incidents-due-to-covid19",
        "whitelist_status": "all_ads",
        "wls": 6
    },
    {
        "all_awardings": [],
        "allow_live_comments": false,
        "author": "Timothy-Sumer",
        "author_flair_css_class": null,
        "author_flair_richtext": [],
        "author_flair_text": null,
        "author_flair_type": "text",
        "author_fullname": "t2_33ycuh8q",
        "author_patreon_flair": false,
        "author_premium": false,
        "awarders": [],
        "can_mod_post": false,
        "contest_mode": false,
        "created_utc": "2020-07-20 17:24:31",
        "domain": "covid19newshq.com",
        "full_link": "https://www.reddit.com/r/Coronavirus/comments/hupf9r/coronavirus_drug_abuse_a_pandemic_within_a/",
        "gildings": {},
        "id": "hupf9r",
        "is_crosspostable": false,
        "is_meta": false,
        "is_original_content": false,
        "is_reddit_media_domain": false,
        "is_robot_indexable": false,
        "is_self": false,
        "is_video": false,
        "link_flair_background_color": "",
        "link_flair_richtext": [],
        "link_flair_text_color": "dark",
        "link_flair_type": "text",
        "locked": false,
        "media_only": false,
        "no_follow": true,
        "num_comments": 0,
        "num_crossposts": 0,
        "over_18": false,
        "parent_whitelist_status": "all_ads",
        "permalink": "/r/Coronavirus/comments/hupf9r/coronavirus_drug_abuse_a_pandemic_within_a/",
        "pinned": false,
        "pwls": 6,
        "removed_by_category": "moderator",
        "retrieved_on": 1595340047,
        "score": 1,
        "selftext": "",
        "send_replies": false,
        "spoiler": false,
        "stickied": false,
        "subreddit": "Coronavirus",
        "subreddit_id": "t5_2x4yx",
        "subreddit_subscribers": 2216726,
        "subreddit_type": "public",
        "suggested_sort": "confidence",
        "thumbnail": "default",
        "thumbnail_height": 78,
        "thumbnail_width": 140,
        "title": "Coronavirus drug abuse: A pandemic within a pandemic? | COVID-19 Special",
        "total_awards_received": 0,
        "treatment_tags": [],
        "upvote_ratio": 1.0,
        "url": "https://covid19newshq.com/2020/07/20/coronavirus-drug-abuse-a-pandemic-within-a-pandemic-covid-19-special/",
        "url_overridden_by_dest": "https://covid19newshq.com/2020/07/20/coronavirus-drug-abuse-a-pandemic-within-a-pandemic-covid-19-special/",
        "whitelist_status": "all_ads",
        "wls": 6
    },
    {
        "all_awardings": [],
        "allow_live_comments": false,
        "author": "buddhaaf",
        "author_flair_css_class": null,
        "author_flair_richtext": [],
        "author_flair_text": null,
        "author_flair_type": "text",
        "author_fullname": "t2_6nahcu9t",
        "author_patreon_flair": false,
        "author_premium": false,
        "awarders": [],
        "can_mod_post": false,
        "contest_mode": false,
        "created_utc": "2020-07-11 05:47:53",
        "domain": "ndtv.com",
        "full_link": "https://www.reddit.com/r/Coronavirus/comments/hp4w4h/psoriasis_injection_cleared_for_limited_use_to/",
        "gildings": {},
        "id": "hp4w4h",
        "is_crosspostable": true,
        "is_meta": false,
        "is_original_content": false,
        "is_reddit_media_domain": false,
        "is_robot_indexable": true,
        "is_self": false,
        "is_video": false,
        "link_flair_background_color": "#a06324",
        "link_flair_richtext": [],
        "link_flair_template_id": "bded30d0-5f12-11ea-acd8-0e6e24c51fab",
        "link_flair_text": "South &amp; SE Asia",
        "link_flair_text_color": "dark",
        "link_flair_type": "text",
        "locked": false,
        "media_only": false,
        "no_follow": true,
        "num_comments": 1,
        "num_crossposts": 0,
        "over_18": false,
        "parent_whitelist_status": "all_ads",
        "permalink": "/r/Coronavirus/comments/hp4w4h/psoriasis_injection_cleared_for_limited_use_to/",
        "pinned": false,
        "post_hint": "link",
        "preview": {
            "enabled": false,
            "images": [
                {
                    "id": "YwgHOEiJ61y5iozvZX3IIEz9ivYjBKufj4DaRayeKCE",
                    "resolutions": [
                        {
                            "height": 66,
                            "url": "https://external-preview.redd.it/Q96QTeiIaZNoryEKhwOwS8MLBAK9XJ_Y9J4D16dlCC0.jpg?width=108&amp;crop=smart&amp;auto=webp&amp;s=b340554a371aeef83e7fcfadf1d36392fe1bb31f",
                            "width": 108
                        },
                        {
                            "height": 132,
                            "url": "https://external-preview.redd.it/Q96QTeiIaZNoryEKhwOwS8MLBAK9XJ_Y9J4D16dlCC0.jpg?width=216&amp;crop=smart&amp;auto=webp&amp;s=2d5f60ef26653ce318f1d95aa87f4022ee9c36f1",
                            "width": 216
                        },
                        {
                            "height": 196,
                            "url": "https://external-preview.redd.it/Q96QTeiIaZNoryEKhwOwS8MLBAK9XJ_Y9J4D16dlCC0.jpg?width=320&amp;crop=smart&amp;auto=webp&amp;s=7438644515eb4a2395a92495aa1ba4c33f18e864",
                            "width": 320
                        },
                        {
                            "height": 393,
                            "url": "https://external-preview.redd.it/Q96QTeiIaZNoryEKhwOwS8MLBAK9XJ_Y9J4D16dlCC0.jpg?width=640&amp;crop=smart&amp;auto=webp&amp;s=4cac4bd47ddda933fc30995471d040fd8aa09461",
                            "width": 640
                        }
                    ],
                    "source": {
                        "height": 400,
                        "url": "https://external-preview.redd.it/Q96QTeiIaZNoryEKhwOwS8MLBAK9XJ_Y9J4D16dlCC0.jpg?auto=webp&amp;s=b5e9768923489e746cdb4bb97ede260097fa71b2",
                        "width": 650
                    },
                    "variants": {}
                }
            ]
        },
        "pwls": 6,
        "retrieved_on": 1594446504,
        "score": 1,
        "selftext": "",
        "send_replies": true,
        "spoiler": false,
        "stickied": false,
        "subreddit": "Coronavirus",
        "subreddit_id": "t5_2x4yx",
        "subreddit_subscribers": 2190709,
        "subreddit_type": "public",
        "suggested_sort": "confidence",
        "thumbnail": "https://b.thumbs.redditmedia.com/2H8Nh1i5wFLf89tmtDsC7dk7gfQ53eKBk0Da5uLYMJw.jpg",
        "thumbnail_height": 86,
        "thumbnail_width": 140,
        "title": "Psoriasis Injection Cleared For Limited Use To Treat COVID Patients: Drug Controller",
        "total_awards_received": 0,
        "treatment_tags": [],
        "upvote_ratio": 1.0,
        "url": "https://www.ndtv.com/india-news/coronavirus-treatment-skin-disease-psoriasis-injection-itolizumab-cleared-for-limited-use-to-treat-covid-patients-drug-controller-2260844?pfrom=home-topscroll",
        "url_overridden_by_dest": "https://www.ndtv.com/india-news/coronavirus-treatment-skin-disease-psoriasis-injection-itolizumab-cleared-for-limited-use-to-treat-covid-patients-drug-controller-2260844?pfrom=home-topscroll",
        "whitelist_status": "all_ads",
        "wls": 6
    },
    {
        "all_awardings": [],
        "allow_live_comments": false,
        "author": "beccilouise96",
        "author_flair_css_class": null,
        "author_flair_richtext": [],
        "author_flair_text": null,
        "author_flair_type": "text",
        "author_fullname": "t2_h7ohk",
        "author_patreon_flair": false,
        "author_premium": false,
        "awarders": [],
        "can_mod_post": false,
        "contest_mode": false,
        "created_utc": "2020-07-04 03:30:48",
        "domain": "independent.co.uk",
        "full_link": "https://www.reddit.com/r/Coronavirus/comments/hkwmd7/eu_approves_coronavirus_drug_for_use_after_us/",
        "gildings": {},
        "id": "hkwmd7",
        "is_crosspostable": true,
        "is_meta": false,
        "is_original_content": false,
        "is_reddit_media_domain": false,
        "is_robot_indexable": true,
        "is_self": false,
        "is_video": false,
        "link_flair_background_color": "#0dd3bb",
        "link_flair_richtext": [],
        "link_flair_template_id": "ca99103a-5e48-11ea-861e-0e14b931d16d",
        "link_flair_text": "World",
        "link_flair_text_color": "dark",
        "link_flair_type": "text",
        "locked": false,
        "media_only": false,
        "no_follow": false,
        "num_comments": 16,
        "num_crossposts": 0,
        "over_18": false,
        "parent_whitelist_status": "all_ads",
        "permalink": "/r/Coronavirus/comments/hkwmd7/eu_approves_coronavirus_drug_for_use_after_us/",
        "pinned": false,
        "post_hint": "link",
        "preview": {
            "enabled": false,
            "images": [
                {
                    "id": "nPofzd9rP4gPJtZ-_WwsZhBfMVazNlLQjm_WIuSoc-U",
                    "resolutions": [
                        {
                            "height": 81,
                            "url": "https://external-preview.redd.it/la1PZmScDmW5QuY5LyUFRoMnady2ENNCmV7cJS_QzGE.jpg?width=108&amp;crop=smart&amp;auto=webp&amp;s=93ebab9f26425d77c84a1251f89a053dcc5b2fd3",
                            "width": 108
                        },
                        {
                            "height": 162,
                            "url": "https://external-preview.redd.it/la1PZmScDmW5QuY5LyUFRoMnady2ENNCmV7cJS_QzGE.jpg?width=216&amp;crop=smart&amp;auto=webp&amp;s=077d2f01cfe97cb845504506a03209eded5aa1db",
                            "width": 216
                        },
                        {
                            "height": 240,
                            "url": "https://external-preview.redd.it/la1PZmScDmW5QuY5LyUFRoMnady2ENNCmV7cJS_QzGE.jpg?width=320&amp;crop=smart&amp;auto=webp&amp;s=413c88a1bf3119c93bbc9fe76b46725cf2dbc15e",
                            "width": 320
                        },
                        {
                            "height": 480,
                            "url": "https://external-preview.redd.it/la1PZmScDmW5QuY5LyUFRoMnady2ENNCmV7cJS_QzGE.jpg?width=640&amp;crop=smart&amp;auto=webp&amp;s=db214079909c7d2b7ce07eb5abaed6d23be38927",
                            "width": 640
                        },
                        {
                            "height": 720,
                            "url": "https://external-preview.redd.it/la1PZmScDmW5QuY5LyUFRoMnady2ENNCmV7cJS_QzGE.jpg?width=960&amp;crop=smart&amp;auto=webp&amp;s=a8a37726954c0220cab22c48394b6e40de4d5949",
                            "width": 960
                        },
                        {
                            "height": 810,
                            "url": "https://external-preview.redd.it/la1PZmScDmW5QuY5LyUFRoMnady2ENNCmV7cJS_QzGE.jpg?width=1080&amp;crop=smart&amp;auto=webp&amp;s=1d7308df0d05123ee134f47b76f5840f91828b91",
                            "width": 1080
                        }
                    ],
                    "source": {
                        "height": 836,
                        "url": "https://external-preview.redd.it/la1PZmScDmW5QuY5LyUFRoMnady2ENNCmV7cJS_QzGE.jpg?auto=webp&amp;s=18ad57eac6c8c0238aa05e8b7d8f01b81bc51f6a",
                        "width": 1114
                    },
                    "variants": {}
                }
            ]
        },
        "pwls": 6,
        "retrieved_on": 1593838749,
        "score": 10,
        "selftext": "",
        "send_replies": true,
        "spoiler": false,
        "stickied": false,
        "subreddit": "Coronavirus",
        "subreddit_id": "t5_2x4yx",
        "subreddit_subscribers": 2174752,
        "subreddit_type": "public",
        "suggested_sort": "confidence",
        "thumbnail": "https://b.thumbs.redditmedia.com/eIcRekU_IgR7Btw10CxtvN-VX0oDU8dsB6ehgDLu71M.jpg",
        "thumbnail_height": 105,
        "thumbnail_width": 140,
        "title": "EU approves coronavirus drug for use after US bulk buys world's entire supply",
        "total_awards_received": 0,
        "treatment_tags": [],
        "upvote_ratio": 0.87,
        "url": "https://www.independent.co.uk/news/world/europe/remdesivir-coronavirus-drug-treatment-eu-us-supply-a9599661.html?utm_medium=Social&amp;utm_source=Facebook#Echobox=1593774487",
        "url_overridden_by_dest": "https://www.independent.co.uk/news/world/europe/remdesivir-coronavirus-drug-treatment-eu-us-supply-a9599661.html?utm_medium=Social&amp;utm_source=Facebook#Echobox=1593774487",
        "whitelist_status": "all_ads",
        "wls": 6
    }
]