[
    {
        "all_awardings": [],
        "allow_live_comments": false,
        "author": "Strategory",
        "author_flair_css_class": null,
        "author_flair_richtext": [],
        "author_flair_text": null,
        "author_flair_type": "text",
        "author_fullname": "t2_r571e",
        "author_patreon_flair": false,
        "author_premium": false,
        "awarders": [],
        "can_mod_post": false,
        "contest_mode": false,
        "created_utc": "2020-06-23 15:18:56",
        "domain": "theatlantic.com",
        "full_link": "https://www.reddit.com/r/Coronavirus/comments/hegh8t/the_second_great_depression/",
        "gildings": {},
        "id": "hegh8t",
        "is_crosspostable": false,
        "is_meta": false,
        "is_original_content": false,
        "is_reddit_media_domain": false,
        "is_robot_indexable": false,
        "is_self": false,
        "is_video": false,
        "link_flair_background_color": "#ea0027",
        "link_flair_css_class": "rm infoquality",
        "link_flair_richtext": [],
        "link_flair_template_id": "2ac9e9e2-67cd-11ea-b6ae-0e214693e803",
        "link_flair_text": "Removed - Rule 5: Keep information quality high",
        "link_flair_text_color": "dark",
        "link_flair_type": "text",
        "locked": false,
        "media_only": false,
        "no_follow": true,
        "num_comments": 1,
        "num_crossposts": 0,
        "over_18": false,
        "parent_whitelist_status": "all_ads",
        "permalink": "/r/Coronavirus/comments/hegh8t/the_second_great_depression/",
        "pinned": false,
        "post_hint": "link",
        "preview": {
            "enabled": false,
            "images": [
                {
                    "id": "Vj57MKDvzVwLvkRdkKMD1iNH1FtsneeUv1GnHcdJJxA",
                    "resolutions": [
                        {
                            "height": 56,
                            "url": "https://external-preview.redd.it/qz2n8iyhOKRIdwmGySua1P2sejt-SA22jZxljuJXHl4.jpg?width=108&amp;crop=smart&amp;auto=webp&amp;s=ec96ee40e3ce60e3fb9bddc79efb26ebd5b4a117",
                            "width": 108
                        },
                        {
                            "height": 112,
                            "url": "https://external-preview.redd.it/qz2n8iyhOKRIdwmGySua1P2sejt-SA22jZxljuJXHl4.jpg?width=216&amp;crop=smart&amp;auto=webp&amp;s=8774f13defc37bce5a8103fdd117c766ca968737",
                            "width": 216
                        },
                        {
                            "height": 166,
                            "url": "https://external-preview.redd.it/qz2n8iyhOKRIdwmGySua1P2sejt-SA22jZxljuJXHl4.jpg?width=320&amp;crop=smart&amp;auto=webp&amp;s=c31565b5ab995b5fa4c4936ce2fa30d2b2290c44",
                            "width": 320
                        },
                        {
                            "height": 333,
                            "url": "https://external-preview.redd.it/qz2n8iyhOKRIdwmGySua1P2sejt-SA22jZxljuJXHl4.jpg?width=640&amp;crop=smart&amp;auto=webp&amp;s=3eaac51ece69cfc5b54aa216d0f5d1b903914450",
                            "width": 640
                        },
                        {
                            "height": 500,
                            "url": "https://external-preview.redd.it/qz2n8iyhOKRIdwmGySua1P2sejt-SA22jZxljuJXHl4.jpg?width=960&amp;crop=smart&amp;auto=webp&amp;s=a9cbccaac216a7b7a6413f9abad569bd77d9f68c",
                            "width": 960
                        }
                    ],
                    "source": {
                        "height": 500,
                        "url": "https://external-preview.redd.it/qz2n8iyhOKRIdwmGySua1P2sejt-SA22jZxljuJXHl4.jpg?auto=webp&amp;s=f443b107da15f19956f90e5d902b882fdee1c2bb",
                        "width": 960
                    },
                    "variants": {}
                }
            ]
        },
        "pwls": 6,
        "removed_by_category": "moderator",
        "retrieved_on": 1592930122,
        "score": 1,
        "selftext": "",
        "send_replies": true,
        "spoiler": false,
        "stickied": false,
        "subreddit": "Coronavirus",
        "subreddit_id": "t5_2x4yx",
        "subreddit_subscribers": 2148056,
        "subreddit_type": "public",
        "suggested_sort": "confidence",
        "thumbnail": "https://b.thumbs.redditmedia.com/LRrBrV4STZKNAeC3F7Rds_uE5z3FHeP9Igy3BN7XZtE.jpg",
        "thumbnail_height": 72,
        "thumbnail_width": 140,
        "title": "The Second Great Depression",
        "total_awards_received": 0,
        "treatment_tags": [],
        "upvote_ratio": 1.0,
        "url": "https://www.theatlantic.com/ideas/archive/2020/06/second-great-depression/613360/",
        "whitelist_status": "all_ads",
        "wls": 6
    },
    {
        "all_awardings": [],
        "allow_live_comments": false,
        "author": "[deleted]",
        "author_flair_background_color": "",
        "author_flair_css_class": null,
        "author_flair_text": null,
        "author_flair_text_color": "dark",
        "awarders": [],
        "can_mod_post": false,
        "contest_mode": false,
        "created_utc": "2020-06-16 20:52:10",
        "domain": "abcnews.go.com",
        "full_link": "https://www.reddit.com/r/Coronavirus/comments/hach48/hawaii_grapples_with_great_depressionlevel/",
        "gildings": {},
        "id": "hach48",
        "is_crosspostable": false,
        "is_meta": false,
        "is_original_content": false,
        "is_reddit_media_domain": false,
        "is_robot_indexable": false,
        "is_self": false,
        "is_video": false,
        "link_flair_background_color": "#ff8717",
        "link_flair_richtext": [],
        "link_flair_template_id": "e7643a50-5e48-11ea-8e30-0e05eb9dc901",
        "link_flair_text": "USA",
        "link_flair_text_color": "dark",
        "link_flair_type": "text",
        "locked": false,
        "media_only": false,
        "no_follow": true,
        "num_comments": 0,
        "num_crossposts": 0,
        "over_18": false,
        "parent_whitelist_status": "all_ads",
        "permalink": "/r/Coronavirus/comments/hach48/hawaii_grapples_with_great_depressionlevel/",
        "pinned": false,
        "pwls": 6,
        "removed_by_category": "deleted",
        "retrieved_on": 1592342524,
        "score": 1,
        "selftext": "[deleted]",
        "send_replies": true,
        "spoiler": false,
        "stickied": false,
        "subreddit": "Coronavirus",
        "subreddit_id": "t5_2x4yx",
        "subreddit_subscribers": 2136206,
        "subreddit_type": "public",
        "suggested_sort": "confidence",
        "thumbnail": "default",
        "thumbnail_height": 78,
        "thumbnail_width": 140,
        "title": "Hawaii grapples with Great Depression-level unemployment as tourism plummets",
        "total_awards_received": 0,
        "treatment_tags": [],
        "upvote_ratio": 1.0,
        "url": "https://abcnews.go.com/amp/US/ghost-town-tourism-plummets-coronavirus-hawaii-grapples-great/story?id=70880589",
        "whitelist_status": "all_ads",
        "wls": 6
    },
    {
        "all_awardings": [],
        "allow_live_comments": false,
        "author": "xiaominote5pro",
        "author_flair_css_class": null,
        "author_flair_richtext": [],
        "author_flair_text": null,
        "author_flair_type": "text",
        "author_fullname": "t2_6k5xme4p",
        "author_patreon_flair": false,
        "author_premium": false,
        "awarders": [],
        "can_mod_post": false,
        "contest_mode": false,
        "created_utc": "2020-06-16 13:48:33",
        "domain": "moneycontrol.com",
        "full_link": "https://www.reddit.com/r/Coronavirus/comments/ha4ceh/mental_health_series_part1_sushant_singh_rajputs/",
        "gildings": {},
        "id": "ha4ceh",
        "is_crosspostable": false,
        "is_meta": false,
        "is_original_content": false,
        "is_reddit_media_domain": false,
        "is_robot_indexable": false,
        "is_self": false,
        "is_video": false,
        "link_flair_background_color": "#46d160",
        "link_flair_richtext": [],
        "link_flair_template_id": "8967475c-5e49-11ea-bb7d-0e69024792b3",
        "link_flair_text": "Good News",
        "link_flair_text_color": "dark",
        "link_flair_type": "text",
        "locked": false,
        "media_only": false,
        "no_follow": true,
        "num_comments": 0,
        "num_crossposts": 0,
        "over_18": false,
        "parent_whitelist_status": "all_ads",
        "permalink": "/r/Coronavirus/comments/ha4ceh/mental_health_series_part1_sushant_singh_rajputs/",
        "pinned": false,
        "post_hint": "link",
        "preview": {
            "enabled": false,
            "images": [
                {
                    "id": "iMHTagJ3xZyLbJhECNeS9gCQUsRM2JfabH8HUOQg2OY",
                    "resolutions": [
                        {
                            "height": 60,
                            "url": "https://external-preview.redd.it/eMdkHwmqBhzRFSoRV-r-OGl_L0v9WM4nObrzunPK1wg.jpg?width=108&amp;crop=smart&amp;auto=webp&amp;s=990a5f46d3d5c0439b589670c1203fb8ff8b0858",
                            "width": 108
                        },
                        {
                            "height": 121,
                            "url": "https://external-preview.redd.it/eMdkHwmqBhzRFSoRV-r-OGl_L0v9WM4nObrzunPK1wg.jpg?width=216&amp;crop=smart&amp;auto=webp&amp;s=3ec6db7095dc94533a78d66a4122b61004575676",
                            "width": 216
                        },
                        {
                            "height": 179,
                            "url": "https://external-preview.redd.it/eMdkHwmqBhzRFSoRV-r-OGl_L0v9WM4nObrzunPK1wg.jpg?width=320&amp;crop=smart&amp;auto=webp&amp;s=e0fdbe3ccb2f02e54295fdfd6c8b458333021850",
                            "width": 320
                        },
                        {
                            "height": 359,
                            "url": "https://external-preview.redd.it/eMdkHwmqBhzRFSoRV-r-OGl_L0v9WM4nObrzunPK1wg.jpg?width=640&amp;crop=smart&amp;auto=webp&amp;s=b230f0e48bbec6f4f0043eedb24588c8cb9c2c48",
                            "width": 640
                        }
                    ],
                    "source": {
                        "height": 433,
                        "url": "https://external-preview.redd.it/eMdkHwmqBhzRFSoRV-r-OGl_L0v9WM4nObrzunPK1wg.jpg?auto=webp&amp;s=0c693748b4b5c4f75346b9d88ab3bc40bbd8c353",
                        "width": 770
                    },
                    "variants": {}
                }
            ]
        },
        "pwls": 6,
        "removed_by_category": "reddit",
        "retrieved_on": 1592315689,
        "score": 1,
        "selftext": "",
        "send_replies": true,
        "spoiler": false,
        "stickied": false,
        "subreddit": "Coronavirus",
        "subreddit_id": "t5_2x4yx",
        "subreddit_subscribers": 2135573,
        "subreddit_type": "public",
        "suggested_sort": "confidence",
        "thumbnail": "https://b.thumbs.redditmedia.com/tx9QhAs5Mnt6AS7tHNbEGduY9FzkxDP5__EyLZ_riqY.jpg",
        "thumbnail_height": 78,
        "thumbnail_width": 140,
        "title": "Mental health series Part-1 | Sushant Singh Rajput\u2019s death: Depression and role of COVID-19 in increasing psychological problems",
        "total_awards_received": 0,
        "treatment_tags": [],
        "upvote_ratio": 1.0,
        "url": "https://www.moneycontrol.com/news/coronavirus/mental-health-series-part-1-sushant-singh-rajputs-death-and-role-of-covid-19-in-increasing-psychological-problems-5411091.html",
        "whitelist_status": "all_ads",
        "wls": 6
    },
    {
        "all_awardings": [],
        "allow_live_comments": false,
        "author": "factfind",
        "author_flair_css_class": null,
        "author_flair_richtext": [],
        "author_flair_text": null,
        "author_flair_type": "text",
        "author_fullname": "t2_nc5hw",
        "author_patreon_flair": false,
        "author_premium": false,
        "awarders": [],
        "can_mod_post": false,
        "contest_mode": false,
        "created_utc": "2020-06-14 09:44:08",
        "domain": "abcnews.go.com",
        "full_link": "https://www.reddit.com/r/Coronavirus/comments/h8qv3v/abc_news_hawaii_grapples_with_great/",
        "gildings": {},
        "id": "h8qv3v",
        "is_crosspostable": true,
        "is_meta": false,
        "is_original_content": false,
        "is_reddit_media_domain": false,
        "is_robot_indexable": true,
        "is_self": false,
        "is_video": false,
        "link_flair_background_color": "#ff8717",
        "link_flair_richtext": [],
        "link_flair_template_id": "e7643a50-5e48-11ea-8e30-0e05eb9dc901",
        "link_flair_text": "USA",
        "link_flair_text_color": "dark",
        "link_flair_type": "text",
        "locked": false,
        "media_only": false,
        "no_follow": true,
        "num_comments": 170,
        "num_crossposts": 0,
        "over_18": false,
        "parent_whitelist_status": "all_ads",
        "permalink": "/r/Coronavirus/comments/h8qv3v/abc_news_hawaii_grapples_with_great/",
        "pinned": false,
        "post_hint": "link",
        "preview": {
            "enabled": false,
            "images": [
                {
                    "id": "287I7OWvVOSbSa7hOOQuTDT0Bh2RPIaVKoO9BmEIq1o",
                    "resolutions": [
                        {
                            "height": 60,
                            "url": "https://external-preview.redd.it/BzN7VSAvZ_eeCtlWKck50HOuciSabsv6DchBOfoxwP0.jpg?width=108&amp;crop=smart&amp;auto=webp&amp;s=4dda508d5b8b97550b1a1b3c9b8c2e32e2c2be0b",
                            "width": 108
                        },
                        {
                            "height": 121,
                            "url": "https://external-preview.redd.it/BzN7VSAvZ_eeCtlWKck50HOuciSabsv6DchBOfoxwP0.jpg?width=216&amp;crop=smart&amp;auto=webp&amp;s=7188e40d08c6c0774c40769d33526bb98f3ca193",
                            "width": 216
                        },
                        {
                            "height": 180,
                            "url": "https://external-preview.redd.it/BzN7VSAvZ_eeCtlWKck50HOuciSabsv6DchBOfoxwP0.jpg?width=320&amp;crop=smart&amp;auto=webp&amp;s=528706efc5a1abdf186ccf2a036ab1a9d7ae7b1a",
                            "width": 320
                        },
                        {
                            "height": 360,
                            "url": "https://external-preview.redd.it/BzN7VSAvZ_eeCtlWKck50HOuciSabsv6DchBOfoxwP0.jpg?width=640&amp;crop=smart&amp;auto=webp&amp;s=c76039d3e5f51ca178c60ae8cbdb5d970c479693",
                            "width": 640
                        },
                        {
                            "height": 540,
                            "url": "https://external-preview.redd.it/BzN7VSAvZ_eeCtlWKck50HOuciSabsv6DchBOfoxwP0.jpg?width=960&amp;crop=smart&amp;auto=webp&amp;s=477042e8f706159eb67c5ae365d45545e31094a5",
                            "width": 960
                        }
                    ],
                    "source": {
                        "height": 558,
                        "url": "https://external-preview.redd.it/BzN7VSAvZ_eeCtlWKck50HOuciSabsv6DchBOfoxwP0.jpg?auto=webp&amp;s=1348eb804f63a717a3941dd17a3df5b1fb889116",
                        "width": 992
                    },
                    "variants": {}
                }
            ]
        },
        "pwls": 6,
        "retrieved_on": 1592127849,
        "score": 1,
        "selftext": "",
        "send_replies": true,
        "spoiler": false,
        "stickied": false,
        "subreddit": "Coronavirus",
        "subreddit_id": "t5_2x4yx",
        "subreddit_subscribers": 2131529,
        "subreddit_type": "public",
        "suggested_sort": "confidence",
        "thumbnail": "https://b.thumbs.redditmedia.com/2svw-IsrCaFzhcN65NrB2N3WskDL28yW2RoMxGZHN2A.jpg",
        "thumbnail_height": 78,
        "thumbnail_width": 140,
        "title": "ABC News: Hawaii grapples with Great Depression-level unemployment as tourism plummets because of the COVID-19 pandemic. One town has 35% unemployment, higher than the peak of the Great Depression.",
        "total_awards_received": 0,
        "treatment_tags": [],
        "upvote_ratio": 1.0,
        "url": "https://abcnews.go.com/US/ghost-town-tourism-plummets-coronavirus-hawaii-grapples-great/story?id=70880589",
        "whitelist_status": "all_ads",
        "wls": 6
    },
    {
        "all_awardings": [],
        "allow_live_comments": false,
        "author": "gtuli",
        "author_flair_css_class": null,
        "author_flair_richtext": [],
        "author_flair_text": null,
        "author_flair_type": "text",
        "author_fullname": "t2_darss",
        "author_patreon_flair": false,
        "author_premium": false,
        "awarders": [],
        "can_mod_post": false,
        "contest_mode": false,
        "created_utc": "2020-06-11 13:15:03",
        "domain": "covidstates.org",
        "full_link": "https://www.reddit.com/r/Coronavirus/comments/h0z3m6/a_50state_covid19_survey_by_harvard_northeastern/",
        "gildings": {},
        "id": "h0z3m6",
        "is_crosspostable": false,
        "is_meta": false,
        "is_original_content": false,
        "is_reddit_media_domain": false,
        "is_robot_indexable": false,
        "is_self": false,
        "is_video": false,
        "link_flair_background_color": "#ff8717",
        "link_flair_richtext": [],
        "link_flair_template_id": "e7643a50-5e48-11ea-8e30-0e05eb9dc901",
        "link_flair_text": "USA",
        "link_flair_text_color": "dark",
        "link_flair_type": "text",
        "locked": false,
        "media_only": false,
        "no_follow": true,
        "num_comments": 0,
        "num_crossposts": 0,
        "over_18": false,
        "parent_whitelist_status": "all_ads",
        "permalink": "/r/Coronavirus/comments/h0z3m6/a_50state_covid19_survey_by_harvard_northeastern/",
        "pinned": false,
        "pwls": 6,
        "removed_by_category": "moderator",
        "retrieved_on": 1591970259,
        "score": 1,
        "selftext": "",
        "send_replies": true,
        "spoiler": false,
        "stickied": false,
        "subreddit": "Coronavirus",
        "subreddit_id": "t5_2x4yx",
        "subreddit_subscribers": 2128518,
        "subreddit_type": "public",
        "suggested_sort": "confidence",
        "thumbnail": "default",
        "thumbnail_height": 78,
        "thumbnail_width": 140,
        "title": "A 50-STATE COVID-19 SURVEY by Harvard, Northeastern, Rutgers, and Northwestern. Explored partisan and state-level differences in: attitudes towards reopening economy, adherence to health guidelines, going-to-work concerns, depression symptoms. State-level representative quotas for demographic.",
        "total_awards_received": 0,
        "treatment_tags": [],
        "upvote_ratio": 1.0,
        "url": "https://covidstates.org/charts-1",
        "whitelist_status": "all_ads",
        "wls": 6
    },
    {
        "all_awardings": [],
        "allow_live_comments": false,
        "author": "Creherald",
        "author_flair_css_class": null,
        "author_flair_richtext": [],
        "author_flair_text": null,
        "author_flair_type": "text",
        "author_fullname": "t2_3738ole1",
        "author_patreon_flair": false,
        "author_premium": false,
        "awarders": [],
        "can_mod_post": false,
        "contest_mode": false,
        "created_utc": "2020-06-04 15:41:02",
        "domain": "creherald.com",
        "full_link": "https://www.reddit.com/r/Coronavirus/comments/gwjuxt/moodys_analytics_forecast_resurgence_of_covid19/",
        "gildings": {},
        "id": "gwjuxt",
        "is_crosspostable": false,
        "is_meta": false,
        "is_original_content": false,
        "is_reddit_media_domain": false,
        "is_robot_indexable": false,
        "is_self": false,
        "is_video": false,
        "link_flair_background_color": "#ff8717",
        "link_flair_richtext": [],
        "link_flair_template_id": "e7643a50-5e48-11ea-8e30-0e05eb9dc901",
        "link_flair_text": "USA",
        "link_flair_text_color": "dark",
        "link_flair_type": "text",
        "locked": false,
        "media_only": false,
        "no_follow": true,
        "num_comments": 0,
        "num_crossposts": 0,
        "over_18": false,
        "parent_whitelist_status": "all_ads",
        "permalink": "/r/Coronavirus/comments/gwjuxt/moodys_analytics_forecast_resurgence_of_covid19/",
        "pinned": false,
        "post_hint": "link",
        "preview": {
            "enabled": false,
            "images": [
                {
                    "id": "JpL97v4YXgPg09NGQSjKd1VvsujLfTcUoKnaK7jPf88",
                    "resolutions": [
                        {
                            "height": 76,
                            "url": "https://external-preview.redd.it/OgTTJemgWydywsWfK7r-h28FkPqFz4b6cyoO5SeYD9c.jpg?width=108&amp;crop=smart&amp;auto=webp&amp;s=b1acd73047bca75d400490543383cca0cbf35006",
                            "width": 108
                        },
                        {
                            "height": 152,
                            "url": "https://external-preview.redd.it/OgTTJemgWydywsWfK7r-h28FkPqFz4b6cyoO5SeYD9c.jpg?width=216&amp;crop=smart&amp;auto=webp&amp;s=be427b90d6e533d58dd29f2f14667d9e7ec48f0a",
                            "width": 216
                        },
                        {
                            "height": 226,
                            "url": "https://external-preview.redd.it/OgTTJemgWydywsWfK7r-h28FkPqFz4b6cyoO5SeYD9c.jpg?width=320&amp;crop=smart&amp;auto=webp&amp;s=1ca50c35ea9bb0cec6fd6d9b282360274da37e7c",
                            "width": 320
                        }
                    ],
                    "source": {
                        "height": 389,
                        "url": "https://external-preview.redd.it/OgTTJemgWydywsWfK7r-h28FkPqFz4b6cyoO5SeYD9c.jpg?auto=webp&amp;s=d268c2c1133fc019fb837119be6e66814ec1e386",
                        "width": 550
                    },
                    "variants": {}
                }
            ]
        },
        "pwls": 6,
        "removed_by_category": "reddit",
        "retrieved_on": 1591287233,
        "score": 1,
        "selftext": "",
        "send_replies": true,
        "spoiler": false,
        "stickied": false,
        "subreddit": "Coronavirus",
        "subreddit_id": "t5_2x4yx",
        "subreddit_subscribers": 2114962,
        "subreddit_type": "public",
        "suggested_sort": "confidence",
        "thumbnail": "https://a.thumbs.redditmedia.com/t7RA9t27HvAT8zHE3ANrnvgEnxno9sk-_ZA_zjyEo74.jpg",
        "thumbnail_height": 99,
        "thumbnail_width": 140,
        "title": "Moody\u2019s Analytics Forecast: Resurgence of COVID-19 could cause global economic depression - CRE Herald",
        "total_awards_received": 0,
        "treatment_tags": [],
        "upvote_ratio": 1.0,
        "url": "https://www.creherald.com/moodys-analytics-forecast-resurgence-of-covid-19-could-cause-global-economic-depression/",
        "whitelist_status": "all_ads",
        "wls": 6
    },
    {
        "all_awardings": [],
        "allow_live_comments": false,
        "author": "Faruque62",
        "author_flair_css_class": null,
        "author_flair_richtext": [],
        "author_flair_text": null,
        "author_flair_type": "text",
        "author_fullname": "t2_6weoe06o",
        "author_patreon_flair": false,
        "author_premium": false,
        "awarders": [],
        "can_mod_post": false,
        "contest_mode": false,
        "created_utc": "2020-06-25 04:01:57",
        "domain": "walmartfca.blogspot.com",
        "full_link": "https://www.reddit.com/r/Coronavirus/comments/hffp1n/get_a_5000_walmart_shopping_binge_cards_an_ideal/",
        "gildings": {},
        "id": "hffp1n",
        "is_crosspostable": false,
        "is_meta": false,
        "is_original_content": false,
        "is_reddit_media_domain": false,
        "is_robot_indexable": false,
        "is_self": false,
        "is_video": false,
        "link_flair_background_color": "#ea0027",
        "link_flair_css_class": "rm infoquality",
        "link_flair_richtext": [],
        "link_flair_template_id": "2ac9e9e2-67cd-11ea-b6ae-0e214693e803",
        "link_flair_text": "Removed - Rule 5: Keep information quality high",
        "link_flair_text_color": "dark",
        "link_flair_type": "text",
        "locked": false,
        "media_only": false,
        "no_follow": true,
        "num_comments": 2,
        "num_crossposts": 0,
        "over_18": true,
        "parent_whitelist_status": "all_ads",
        "permalink": "/r/Coronavirus/comments/hffp1n/get_a_5000_walmart_shopping_binge_cards_an_ideal/",
        "pinned": false,
        "post_hint": "link",
        "preview": {
            "enabled": false,
            "images": [
                {
                    "id": "Qh5bP3_aJ0otLqsQjbHBAxVVgpcFg646ZW7wPWsR7Sc",
                    "resolutions": [
                        {
                            "height": 56,
                            "url": "https://external-preview.redd.it/e8BqCa8XY9zm_vgWC2yfMtW0jNPoY_QaM6WKrnYQhiY.jpg?width=108&amp;crop=smart&amp;auto=webp&amp;s=a886dc563735a375baa75f77a2e20146d2f6c8ef",
                            "width": 108
                        }
                    ],
                    "source": {
                        "height": 105,
                        "url": "https://external-preview.redd.it/e8BqCa8XY9zm_vgWC2yfMtW0jNPoY_QaM6WKrnYQhiY.jpg?auto=webp&amp;s=062f3144b2bdc8a0fd2be417e528d679bc4ea1e7",
                        "width": 200
                    },
                    "variants": {
                        "nsfw": {
                            "resolutions": [
                                {
                                    "height": 56,
                                    "url": "https://external-preview.redd.it/e8BqCa8XY9zm_vgWC2yfMtW0jNPoY_QaM6WKrnYQhiY.jpg?width=108&amp;crop=smart&amp;blur=10&amp;format=pjpg&amp;auto=webp&amp;s=0cde60d37bab8efb3f3e017f58ff27403455ca27",
                                    "width": 108
                                }
                            ],
                            "source": {
                                "height": 105,
                                "url": "https://external-preview.redd.it/e8BqCa8XY9zm_vgWC2yfMtW0jNPoY_QaM6WKrnYQhiY.jpg?blur=40&amp;format=pjpg&amp;auto=webp&amp;s=35fb657d48e2cf5db05eb450f67e5d611deeb75b",
                                "width": 200
                            }
                        },
                        "obfuscated": {
                            "resolutions": [
                                {
                                    "height": 56,
                                    "url": "https://external-preview.redd.it/e8BqCa8XY9zm_vgWC2yfMtW0jNPoY_QaM6WKrnYQhiY.jpg?width=108&amp;crop=smart&amp;blur=10&amp;format=pjpg&amp;auto=webp&amp;s=0cde60d37bab8efb3f3e017f58ff27403455ca27",
                                    "width": 108
                                }
                            ],
                            "source": {
                                "height": 105,
                                "url": "https://external-preview.redd.it/e8BqCa8XY9zm_vgWC2yfMtW0jNPoY_QaM6WKrnYQhiY.jpg?blur=40&amp;format=pjpg&amp;auto=webp&amp;s=35fb657d48e2cf5db05eb450f67e5d611deeb75b",
                                "width": 200
                            }
                        }
                    }
                }
            ]
        },
        "pwls": 6,
        "removed_by_category": "moderator",
        "retrieved_on": 1593057719,
        "score": 1,
        "selftext": "",
        "send_replies": true,
        "spoiler": false,
        "stickied": false,
        "subreddit": "Coronavirus",
        "subreddit_id": "t5_2x4yx",
        "subreddit_subscribers": 2151440,
        "subreddit_type": "public",
        "suggested_sort": "confidence",
        "thumbnail": "nsfw",
        "thumbnail_height": 73,
        "thumbnail_width": 140,
        "title": "Get a $5000 Walmart Shopping Binge Cards, An Ideal Giveaway.",
        "total_awards_received": 0,
        "treatment_tags": [],
        "upvote_ratio": 1.0,
        "url": "https://walmartfca.blogspot.com/2020/06/get-5000-walmart-shopping-spree.html",
        "url_overridden_by_dest": "https://walmartfca.blogspot.com/2020/06/get-5000-walmart-shopping-spree.html",
        "whitelist_status": "promo_adult_nsfw",
        "wls": 3
    },
    {
        "all_awardings": [],
        "allow_live_comments": false,
        "author": "lgigi69",
        "author_flair_css_class": null,
        "author_flair_richtext": [],
        "author_flair_text": null,
        "author_flair_type": "text",
        "author_fullname": "t2_2aj0jzkl",
        "author_patreon_flair": false,
        "author_premium": false,
        "awarders": [],
        "can_mod_post": false,
        "contest_mode": false,
        "created_utc": "2020-06-22 18:20:54",
        "domain": "repubblica.it",
        "full_link": "https://www.reddit.com/r/Coronavirus/comments/hdxo3u/china_last_binge_of_dog_meat_the_coronavirus_does/",
        "gildings": {},
        "id": "hdxo3u",
        "is_crosspostable": true,
        "is_meta": false,
        "is_original_content": false,
        "is_reddit_media_domain": false,
        "is_robot_indexable": true,
        "is_self": false,
        "is_video": false,
        "link_flair_background_color": "#dadada",
        "link_flair_richtext": [],
        "link_flair_template_id": "75b62d9a-5e49-11ea-8548-0e8ad1945b69",
        "link_flair_text": "Video/Image",
        "link_flair_text_color": "dark",
        "link_flair_type": "text",
        "locked": false,
        "media_only": false,
        "no_follow": false,
        "num_comments": 28,
        "num_crossposts": 0,
        "over_18": false,
        "parent_whitelist_status": "all_ads",
        "permalink": "/r/Coronavirus/comments/hdxo3u/china_last_binge_of_dog_meat_the_coronavirus_does/",
        "pinned": false,
        "post_hint": "link",
        "preview": {
            "enabled": false,
            "images": [
                {
                    "id": "VIHgZW81ZSpojV3Am4YZwWHWWlWWewxlCEVpH7BhdVE",
                    "resolutions": [
                        {
                            "height": 60,
                            "url": "https://external-preview.redd.it/xqgc61oWw6M_adi9JydnRdUc4Zh4ilshr2pr7ZbMJ44.jpg?width=108&amp;crop=smart&amp;auto=webp&amp;s=a56312fec4e6814539bfe12d72698a28a87c5456",
                            "width": 108
                        },
                        {
                            "height": 121,
                            "url": "https://external-preview.redd.it/xqgc61oWw6M_adi9JydnRdUc4Zh4ilshr2pr7ZbMJ44.jpg?width=216&amp;crop=smart&amp;auto=webp&amp;s=c0a1668fe6919318c541888053d955801c06a82c",
                            "width": 216
                        },
                        {
                            "height": 180,
                            "url": "https://external-preview.redd.it/xqgc61oWw6M_adi9JydnRdUc4Zh4ilshr2pr7ZbMJ44.jpg?width=320&amp;crop=smart&amp;auto=webp&amp;s=be916f1168256db63af08e451af320d508d3191b",
                            "width": 320
                        },
                        {
                            "height": 360,
                            "url": "https://external-preview.redd.it/xqgc61oWw6M_adi9JydnRdUc4Zh4ilshr2pr7ZbMJ44.jpg?width=640&amp;crop=smart&amp;auto=webp&amp;s=a33401a1cbfcea33343fd1a60810175091f465e5",
                            "width": 640
                        },
                        {
                            "height": 540,
                            "url": "https://external-preview.redd.it/xqgc61oWw6M_adi9JydnRdUc4Zh4ilshr2pr7ZbMJ44.jpg?width=960&amp;crop=smart&amp;auto=webp&amp;s=c41207ee48c6d5e9257a11df96f6230d06c8ce12",
                            "width": 960
                        },
                        {
                            "height": 607,
                            "url": "https://external-preview.redd.it/xqgc61oWw6M_adi9JydnRdUc4Zh4ilshr2pr7ZbMJ44.jpg?width=1080&amp;crop=smart&amp;auto=webp&amp;s=66717ed4dfc5707b02101383f61ba96e6838bc86",
                            "width": 1080
                        }
                    ],
                    "source": {
                        "height": 675,
                        "url": "https://external-preview.redd.it/xqgc61oWw6M_adi9JydnRdUc4Zh4ilshr2pr7ZbMJ44.jpg?auto=webp&amp;s=fde551d977fe9062be212fbfbddc8da397ff333c",
                        "width": 1200
                    },
                    "variants": {}
                }
            ]
        },
        "pwls": 6,
        "retrieved_on": 1592857719,
        "score": 3,
        "selftext": "",
        "send_replies": true,
        "spoiler": false,
        "stickied": false,
        "subreddit": "Coronavirus",
        "subreddit_id": "t5_2x4yx",
        "subreddit_subscribers": 2146460,
        "subreddit_type": "public",
        "suggested_sort": "confidence",
        "thumbnail": "https://b.thumbs.redditmedia.com/8soqVo27l-5WsxBO776cR0HwaPAbyW1mKNfARXB5VAw.jpg",
        "thumbnail_height": 78,
        "thumbnail_width": 140,
        "title": "China, last binge of dog meat: the coronavirus does not stop the Yulin festival",
        "total_awards_received": 0,
        "treatment_tags": [],
        "upvote_ratio": 0.58,
        "url": "https://www.repubblica.it/esteri/2020/06/22/news/coronavirus_cina_festival_carne_cane_yulin-259882249/",
        "whitelist_status": "all_ads",
        "wls": 6
    },
    {
        "all_awardings": [],
        "allow_live_comments": false,
        "author": "[deleted]",
        "author_flair_background_color": "",
        "author_flair_css_class": null,
        "author_flair_text": null,
        "author_flair_text_color": "dark",
        "awarders": [],
        "can_mod_post": false,
        "contest_mode": false,
        "created_utc": "2020-06-20 16:16:33",
        "domain": "huffpost.com",
        "full_link": "https://www.reddit.com/r/Coronavirus/comments/hcoxkh/the_coronavirus_pandemic_doesnt_care_that_were/",
        "gildings": {},
        "id": "hcoxkh",
        "is_crosspostable": false,
        "is_meta": false,
        "is_original_content": false,
        "is_reddit_media_domain": false,
        "is_robot_indexable": false,
        "is_self": false,
        "is_video": false,
        "link_flair_background_color": "#ea0027",
        "link_flair_css_class": "rm infoquality",
        "link_flair_richtext": [],
        "link_flair_template_id": "2ac9e9e2-67cd-11ea-b6ae-0e214693e803",
        "link_flair_text": "Removed - Rule 5: Keep information quality high",
        "link_flair_text_color": "dark",
        "link_flair_type": "text",
        "locked": false,
        "media_only": false,
        "no_follow": true,
        "num_comments": 1,
        "num_crossposts": 0,
        "over_18": false,
        "parent_whitelist_status": "all_ads",
        "permalink": "/r/Coronavirus/comments/hcoxkh/the_coronavirus_pandemic_doesnt_care_that_were/",
        "pinned": false,
        "pwls": 6,
        "removed_by_category": "deleted",
        "retrieved_on": 1592674173,
        "score": 1,
        "selftext": "[deleted]",
        "send_replies": true,
        "spoiler": false,
        "stickied": false,
        "subreddit": "Coronavirus",
        "subreddit_id": "t5_2x4yx",
        "subreddit_subscribers": 2142510,
        "subreddit_type": "public",
        "suggested_sort": "confidence",
        "thumbnail": "default",
        "thumbnail_height": 78,
        "thumbnail_width": 140,
        "title": "The Coronavirus Pandemic Doesn't Care That We're All Bored With It",
        "total_awards_received": 0,
        "treatment_tags": [],
        "upvote_ratio": 1.0,
        "url": "https://www.huffpost.com/entry/the-coronavirus-doesnt-care-that-were-bored_n_5eebbc0dc5b6d9234ce7b1b7",
        "whitelist_status": "all_ads",
        "wls": 6
    },
    {
        "all_awardings": [],
        "allow_live_comments": false,
        "author": "burgersandfries575",
        "author_flair_css_class": null,
        "author_flair_richtext": [],
        "author_flair_text": null,
        "author_flair_type": "text",
        "author_fullname": "t2_6if2jxnz",
        "author_patreon_flair": false,
        "author_premium": false,
        "awarders": [],
        "can_mod_post": false,
        "contest_mode": false,
        "created_utc": "2020-06-06 03:01:53",
        "domain": "/r/Coronavirus/comments/gxj2pf/if_youre_bored_in_quarantine_watch_this/",
        "full_link": "https://www.reddit.com/r/Coronavirus/comments/gxj2pf/if_youre_bored_in_quarantine_watch_this/",
        "gildings": {},
        "id": "gxj2pf",
        "is_crosspostable": true,
        "is_meta": false,
        "is_original_content": false,
        "is_reddit_media_domain": false,
        "is_robot_indexable": true,
        "is_self": false,
        "is_video": true,
        "link_flair_background_color": "#dadada",
        "link_flair_richtext": [],
        "link_flair_template_id": "75b62d9a-5e49-11ea-8548-0e8ad1945b69",
        "link_flair_text": "Video/Image",
        "link_flair_text_color": "dark",
        "link_flair_type": "text",
        "locked": false,
        "media_only": false,
        "no_follow": true,
        "num_comments": 0,
        "num_crossposts": 0,
        "over_18": false,
        "parent_whitelist_status": "all_ads",
        "permalink": "/r/Coronavirus/comments/gxj2pf/if_youre_bored_in_quarantine_watch_this/",
        "pinned": false,
        "post_hint": "hosted:video",
        "preview": {
            "enabled": false,
            "images": [
                {
                    "id": "ntThRJHq67MwAChvcH7D6g4fBKhFswMS-XQrXRswPHY",
                    "resolutions": [
                        {
                            "height": 192,
                            "url": "https://external-preview.redd.it/BWnPF04TikjrjwKKwNLlcOmvr5iNsZh9vm08hWNokUE.png?width=108&amp;crop=smart&amp;format=pjpg&amp;auto=webp&amp;s=7b0ad4c0fdd4a82811ff65d2e175907d5aab2a01",
                            "width": 108
                        },
                        {
                            "height": 384,
                            "url": "https://external-preview.redd.it/BWnPF04TikjrjwKKwNLlcOmvr5iNsZh9vm08hWNokUE.png?width=216&amp;crop=smart&amp;format=pjpg&amp;auto=webp&amp;s=423daff3187396c3f45ac124257c1fdc55bd48da",
                            "width": 216
                        },
                        {
                            "height": 568,
                            "url": "https://external-preview.redd.it/BWnPF04TikjrjwKKwNLlcOmvr5iNsZh9vm08hWNokUE.png?width=320&amp;crop=smart&amp;format=pjpg&amp;auto=webp&amp;s=beddeadd6af661b46e1e117e2d5fcb6b32ee4503",
                            "width": 320
                        }
                    ],
                    "source": {
                        "height": 1024,
                        "url": "https://external-preview.redd.it/BWnPF04TikjrjwKKwNLlcOmvr5iNsZh9vm08hWNokUE.png?format=pjpg&amp;auto=webp&amp;s=5b4411b83268b97e418eec1dfdd8f523466ac0f9",
                        "width": 576
                    },
                    "variants": {}
                }
            ]
        },
        "pwls": 6,
        "retrieved_on": 1591412515,
        "score": 1,
        "selftext": "",
        "send_replies": true,
        "spoiler": false,
        "stickied": false,
        "subreddit": "Coronavirus",
        "subreddit_id": "t5_2x4yx",
        "subreddit_subscribers": 2116661,
        "subreddit_type": "public",
        "suggested_sort": "confidence",
        "thumbnail": "https://b.thumbs.redditmedia.com/4BTWWLL_Cduh_nDal41xmQi20cPSwlniQSB6KwD7BGU.jpg",
        "thumbnail_height": 140,
        "thumbnail_width": 140,
        "title": "If you\u2019re bored in quarantine watch this.",
        "total_awards_received": 0,
        "treatment_tags": [],
        "upvote_ratio": 1.0,
        "url": "https://v.redd.it/wumzbsfvg7351",
        "whitelist_status": "all_ads",
        "wls": 6
    },
    {
        "all_awardings": [],
        "allow_live_comments": false,
        "author": "luidq",
        "author_flair_css_class": null,
        "author_flair_richtext": [],
        "author_flair_text": null,
        "author_flair_type": "text",
        "author_fullname": "t2_6mwhwbnb",
        "author_patreon_flair": false,
        "author_premium": false,
        "awarders": [],
        "can_mod_post": false,
        "contest_mode": false,
        "created_utc": "2020-06-01 05:37:10",
        "domain": "youtu.be",
        "full_link": "https://www.reddit.com/r/Coronavirus/comments/guer55/made_a_new_song_cus_im_bored_out_of_my_mind/",
        "gildings": {},
        "id": "guer55",
        "is_crosspostable": true,
        "is_meta": false,
        "is_original_content": false,
        "is_reddit_media_domain": false,
        "is_robot_indexable": true,
        "is_self": false,
        "is_video": false,
        "link_flair_background_color": "#0dd3bb",
        "link_flair_richtext": [],
        "link_flair_template_id": "ca99103a-5e48-11ea-861e-0e14b931d16d",
        "link_flair_text": "World",
        "link_flair_text_color": "dark",
        "link_flair_type": "text",
        "locked": false,
        "media": {
            "oembed": {
                "author_name": "Luidq",
                "author_url": "https://www.youtube.com/channel/UCjs6WuqjQnJKRw89UPLeUyQ",
                "height": 338,
                "html": "&lt;iframe width=\"600\" height=\"338\" src=\"https://www.youtube.com/embed/4R4zmU7PwLY?feature=oembed&amp;enablejsapi=1\" frameborder=\"0\" allow=\"accelerometer; autoplay; encrypted-media; gyroscope; picture-in-picture\" allowfullscreen&gt;&lt;/iframe&gt;",
                "provider_name": "YouTube",
                "provider_url": "https://www.youtube.com/",
                "thumbnail_height": 360,
                "thumbnail_url": "https://i.ytimg.com/vi/4R4zmU7PwLY/hqdefault.jpg",
                "thumbnail_width": 480,
                "title": "Hector - Hecor Mode ft. Bran$ter $mithy (Official Audio)",
                "type": "video",
                "version": "1.0",
                "width": 600
            },
            "type": "youtube.com"
        },
        "media_embed": {
            "content": "&lt;iframe width=\"600\" height=\"338\" src=\"https://www.youtube.com/embed/4R4zmU7PwLY?feature=oembed&amp;enablejsapi=1\" frameborder=\"0\" allow=\"accelerometer; autoplay; encrypted-media; gyroscope; picture-in-picture\" allowfullscreen&gt;&lt;/iframe&gt;",
            "height": 338,
            "scrolling": false,
            "width": 600
        },
        "media_only": false,
        "no_follow": true,
        "num_comments": 1,
        "num_crossposts": 0,
        "over_18": false,
        "parent_whitelist_status": "all_ads",
        "permalink": "/r/Coronavirus/comments/guer55/made_a_new_song_cus_im_bored_out_of_my_mind/",
        "pinned": false,
        "post_hint": "rich:video",
        "preview": {
            "enabled": false,
            "images": [
                {
                    "id": "3KmD9rEK6AvfDMT63K2lyPWzdUoDEnRnwt1UuTBJrrs",
                    "resolutions": [
                        {
                            "height": 81,
                            "url": "https://external-preview.redd.it/CQ57J_kBE_n7AIgWuwsKtJG63mMWk3VgDa-npaHx_xU.jpg?width=108&amp;crop=smart&amp;auto=webp&amp;s=2c2611ee801b6111ec9f5e71327c3668a495a872",
                            "width": 108
                        },
                        {
                            "height": 162,
                            "url": "https://external-preview.redd.it/CQ57J_kBE_n7AIgWuwsKtJG63mMWk3VgDa-npaHx_xU.jpg?width=216&amp;crop=smart&amp;auto=webp&amp;s=4701d5201e400a68f6b368bff836ed0c827e8977",
                            "width": 216
                        },
                        {
                            "height": 240,
                            "url": "https://external-preview.redd.it/CQ57J_kBE_n7AIgWuwsKtJG63mMWk3VgDa-npaHx_xU.jpg?width=320&amp;crop=smart&amp;auto=webp&amp;s=9d62b8a7a25ccf8a45ac3a9cd8d642e25d2730ca",
                            "width": 320
                        }
                    ],
                    "source": {
                        "height": 360,
                        "url": "https://external-preview.redd.it/CQ57J_kBE_n7AIgWuwsKtJG63mMWk3VgDa-npaHx_xU.jpg?auto=webp&amp;s=d61b5bbf7b36a8c21dd181844ed467f5713b3ba8",
                        "width": 480
                    },
                    "variants": {}
                }
            ]
        },
        "pwls": 6,
        "retrieved_on": 1590989831,
        "score": 1,
        "secure_media": {
            "oembed": {
                "author_name": "Luidq",
                "author_url": "https://www.youtube.com/channel/UCjs6WuqjQnJKRw89UPLeUyQ",
                "height": 338,
                "html": "&lt;iframe width=\"600\" height=\"338\" src=\"https://www.youtube.com/embed/4R4zmU7PwLY?feature=oembed&amp;enablejsapi=1\" frameborder=\"0\" allow=\"accelerometer; autoplay; encrypted-media; gyroscope; picture-in-picture\" allowfullscreen&gt;&lt;/iframe&gt;",
                "provider_name": "YouTube",
                "provider_url": "https://www.youtube.com/",
                "thumbnail_height": 360,
                "thumbnail_url": "https://i.ytimg.com/vi/4R4zmU7PwLY/hqdefault.jpg",
                "thumbnail_width": 480,
                "title": "Hector - Hecor Mode ft. Bran$ter $mithy (Official Audio)",
                "type": "video",
                "version": "1.0",
                "width": 600
            },
            "type": "youtube.com"
        },
        "secure_media_embed": {
            "content": "&lt;iframe width=\"600\" height=\"338\" src=\"https://www.youtube.com/embed/4R4zmU7PwLY?feature=oembed&amp;enablejsapi=1\" frameborder=\"0\" allow=\"accelerometer; autoplay; encrypted-media; gyroscope; picture-in-picture\" allowfullscreen&gt;&lt;/iframe&gt;",
            "height": 338,
            "media_domain_url": "https://www.redditmedia.com/mediaembed/guer55",
            "scrolling": false,
            "width": 600
        },
        "selftext": "",
        "send_replies": true,
        "spoiler": false,
        "stickied": false,
        "subreddit": "Coronavirus",
        "subreddit_id": "t5_2x4yx",
        "subreddit_subscribers": 2109946,
        "subreddit_type": "public",
        "suggested_sort": "confidence",
        "thumbnail": "https://b.thumbs.redditmedia.com/ygLVWd-djbtKiZvbF2MYid1ah1cCevuqjz9f0uM1v2U.jpg",
        "thumbnail_height": 105,
        "thumbnail_width": 140,
        "title": "made a new song cus im bored out of my mind thanks to covid-19",
        "total_awards_received": 0,
        "treatment_tags": [],
        "upvote_ratio": 1.0,
        "url": "https://youtu.be/4R4zmU7PwLY",
        "whitelist_status": "all_ads",
        "wls": 6
    },
    {
        "all_awardings": [],
        "allow_live_comments": false,
        "author": "TFayaz",
        "author_flair_css_class": null,
        "author_flair_richtext": [],
        "author_flair_text": null,
        "author_flair_type": "text",
        "author_fullname": "t2_69jht02z",
        "author_patreon_flair": false,
        "author_premium": false,
        "awarders": [],
        "can_mod_post": false,
        "contest_mode": false,
        "created_utc": "2020-06-01 01:45:04",
        "domain": "discord.gg",
        "full_link": "https://www.reddit.com/r/Coronavirus/comments/gublpr/19f_tyfc_uk_based_socialgaming_server_for_people/",
        "gildings": {},
        "id": "gublpr",
        "is_crosspostable": false,
        "is_meta": false,
        "is_original_content": false,
        "is_reddit_media_domain": false,
        "is_robot_indexable": false,
        "is_self": false,
        "is_video": false,
        "link_flair_background_color": "#ea0027",
        "link_flair_css_class": "rm infoquality",
        "link_flair_richtext": [],
        "link_flair_template_id": "2ac9e9e2-67cd-11ea-b6ae-0e214693e803",
        "link_flair_text": "Removed - Rule 5: Keep information quality high",
        "link_flair_text_color": "dark",
        "link_flair_type": "text",
        "locked": false,
        "media_only": false,
        "no_follow": true,
        "num_comments": 1,
        "num_crossposts": 0,
        "over_18": false,
        "parent_whitelist_status": "all_ads",
        "permalink": "/r/Coronavirus/comments/gublpr/19f_tyfc_uk_based_socialgaming_server_for_people/",
        "pinned": false,
        "post_hint": "link",
        "preview": {
            "enabled": false,
            "images": [
                {
                    "id": "FuC1CfcE48s3PPymU8WYZmT4ZtYlXcEsmAYkT96N-ig",
                    "resolutions": [
                        {
                            "height": 60,
                            "url": "https://external-preview.redd.it/T3zVi3XDi2V0bfCa2h_hqPQU_TPB6JwRIaRpfwW5VKw.jpg?width=108&amp;crop=smart&amp;auto=webp&amp;s=6109b03be8111db9c693f5f814352e1bb4a0a571",
                            "width": 108
                        },
                        {
                            "height": 120,
                            "url": "https://external-preview.redd.it/T3zVi3XDi2V0bfCa2h_hqPQU_TPB6JwRIaRpfwW5VKw.jpg?width=216&amp;crop=smart&amp;auto=webp&amp;s=3a0a24d33f1534ee43a75ee9f44e531de6725370",
                            "width": 216
                        }
                    ],
                    "source": {
                        "height": 168,
                        "url": "https://external-preview.redd.it/T3zVi3XDi2V0bfCa2h_hqPQU_TPB6JwRIaRpfwW5VKw.jpg?auto=webp&amp;s=ddb41e1107cde5ccad51709a4ca86c772b7aedc8",
                        "width": 300
                    },
                    "variants": {}
                }
            ]
        },
        "pwls": 6,
        "removed_by_category": "moderator",
        "retrieved_on": 1590980635,
        "score": 1,
        "selftext": "",
        "send_replies": true,
        "spoiler": false,
        "stickied": false,
        "subreddit": "Coronavirus",
        "subreddit_id": "t5_2x4yx",
        "subreddit_subscribers": 2109746,
        "subreddit_type": "public",
        "suggested_sort": "confidence",
        "thumbnail": "https://b.thumbs.redditmedia.com/vkVNWJx_5OyWrFEYW7C1o6Kddm4nYMKebU4VmQlJP9A.jpg",
        "thumbnail_height": 78,
        "thumbnail_width": 140,
        "title": "(19F) TYFC - UK based social/gaming server for people bored in quarantine! We have music, movie nights and in-houses. Join now! [2:41 AM] just for my sanity",
        "total_awards_received": 0,
        "treatment_tags": [],
        "upvote_ratio": 1.0,
        "url": "https://discord.gg/StBXxXM",
        "whitelist_status": "all_ads",
        "wls": 6
    },
    {
        "all_awardings": [],
        "allow_live_comments": false,
        "author": "Producer2804",
        "author_flair_css_class": null,
        "author_flair_richtext": [],
        "author_flair_text": null,
        "author_flair_type": "text",
        "author_fullname": "t2_5frdh1fk",
        "author_patreon_flair": false,
        "author_premium": false,
        "awarders": [],
        "can_mod_post": false,
        "contest_mode": false,
        "created_utc": "2020-06-01 23:54:11",
        "domain": "open.spotify.com",
        "full_link": "https://www.reddit.com/r/Coronavirus/comments/guw53k/my_favorite_playlist_during_the_corona_lockdown/",
        "gildings": {},
        "id": "guw53k",
        "is_crosspostable": false,
        "is_meta": false,
        "is_original_content": false,
        "is_reddit_media_domain": false,
        "is_robot_indexable": false,
        "is_self": false,
        "is_video": false,
        "link_flair_background_color": "#ea0027",
        "link_flair_css_class": "rm infoquality",
        "link_flair_richtext": [],
        "link_flair_template_id": "2ac9e9e2-67cd-11ea-b6ae-0e214693e803",
        "link_flair_text": "Removed - Rule 5: Keep information quality high",
        "link_flair_text_color": "dark",
        "link_flair_type": "text",
        "locked": false,
        "media_only": false,
        "no_follow": true,
        "num_comments": 2,
        "num_crossposts": 0,
        "over_18": false,
        "parent_whitelist_status": "all_ads",
        "permalink": "/r/Coronavirus/comments/guw53k/my_favorite_playlist_during_the_corona_lockdown/",
        "pinned": false,
        "post_hint": "link",
        "preview": {
            "enabled": false,
            "images": [
                {
                    "id": "uj2Npl8ACqFMYQQfsUcXS291EdLdsOplmyXsPdNr6MI",
                    "resolutions": [
                        {
                            "height": 107,
                            "url": "https://external-preview.redd.it/Y7XbgYGbXL5jZmrYA0utZQyvZlxJrxTedTwSgf2txEk.jpg?width=108&amp;crop=smart&amp;auto=webp&amp;s=e07ddb12c8f553e5a703c02a9f6b01f9c8238ae1",
                            "width": 108
                        },
                        {
                            "height": 215,
                            "url": "https://external-preview.redd.it/Y7XbgYGbXL5jZmrYA0utZQyvZlxJrxTedTwSgf2txEk.jpg?width=216&amp;crop=smart&amp;auto=webp&amp;s=a3a2cf5f7ea8d9c4f63438c6e0ef377837d7b347",
                            "width": 216
                        }
                    ],
                    "source": {
                        "height": 299,
                        "url": "https://external-preview.redd.it/Y7XbgYGbXL5jZmrYA0utZQyvZlxJrxTedTwSgf2txEk.jpg?auto=webp&amp;s=a8ddbff6e91c3a899ab58f459f928a7c872cd727",
                        "width": 300
                    },
                    "variants": {}
                }
            ]
        },
        "pwls": 6,
        "removed_by_category": "moderator",
        "retrieved_on": 1591055655,
        "score": 1,
        "selftext": "",
        "send_replies": true,
        "spoiler": false,
        "stickied": false,
        "subreddit": "Coronavirus",
        "subreddit_id": "t5_2x4yx",
        "subreddit_subscribers": 2110975,
        "subreddit_type": "public",
        "suggested_sort": "confidence",
        "thumbnail": "https://b.thumbs.redditmedia.com/66gBzO6rir4JeVzf6rSvbp6HlGa2cSNsunTdw9KW_2g.jpg",
        "thumbnail_height": 139,
        "thumbnail_width": 140,
        "title": "My favorite playlist during the corona lockdown. My advice against boredom \ud83d\ude03",
        "total_awards_received": 0,
        "treatment_tags": [],
        "upvote_ratio": 1.0,
        "url": "https://open.spotify.com/playlist/1IjelnEHVvg008UVRbbSN5?si=EE6fsvvrRDKRH7Y7H0mA4Q",
        "whitelist_status": "all_ads",
        "wls": 6
    },
    {
        "all_awardings": [],
        "allow_live_comments": false,
        "author": "farfulla",
        "author_flair_css_class": null,
        "author_flair_richtext": [],
        "author_flair_text": null,
        "author_flair_type": "text",
        "author_fullname": "t2_6lxmh45o",
        "author_patreon_flair": false,
        "author_premium": false,
        "awarders": [],
        "can_mod_post": false,
        "contest_mode": false,
        "created_utc": "2020-06-01 23:22:02",
        "domain": "thesun.co.uk",
        "full_link": "https://www.reddit.com/r/Coronavirus/comments/guvkhx/boris_johnson_urged_to_ditch_the_bloody_boring/",
        "gildings": {},
        "id": "guvkhx",
        "is_crosspostable": false,
        "is_meta": false,
        "is_original_content": false,
        "is_reddit_media_domain": false,
        "is_robot_indexable": false,
        "is_self": false,
        "is_video": false,
        "link_flair_background_color": "#ea0027",
        "link_flair_css_class": "rm infoquality",
        "link_flair_richtext": [],
        "link_flair_template_id": "2ac9e9e2-67cd-11ea-b6ae-0e214693e803",
        "link_flair_text": "Removed - Rule 5: Keep information quality high",
        "link_flair_text_color": "dark",
        "link_flair_type": "text",
        "locked": false,
        "media_only": false,
        "no_follow": true,
        "num_comments": 2,
        "num_crossposts": 0,
        "over_18": false,
        "parent_whitelist_status": "all_ads",
        "permalink": "/r/Coronavirus/comments/guvkhx/boris_johnson_urged_to_ditch_the_bloody_boring/",
        "pinned": false,
        "post_hint": "link",
        "preview": {
            "enabled": false,
            "images": [
                {
                    "id": "q6d9RbLcw2iT27dflAhQux4rjNMfjB7CLuIZoSGS6Ys",
                    "resolutions": [
                        {
                            "height": 72,
                            "url": "https://external-preview.redd.it/0VqXLfos8FqpmpL4BJJgWQlHzCiYxmda_y5pDGpuvCg.jpg?width=108&amp;crop=smart&amp;auto=webp&amp;s=857ae7877247207ceb922f395c6460b24efae0c6",
                            "width": 108
                        },
                        {
                            "height": 144,
                            "url": "https://external-preview.redd.it/0VqXLfos8FqpmpL4BJJgWQlHzCiYxmda_y5pDGpuvCg.jpg?width=216&amp;crop=smart&amp;auto=webp&amp;s=b2edd5c200c0a4862dbdd23a0d77266749cce0f3",
                            "width": 216
                        },
                        {
                            "height": 213,
                            "url": "https://external-preview.redd.it/0VqXLfos8FqpmpL4BJJgWQlHzCiYxmda_y5pDGpuvCg.jpg?width=320&amp;crop=smart&amp;auto=webp&amp;s=6520ecd4ae55cc401c5d15a2e9f65e2b36d497e9",
                            "width": 320
                        },
                        {
                            "height": 426,
                            "url": "https://external-preview.redd.it/0VqXLfos8FqpmpL4BJJgWQlHzCiYxmda_y5pDGpuvCg.jpg?width=640&amp;crop=smart&amp;auto=webp&amp;s=d1c8124aa4281d48e7eda5f2f77ffb69b0e16925",
                            "width": 640
                        },
                        {
                            "height": 640,
                            "url": "https://external-preview.redd.it/0VqXLfos8FqpmpL4BJJgWQlHzCiYxmda_y5pDGpuvCg.jpg?width=960&amp;crop=smart&amp;auto=webp&amp;s=943c66d7a210f3ccf8b8bb158ccf4f23661caf95",
                            "width": 960
                        },
                        {
                            "height": 720,
                            "url": "https://external-preview.redd.it/0VqXLfos8FqpmpL4BJJgWQlHzCiYxmda_y5pDGpuvCg.jpg?width=1080&amp;crop=smart&amp;auto=webp&amp;s=0a0fb93b050fe6ce5b5a8f9214b454bc6366cc8d",
                            "width": 1080
                        }
                    ],
                    "source": {
                        "height": 800,
                        "url": "https://external-preview.redd.it/0VqXLfos8FqpmpL4BJJgWQlHzCiYxmda_y5pDGpuvCg.jpg?auto=webp&amp;s=2aa4a9bdd693e075c0f32eba03cbae76f05bacaa",
                        "width": 1200
                    },
                    "variants": {}
                }
            ]
        },
        "pwls": 6,
        "removed_by_category": "moderator",
        "retrieved_on": 1591053954,
        "score": 1,
        "selftext": "",
        "send_replies": false,
        "spoiler": false,
        "stickied": false,
        "subreddit": "Coronavirus",
        "subreddit_id": "t5_2x4yx",
        "subreddit_subscribers": 2110938,
        "subreddit_type": "public",
        "suggested_sort": "confidence",
        "thumbnail": "https://b.thumbs.redditmedia.com/BqSLIO5WfYbF9BDa_At27nWdbvdz70n665Fe5oXBCxE.jpg",
        "thumbnail_height": 93,
        "thumbnail_width": 140,
        "title": "Boris Johnson urged to ditch the \"bloody boring\" daily coronavirius briefings",
        "total_awards_received": 0,
        "treatment_tags": [],
        "upvote_ratio": 1.0,
        "url": "https://www.thesun.co.uk/news/11758983/boris-johnson-ditch-bloody-boring-coronavirus-briefing/",
        "whitelist_status": "all_ads",
        "wls": 6
    }
]