[
    {
        "all_awardings": [],
        "allow_live_comments": false,
        "author": "commintern55",
        "author_flair_css_class": null,
        "author_flair_richtext": [],
        "author_flair_text": null,
        "author_flair_type": "text",
        "author_fullname": "t2_bb5pcqz",
        "author_patreon_flair": false,
        "author_premium": false,
        "awarders": [],
        "can_mod_post": false,
        "contest_mode": false,
        "created_utc": "2020-06-29 03:52:45",
        "domain": "scmp.com",
        "full_link": "https://www.reddit.com/r/Coronavirus/comments/hhssz5/abuse_suicide_threats_challenges_facing_hong/",
        "gildings": {},
        "id": "hhssz5",
        "is_crosspostable": false,
        "is_meta": false,
        "is_original_content": false,
        "is_reddit_media_domain": false,
        "is_robot_indexable": false,
        "is_self": false,
        "is_video": false,
        "link_flair_background_color": "#ffd635",
        "link_flair_richtext": [],
        "link_flair_template_id": "12e8c484-5e49-11ea-a26b-0ec959fc5f41",
        "link_flair_text": "Central &amp; East Asia",
        "link_flair_text_color": "dark",
        "link_flair_type": "text",
        "locked": false,
        "media_only": false,
        "no_follow": true,
        "num_comments": 0,
        "num_crossposts": 0,
        "over_18": false,
        "parent_whitelist_status": "all_ads",
        "permalink": "/r/Coronavirus/comments/hhssz5/abuse_suicide_threats_challenges_facing_hong/",
        "pinned": false,
        "post_hint": "link",
        "preview": {
            "enabled": false,
            "images": [
                {
                    "id": "GZ7a2Pe3ZhEA4bFEFX63Tfd1iHhLbKvHm8LJm8gf4rk",
                    "resolutions": [
                        {
                            "height": 56,
                            "url": "https://external-preview.redd.it/IR_2q5Sy1wD5s8PR6aY1ei0y37HIeMR4lj9sT3lIFDU.jpg?width=108&amp;crop=smart&amp;auto=webp&amp;s=ae8cb588d8ec114ff3f9202b211bf62db33b1780",
                            "width": 108
                        },
                        {
                            "height": 113,
                            "url": "https://external-preview.redd.it/IR_2q5Sy1wD5s8PR6aY1ei0y37HIeMR4lj9sT3lIFDU.jpg?width=216&amp;crop=smart&amp;auto=webp&amp;s=213a574318865b52564640913a73416a450b9ee0",
                            "width": 216
                        },
                        {
                            "height": 168,
                            "url": "https://external-preview.redd.it/IR_2q5Sy1wD5s8PR6aY1ei0y37HIeMR4lj9sT3lIFDU.jpg?width=320&amp;crop=smart&amp;auto=webp&amp;s=7fdf7173890a0746d82602752ffc7c78d86865ef",
                            "width": 320
                        },
                        {
                            "height": 336,
                            "url": "https://external-preview.redd.it/IR_2q5Sy1wD5s8PR6aY1ei0y37HIeMR4lj9sT3lIFDU.jpg?width=640&amp;crop=smart&amp;auto=webp&amp;s=4fbcbbf2eedd232c9f66a8c2cddc81f2c527ef0b",
                            "width": 640
                        },
                        {
                            "height": 504,
                            "url": "https://external-preview.redd.it/IR_2q5Sy1wD5s8PR6aY1ei0y37HIeMR4lj9sT3lIFDU.jpg?width=960&amp;crop=smart&amp;auto=webp&amp;s=950f5c6692f861d4b3ccc806f47bfc6ae951233d",
                            "width": 960
                        },
                        {
                            "height": 567,
                            "url": "https://external-preview.redd.it/IR_2q5Sy1wD5s8PR6aY1ei0y37HIeMR4lj9sT3lIFDU.jpg?width=1080&amp;crop=smart&amp;auto=webp&amp;s=fe8ec0bb5ba2359593494d74a659234424328ff2",
                            "width": 1080
                        }
                    ],
                    "source": {
                        "height": 630,
                        "url": "https://external-preview.redd.it/IR_2q5Sy1wD5s8PR6aY1ei0y37HIeMR4lj9sT3lIFDU.jpg?auto=webp&amp;s=c46fcf50e7b7734d168044e5c9932b4f2f13d710",
                        "width": 1200
                    },
                    "variants": {}
                }
            ]
        },
        "pwls": 6,
        "removed_by_category": "moderator",
        "retrieved_on": 1593405262,
        "score": 1,
        "selftext": "",
        "send_replies": true,
        "spoiler": false,
        "stickied": false,
        "subreddit": "Coronavirus",
        "subreddit_id": "t5_2x4yx",
        "subreddit_subscribers": 2162061,
        "subreddit_type": "public",
        "suggested_sort": "confidence",
        "thumbnail": "https://a.thumbs.redditmedia.com/4VwGiACHYoVhiryAj45yq20k3yzew13WLifdWAAKOR4.jpg",
        "thumbnail_height": 73,
        "thumbnail_width": 140,
        "title": "Abuse, suicide threats: challenges facing Hong Kong\u2019s quarantine staff",
        "total_awards_received": 0,
        "treatment_tags": [],
        "upvote_ratio": 1.0,
        "url": "https://www.scmp.com/news/hong-kong/health-environment/article/3090917/abuse-suicide-threats-killer-litter-quarantine",
        "url_overridden_by_dest": "https://www.scmp.com/news/hong-kong/health-environment/article/3090917/abuse-suicide-threats-killer-litter-quarantine",
        "whitelist_status": "all_ads",
        "wls": 6
    },
    {
        "all_awardings": [],
        "allow_live_comments": false,
        "author": "[deleted]",
        "author_flair_background_color": "",
        "author_flair_css_class": null,
        "author_flair_text": null,
        "author_flair_text_color": "dark",
        "awarders": [],
        "can_mod_post": false,
        "contest_mode": false,
        "created_utc": "2020-06-28 19:52:26",
        "domain": "cmha.ca",
        "full_link": "https://www.reddit.com/r/Coronavirus/comments/hhl4c2/warning_signs_more_canadians_thinking_about/",
        "gildings": {},
        "id": "hhl4c2",
        "is_crosspostable": false,
        "is_meta": false,
        "is_original_content": false,
        "is_reddit_media_domain": false,
        "is_robot_indexable": false,
        "is_self": false,
        "is_video": false,
        "link_flair_background_color": "#0079d3",
        "link_flair_richtext": [],
        "link_flair_template_id": "394b6910-5e49-11ea-843b-0ebc196d18f7",
        "link_flair_text": "Academic Report",
        "link_flair_text_color": "dark",
        "link_flair_type": "text",
        "locked": false,
        "media_only": false,
        "no_follow": true,
        "num_comments": 0,
        "num_crossposts": 0,
        "over_18": false,
        "parent_whitelist_status": "all_ads",
        "permalink": "/r/Coronavirus/comments/hhl4c2/warning_signs_more_canadians_thinking_about/",
        "pinned": false,
        "pwls": 6,
        "removed_by_category": "deleted",
        "retrieved_on": 1593385720,
        "score": 1,
        "selftext": "[deleted]",
        "send_replies": true,
        "spoiler": false,
        "stickied": false,
        "subreddit": "Coronavirus",
        "subreddit_id": "t5_2x4yx",
        "subreddit_subscribers": 2161262,
        "subreddit_type": "public",
        "suggested_sort": "confidence",
        "thumbnail": "default",
        "thumbnail_height": 140,
        "thumbnail_width": 140,
        "title": "Warning signs: more Canadians thinking about suicide during pandemic - CMHA National",
        "total_awards_received": 0,
        "treatment_tags": [],
        "upvote_ratio": 1.0,
        "url": "https://cmha.ca/news/warning-signs-more-canadians-thinking-about-suicide-during-pandemic",
        "url_overridden_by_dest": "https://cmha.ca/news/warning-signs-more-canadians-thinking-about-suicide-during-pandemic",
        "whitelist_status": "all_ads",
        "wls": 6
    },
    {
        "all_awardings": [],
        "allow_live_comments": false,
        "author": "Udntcwatic",
        "author_flair_css_class": null,
        "author_flair_richtext": [],
        "author_flair_text": null,
        "author_flair_type": "text",
        "author_fullname": "t2_5sur6xqs",
        "author_patreon_flair": false,
        "author_premium": true,
        "awarders": [],
        "can_mod_post": false,
        "contest_mode": false,
        "created_utc": "2020-06-24 04:00:43",
        "domain": "apa.org",
        "full_link": "https://www.reddit.com/r/Coronavirus/comments/hetuip/covid19_suicide_and_the_unknown/",
        "gildings": {},
        "id": "hetuip",
        "is_crosspostable": false,
        "is_meta": false,
        "is_original_content": false,
        "is_reddit_media_domain": false,
        "is_robot_indexable": false,
        "is_self": false,
        "is_video": false,
        "link_flair_background_color": "#0dd3bb",
        "link_flair_richtext": [],
        "link_flair_template_id": "ca99103a-5e48-11ea-861e-0e14b931d16d",
        "link_flair_text": "World",
        "link_flair_text_color": "dark",
        "link_flair_type": "text",
        "locked": false,
        "media_only": false,
        "no_follow": true,
        "num_comments": 0,
        "num_crossposts": 0,
        "over_18": false,
        "parent_whitelist_status": "all_ads",
        "permalink": "/r/Coronavirus/comments/hetuip/covid19_suicide_and_the_unknown/",
        "pinned": false,
        "pwls": 6,
        "removed_by_category": "moderator",
        "retrieved_on": 1592971246,
        "score": 1,
        "selftext": "",
        "send_replies": true,
        "spoiler": false,
        "stickied": false,
        "subreddit": "Coronavirus",
        "subreddit_id": "t5_2x4yx",
        "subreddit_subscribers": 2149071,
        "subreddit_type": "public",
        "suggested_sort": "confidence",
        "thumbnail": "default",
        "title": "COVID19, suicide and the unknown",
        "total_awards_received": 0,
        "treatment_tags": [],
        "upvote_ratio": 1.0,
        "url": "https://www.apa.org/monitor/2020/06/covid-suicide",
        "url_overridden_by_dest": "https://www.apa.org/monitor/2020/06/covid-suicide",
        "whitelist_status": "all_ads",
        "wls": 6
    },
    {
        "all_awardings": [],
        "allow_live_comments": false,
        "author": "Udntcwatic",
        "author_flair_css_class": null,
        "author_flair_richtext": [],
        "author_flair_text": null,
        "author_flair_type": "text",
        "author_fullname": "t2_5sur6xqs",
        "author_patreon_flair": false,
        "author_premium": true,
        "awarders": [],
        "can_mod_post": false,
        "contest_mode": false,
        "created_utc": "2020-06-24 03:05:14",
        "domain": "nytimes.com",
        "full_link": "https://www.reddit.com/r/Coronavirus/comments/het1rv/san_francisco_hospital_have_begun_seeing/",
        "gildings": {},
        "id": "het1rv",
        "is_crosspostable": false,
        "is_meta": false,
        "is_original_content": false,
        "is_reddit_media_domain": false,
        "is_robot_indexable": false,
        "is_self": false,
        "is_video": false,
        "link_flair_background_color": "#ea0027",
        "link_flair_css_class": "rm infoquality",
        "link_flair_richtext": [],
        "link_flair_template_id": "2ac9e9e2-67cd-11ea-b6ae-0e214693e803",
        "link_flair_text": "Removed - Rule 5: Keep information quality high",
        "link_flair_text_color": "dark",
        "link_flair_type": "text",
        "locked": false,
        "media_only": false,
        "no_follow": true,
        "num_comments": 2,
        "num_crossposts": 0,
        "over_18": false,
        "parent_whitelist_status": "all_ads",
        "permalink": "/r/Coronavirus/comments/het1rv/san_francisco_hospital_have_begun_seeing/",
        "pinned": false,
        "pwls": 6,
        "removed_by_category": "moderator",
        "retrieved_on": 1592967917,
        "score": 1,
        "selftext": "",
        "send_replies": true,
        "spoiler": false,
        "stickied": false,
        "subreddit": "Coronavirus",
        "subreddit_id": "t5_2x4yx",
        "subreddit_subscribers": 2148995,
        "subreddit_type": "public",
        "suggested_sort": "confidence",
        "thumbnail": "default",
        "title": "San Francisco hospital have begun seeing startling numbers of suicide attempts by older adults.",
        "total_awards_received": 0,
        "treatment_tags": [],
        "upvote_ratio": 1.0,
        "url": "https://www.nytimes.com/2020/06/08/opinion/coronavirus-elderly-suicide.html",
        "url_overridden_by_dest": "https://www.nytimes.com/2020/06/08/opinion/coronavirus-elderly-suicide.html",
        "whitelist_status": "all_ads",
        "wls": 6
    },
    {
        "all_awardings": [],
        "allow_live_comments": false,
        "author": "randall-politics",
        "author_flair_css_class": null,
        "author_flair_richtext": [],
        "author_flair_text": null,
        "author_flair_type": "text",
        "author_fullname": "t2_3n858bat",
        "author_patreon_flair": false,
        "author_premium": false,
        "awarders": [],
        "can_mod_post": false,
        "contest_mode": false,
        "created_utc": "2020-06-20 17:54:15",
        "domain": "fee.org",
        "full_link": "https://www.reddit.com/r/Coronavirus/comments/hcqm8b/a_years_worth_of_suicide_attempts_in_four_weeks/",
        "gildings": {},
        "id": "hcqm8b",
        "is_crosspostable": false,
        "is_meta": false,
        "is_original_content": false,
        "is_reddit_media_domain": false,
        "is_robot_indexable": false,
        "is_self": false,
        "is_video": false,
        "link_flair_background_color": "#ff8717",
        "link_flair_richtext": [],
        "link_flair_template_id": "e7643a50-5e48-11ea-8e30-0e05eb9dc901",
        "link_flair_text": "USA",
        "link_flair_text_color": "dark",
        "link_flair_type": "text",
        "locked": false,
        "media_only": false,
        "no_follow": true,
        "num_comments": 0,
        "num_crossposts": 0,
        "over_18": false,
        "parent_whitelist_status": "all_ads",
        "permalink": "/r/Coronavirus/comments/hcqm8b/a_years_worth_of_suicide_attempts_in_four_weeks/",
        "pinned": false,
        "post_hint": "link",
        "preview": {
            "enabled": false,
            "images": [
                {
                    "id": "KkGlHLza6mjDPDACiO9QGrtbvineT255xpNBSS-n62U",
                    "resolutions": [
                        {
                            "height": 53,
                            "url": "https://external-preview.redd.it/V1MWqj3iQBWzny68QTfR5iCxPeDJ7NFmgbUISkzwiEo.jpg?width=108&amp;crop=smart&amp;auto=webp&amp;s=585718192727975d10ca8dfe9f4c6549aa818f3a",
                            "width": 108
                        },
                        {
                            "height": 107,
                            "url": "https://external-preview.redd.it/V1MWqj3iQBWzny68QTfR5iCxPeDJ7NFmgbUISkzwiEo.jpg?width=216&amp;crop=smart&amp;auto=webp&amp;s=94ab89a40775f128813b7bc2161f67bdd37f9121",
                            "width": 216
                        },
                        {
                            "height": 158,
                            "url": "https://external-preview.redd.it/V1MWqj3iQBWzny68QTfR5iCxPeDJ7NFmgbUISkzwiEo.jpg?width=320&amp;crop=smart&amp;auto=webp&amp;s=c167b375c5fff84127dadc1ecef31ab6d3365933",
                            "width": 320
                        },
                        {
                            "height": 317,
                            "url": "https://external-preview.redd.it/V1MWqj3iQBWzny68QTfR5iCxPeDJ7NFmgbUISkzwiEo.jpg?width=640&amp;crop=smart&amp;auto=webp&amp;s=ba599505101609d08774e14c6ba512edfef66e14",
                            "width": 640
                        }
                    ],
                    "source": {
                        "height": 466,
                        "url": "https://external-preview.redd.it/V1MWqj3iQBWzny68QTfR5iCxPeDJ7NFmgbUISkzwiEo.jpg?auto=webp&amp;s=39ec775428b5ef783b937cc090264787f30d44c7",
                        "width": 940
                    },
                    "variants": {}
                }
            ]
        },
        "pwls": 6,
        "removed_by_category": "moderator",
        "retrieved_on": 1592685469,
        "score": 1,
        "selftext": "",
        "send_replies": true,
        "spoiler": false,
        "stickied": false,
        "subreddit": "Coronavirus",
        "subreddit_id": "t5_2x4yx",
        "subreddit_subscribers": 2142797,
        "subreddit_type": "public",
        "suggested_sort": "confidence",
        "thumbnail": "https://b.thumbs.redditmedia.com/U7gZ7CYEI7bw3aXec3mGzKN_QeNQoeD3zUV5hr5GjFw.jpg",
        "thumbnail_height": 69,
        "thumbnail_width": 140,
        "title": "\u2018A Year's Worth of Suicide Attempts in Four Weeks\u2019: The Unintended Consequences of COVID-19 Lockdowns | Jon Miltimore",
        "total_awards_received": 0,
        "treatment_tags": [],
        "upvote_ratio": 1.0,
        "url": "https://fee.org/articles/a-years-worth-of-suicide-attempts-in-four-weeks-the-unintended-consequences-of-covid-19-lockdowns/",
        "whitelist_status": "all_ads",
        "wls": 6
    },
    {
        "all_awardings": [],
        "allow_live_comments": false,
        "author": "wewewawa",
        "author_flair_css_class": null,
        "author_flair_richtext": [],
        "author_flair_text": null,
        "author_flair_type": "text",
        "author_fullname": "t2_3a4wg",
        "author_patreon_flair": false,
        "author_premium": false,
        "awarders": [],
        "can_mod_post": false,
        "contest_mode": false,
        "created_utc": "2020-06-17 05:51:57",
        "domain": "npr.org",
        "full_link": "https://www.reddit.com/r/Coronavirus/comments/hal9lp/the_cost_of_thailands_coronavirus_success_despair/",
        "gildings": {},
        "id": "hal9lp",
        "is_crosspostable": false,
        "is_meta": false,
        "is_original_content": false,
        "is_reddit_media_domain": false,
        "is_robot_indexable": false,
        "is_self": false,
        "is_video": false,
        "link_flair_background_color": "#a06324",
        "link_flair_richtext": [],
        "link_flair_template_id": "bded30d0-5f12-11ea-acd8-0e6e24c51fab",
        "link_flair_text": "South &amp; SE Asia",
        "link_flair_text_color": "dark",
        "link_flair_type": "text",
        "locked": false,
        "media_only": false,
        "no_follow": true,
        "num_comments": 0,
        "num_crossposts": 0,
        "over_18": false,
        "parent_whitelist_status": "all_ads",
        "permalink": "/r/Coronavirus/comments/hal9lp/the_cost_of_thailands_coronavirus_success_despair/",
        "pinned": false,
        "post_hint": "link",
        "preview": {
            "enabled": false,
            "images": [
                {
                    "id": "s1CwPe9pi06xALtJANaPM9PWyIQ76YjmsIJbrq2L6tY",
                    "resolutions": [
                        {
                            "height": 60,
                            "url": "https://external-preview.redd.it/J2gATC8kA1z3vJ8ktdYOfwrWfeDcAlspPhe2RxdZhZs.jpg?width=108&amp;crop=smart&amp;auto=webp&amp;s=ac4ffdcdf70fff1ec764f65e8446f07984f719be",
                            "width": 108
                        },
                        {
                            "height": 121,
                            "url": "https://external-preview.redd.it/J2gATC8kA1z3vJ8ktdYOfwrWfeDcAlspPhe2RxdZhZs.jpg?width=216&amp;crop=smart&amp;auto=webp&amp;s=9bde270a2c249bdee97735f30ef53e05df57ef09",
                            "width": 216
                        },
                        {
                            "height": 179,
                            "url": "https://external-preview.redd.it/J2gATC8kA1z3vJ8ktdYOfwrWfeDcAlspPhe2RxdZhZs.jpg?width=320&amp;crop=smart&amp;auto=webp&amp;s=270682a903e581b0b6a18c9508b629231b81cce1",
                            "width": 320
                        },
                        {
                            "height": 359,
                            "url": "https://external-preview.redd.it/J2gATC8kA1z3vJ8ktdYOfwrWfeDcAlspPhe2RxdZhZs.jpg?width=640&amp;crop=smart&amp;auto=webp&amp;s=7820faa6efc6e405b2d5ba0ee3908c6d709fed67",
                            "width": 640
                        },
                        {
                            "height": 539,
                            "url": "https://external-preview.redd.it/J2gATC8kA1z3vJ8ktdYOfwrWfeDcAlspPhe2RxdZhZs.jpg?width=960&amp;crop=smart&amp;auto=webp&amp;s=b608b9ea3c95df3b5ecdd719c20cfee42ae35b55",
                            "width": 960
                        },
                        {
                            "height": 607,
                            "url": "https://external-preview.redd.it/J2gATC8kA1z3vJ8ktdYOfwrWfeDcAlspPhe2RxdZhZs.jpg?width=1080&amp;crop=smart&amp;auto=webp&amp;s=35e9d583b78d212e3d9e0d674c9e1a74ff0a2c9e",
                            "width": 1080
                        }
                    ],
                    "source": {
                        "height": 787,
                        "url": "https://external-preview.redd.it/J2gATC8kA1z3vJ8ktdYOfwrWfeDcAlspPhe2RxdZhZs.jpg?auto=webp&amp;s=9934f52b99e427d2a5e2d12998227b057858664f",
                        "width": 1400
                    },
                    "variants": {}
                }
            ]
        },
        "pwls": 6,
        "removed_by_category": "moderator",
        "retrieved_on": 1592373122,
        "score": 1,
        "selftext": "",
        "send_replies": true,
        "spoiler": false,
        "stickied": false,
        "subreddit": "Coronavirus",
        "subreddit_id": "t5_2x4yx",
        "subreddit_subscribers": 2136878,
        "subreddit_type": "public",
        "suggested_sort": "confidence",
        "thumbnail": "https://a.thumbs.redditmedia.com/G9KfcuVt0mJePOB-Wq0-GD6mntG9oj7Aqiv3h3mKuu8.jpg",
        "thumbnail_height": 78,
        "thumbnail_width": 140,
        "title": "The Cost Of Thailand's Coronavirus Success: Despair ... And Suicide",
        "total_awards_received": 0,
        "treatment_tags": [],
        "upvote_ratio": 1.0,
        "url": "https://www.npr.org/sections/goatsandsoda/2020/06/16/874198026/the-cost-of-thailands-coronavirus-success-despair-and-suicide",
        "whitelist_status": "all_ads",
        "wls": 6
    },
    {
        "all_awardings": [],
        "allow_live_comments": false,
        "author": "holymasamune",
        "author_flair_css_class": null,
        "author_flair_richtext": [],
        "author_flair_text": null,
        "author_flair_type": "text",
        "author_fullname": "t2_41wu5",
        "author_patreon_flair": false,
        "author_premium": false,
        "awarders": [],
        "can_mod_post": false,
        "contest_mode": false,
        "created_utc": "2020-06-07 20:43:02",
        "domain": "washingtonpost.com",
        "full_link": "https://www.reddit.com/r/Coronavirus/comments/gyk3cd/healthcare_workers_burning_out_committing_suicide/",
        "gildings": {},
        "id": "gyk3cd",
        "is_crosspostable": false,
        "is_meta": false,
        "is_original_content": false,
        "is_reddit_media_domain": false,
        "is_robot_indexable": false,
        "is_self": false,
        "is_video": false,
        "link_flair_background_color": "#ff8717",
        "link_flair_richtext": [],
        "link_flair_template_id": "e7643a50-5e48-11ea-8e30-0e05eb9dc901",
        "link_flair_text": "USA",
        "link_flair_text_color": "dark",
        "link_flair_type": "text",
        "locked": false,
        "media_only": false,
        "no_follow": true,
        "num_comments": 0,
        "num_crossposts": 0,
        "over_18": false,
        "parent_whitelist_status": "all_ads",
        "permalink": "/r/Coronavirus/comments/gyk3cd/healthcare_workers_burning_out_committing_suicide/",
        "pinned": false,
        "post_hint": "link",
        "preview": {
            "enabled": false,
            "images": [
                {
                    "id": "XLARvoOtwTuFkl1LHYQI6sYiRxTUxOcKZpBoaU8NYlY",
                    "resolutions": [
                        {
                            "height": 69,
                            "url": "https://external-preview.redd.it/YpjFB9_9IkVYE_HqnoFDLgqVqsVmqCFf6Z3eDIH4lTU.jpg?width=108&amp;crop=smart&amp;auto=webp&amp;s=1a250a235bf9b9750d149750ead8152597026043",
                            "width": 108
                        },
                        {
                            "height": 138,
                            "url": "https://external-preview.redd.it/YpjFB9_9IkVYE_HqnoFDLgqVqsVmqCFf6Z3eDIH4lTU.jpg?width=216&amp;crop=smart&amp;auto=webp&amp;s=9fd0e82562aa0b25ce56bd416e24f99fdb1d40c1",
                            "width": 216
                        },
                        {
                            "height": 205,
                            "url": "https://external-preview.redd.it/YpjFB9_9IkVYE_HqnoFDLgqVqsVmqCFf6Z3eDIH4lTU.jpg?width=320&amp;crop=smart&amp;auto=webp&amp;s=6d422f85dd49042a21b80ad736b94fbda632b0e5",
                            "width": 320
                        },
                        {
                            "height": 410,
                            "url": "https://external-preview.redd.it/YpjFB9_9IkVYE_HqnoFDLgqVqsVmqCFf6Z3eDIH4lTU.jpg?width=640&amp;crop=smart&amp;auto=webp&amp;s=c1288844b27113bcaec08e90de46a90a166b4573",
                            "width": 640
                        },
                        {
                            "height": 615,
                            "url": "https://external-preview.redd.it/YpjFB9_9IkVYE_HqnoFDLgqVqsVmqCFf6Z3eDIH4lTU.jpg?width=960&amp;crop=smart&amp;auto=webp&amp;s=aacb56abc9fd319a33c620d7459f22f80face7ca",
                            "width": 960
                        },
                        {
                            "height": 692,
                            "url": "https://external-preview.redd.it/YpjFB9_9IkVYE_HqnoFDLgqVqsVmqCFf6Z3eDIH4lTU.jpg?width=1080&amp;crop=smart&amp;auto=webp&amp;s=8b96796cb0da9d26e6d189d1438c14bbb24f0915",
                            "width": 1080
                        }
                    ],
                    "source": {
                        "height": 952,
                        "url": "https://external-preview.redd.it/YpjFB9_9IkVYE_HqnoFDLgqVqsVmqCFf6Z3eDIH4lTU.jpg?auto=webp&amp;s=cc5150f840a7df3e7c37ec9047aabd5ef53595b9",
                        "width": 1484
                    },
                    "variants": {}
                }
            ]
        },
        "pwls": 6,
        "removed_by_category": "moderator",
        "retrieved_on": 1591562587,
        "score": 1,
        "selftext": "",
        "send_replies": true,
        "spoiler": false,
        "stickied": false,
        "subreddit": "Coronavirus",
        "subreddit_id": "t5_2x4yx",
        "subreddit_subscribers": 2119870,
        "subreddit_type": "public",
        "suggested_sort": "confidence",
        "thumbnail": "https://b.thumbs.redditmedia.com/GGcWFvoIjnvwBMqh-edJ910iaEfGCp-mxV5Vg8eHn6Y.jpg",
        "thumbnail_height": 89,
        "thumbnail_width": 140,
        "title": "Healthcare workers burning out, committing suicide amidst pandemic",
        "total_awards_received": 0,
        "treatment_tags": [],
        "upvote_ratio": 1.0,
        "url": "https://www.washingtonpost.com/health/2020/06/07/health-care-workers-coronavirus-burnout/?arc404=true",
        "whitelist_status": "all_ads",
        "wls": 6
    },
    {
        "all_awardings": [],
        "allow_live_comments": false,
        "author": "Balcacer",
        "author_flair_css_class": null,
        "author_flair_richtext": [],
        "author_flair_text": null,
        "author_flair_type": "text",
        "author_fullname": "t2_8l6bs",
        "author_patreon_flair": false,
        "author_premium": false,
        "awarders": [],
        "can_mod_post": false,
        "contest_mode": false,
        "created_utc": "2020-06-03 23:03:56",
        "domain": "excelsior.com.mx",
        "full_link": "https://www.reddit.com/r/Coronavirus/comments/gw4y3a/mexican_nurse_commits_suicide_after_contracting/",
        "gildings": {},
        "id": "gw4y3a",
        "is_crosspostable": false,
        "is_meta": false,
        "is_original_content": false,
        "is_reddit_media_domain": false,
        "is_robot_indexable": false,
        "is_self": false,
        "is_video": false,
        "link_flair_background_color": "#ff4500",
        "link_flair_richtext": [],
        "link_flair_template_id": "eddc0fb6-5e48-11ea-ba19-0e773ea8e93f",
        "link_flair_text": "Latin America",
        "link_flair_text_color": "dark",
        "link_flair_type": "text",
        "locked": false,
        "media_only": false,
        "no_follow": true,
        "num_comments": 0,
        "num_crossposts": 0,
        "over_18": false,
        "parent_whitelist_status": "all_ads",
        "permalink": "/r/Coronavirus/comments/gw4y3a/mexican_nurse_commits_suicide_after_contracting/",
        "pinned": false,
        "post_hint": "link",
        "preview": {
            "enabled": false,
            "images": [
                {
                    "id": "y6xpWfhNhLid474HaT8fzonPRUwJ8FVLs6ZX7zZXkXQ",
                    "resolutions": [
                        {
                            "height": 81,
                            "url": "https://external-preview.redd.it/OZY20mDGir9pn-LmtAikwpQUkdsZlOJIKKeTt7lBPec.jpg?width=108&amp;crop=smart&amp;auto=webp&amp;s=865ddabd82b5b03ac0cb0271b8c1fb2138e67a49",
                            "width": 108
                        },
                        {
                            "height": 162,
                            "url": "https://external-preview.redd.it/OZY20mDGir9pn-LmtAikwpQUkdsZlOJIKKeTt7lBPec.jpg?width=216&amp;crop=smart&amp;auto=webp&amp;s=e5d974bca07f47680d72d7665a796cf77ffa5afb",
                            "width": 216
                        },
                        {
                            "height": 240,
                            "url": "https://external-preview.redd.it/OZY20mDGir9pn-LmtAikwpQUkdsZlOJIKKeTt7lBPec.jpg?width=320&amp;crop=smart&amp;auto=webp&amp;s=9b59dadf8769903e48363912efd7df653af95d87",
                            "width": 320
                        },
                        {
                            "height": 480,
                            "url": "https://external-preview.redd.it/OZY20mDGir9pn-LmtAikwpQUkdsZlOJIKKeTt7lBPec.jpg?width=640&amp;crop=smart&amp;auto=webp&amp;s=2b3b1c3b13c6b20c74a72737123b5109aeb2cb60",
                            "width": 640
                        }
                    ],
                    "source": {
                        "height": 498,
                        "url": "https://external-preview.redd.it/OZY20mDGir9pn-LmtAikwpQUkdsZlOJIKKeTt7lBPec.jpg?auto=webp&amp;s=c19264e6201dea90e60dd83bdb8926406628624c",
                        "width": 664
                    },
                    "variants": {}
                }
            ]
        },
        "pwls": 6,
        "removed_by_category": "moderator",
        "retrieved_on": 1591225726,
        "score": 1,
        "selftext": "",
        "send_replies": true,
        "spoiler": false,
        "stickied": false,
        "subreddit": "Coronavirus",
        "subreddit_id": "t5_2x4yx",
        "subreddit_subscribers": 2113806,
        "subreddit_type": "public",
        "suggested_sort": "confidence",
        "thumbnail": "https://a.thumbs.redditmedia.com/z6ap6N3RKTpBrnDIVY6WP9YIShToO9AeS8yBFh8l4u8.jpg",
        "thumbnail_height": 105,
        "thumbnail_width": 140,
        "title": "Mexican nurse commits suicide after contracting coronavirus | The health worker, identified as Maria del Carmen, also criticized the indifference of the authorities and society to what is happening in her country due to the Covid-19 pandemic.",
        "total_awards_received": 0,
        "treatment_tags": [],
        "upvote_ratio": 1.0,
        "url": "https://www.excelsior.com.mx/nacional/antes-de-morir-enfermera-deja-mensaje-para-tomar-conciencia-del-covid-19/1385749",
        "whitelist_status": "all_ads",
        "wls": 6
    },
    {
        "all_awardings": [],
        "allow_live_comments": false,
        "author": "[deleted]",
        "author_flair_background_color": "",
        "author_flair_css_class": null,
        "author_flair_text": null,
        "author_flair_text_color": "dark",
        "awarders": [],
        "can_mod_post": false,
        "contest_mode": false,
        "created_utc": "2020-06-28 16:30:43",
        "domain": "usatoday.com",
        "full_link": "https://www.reddit.com/r/Coronavirus/comments/hhhe6o/coronavirus_from_my_view_in_hong_kong_american/",
        "gildings": {},
        "id": "hhhe6o",
        "is_crosspostable": false,
        "is_meta": false,
        "is_original_content": false,
        "is_reddit_media_domain": false,
        "is_robot_indexable": false,
        "is_self": false,
        "is_video": false,
        "link_flair_background_color": "#0dd3bb",
        "link_flair_richtext": [],
        "link_flair_template_id": "ca99103a-5e48-11ea-861e-0e14b931d16d",
        "link_flair_text": "World",
        "link_flair_text_color": "dark",
        "link_flair_type": "text",
        "locked": false,
        "media_only": false,
        "no_follow": true,
        "num_comments": 1,
        "num_crossposts": 0,
        "over_18": false,
        "parent_whitelist_status": "all_ads",
        "permalink": "/r/Coronavirus/comments/hhhe6o/coronavirus_from_my_view_in_hong_kong_american/",
        "pinned": false,
        "pwls": 6,
        "removed_by_category": "deleted",
        "retrieved_on": 1593375316,
        "score": 1,
        "selftext": "[deleted]",
        "send_replies": true,
        "spoiler": false,
        "stickied": false,
        "subreddit": "Coronavirus",
        "subreddit_id": "t5_2x4yx",
        "subreddit_subscribers": 2160971,
        "subreddit_type": "public",
        "suggested_sort": "confidence",
        "thumbnail": "default",
        "thumbnail_height": 78,
        "thumbnail_width": 140,
        "title": "Coronavirus: From my view in Hong Kong, American reluctance to wear a mask is suicidal",
        "total_awards_received": 0,
        "treatment_tags": [],
        "upvote_ratio": 1.0,
        "url": "https://www.usatoday.com/story/opinion/voices/2020/06/28/coronavirus-hong-kong-face-masks-work-column/3262969001/",
        "url_overridden_by_dest": "https://www.usatoday.com/story/opinion/voices/2020/06/28/coronavirus-hong-kong-face-masks-work-column/3262969001/",
        "whitelist_status": "all_ads",
        "wls": 6
    },
    {
        "all_awardings": [],
        "allow_live_comments": false,
        "author": "SafePangolin3",
        "author_flair_css_class": null,
        "author_flair_richtext": [],
        "author_flair_text": null,
        "author_flair_type": "text",
        "author_fullname": "t2_6g93qe99",
        "author_patreon_flair": false,
        "author_premium": false,
        "awarders": [],
        "can_mod_post": false,
        "contest_mode": false,
        "created_utc": "2020-06-26 20:47:07",
        "domain": "foxnews.com",
        "full_link": "https://www.reddit.com/r/Coronavirus/comments/hgfp1z/gun_sales_skyrocket_in_illinois_over_protests/",
        "gildings": {},
        "id": "hgfp1z",
        "is_crosspostable": false,
        "is_meta": false,
        "is_original_content": false,
        "is_reddit_media_domain": false,
        "is_robot_indexable": false,
        "is_self": false,
        "is_video": false,
        "link_flair_background_color": "#ff8717",
        "link_flair_richtext": [],
        "link_flair_template_id": "e7643a50-5e48-11ea-8e30-0e05eb9dc901",
        "link_flair_text": "USA",
        "link_flair_text_color": "dark",
        "link_flair_type": "text",
        "locked": false,
        "media_only": false,
        "no_follow": true,
        "num_comments": 1,
        "num_crossposts": 0,
        "over_18": false,
        "parent_whitelist_status": "all_ads",
        "permalink": "/r/Coronavirus/comments/hgfp1z/gun_sales_skyrocket_in_illinois_over_protests/",
        "pinned": false,
        "post_hint": "link",
        "preview": {
            "enabled": false,
            "images": [
                {
                    "id": "Lt3JV6TY83SVz6N-sOnOH3wiECEK-EeDpUzr-WSbNi0",
                    "resolutions": [
                        {
                            "height": 60,
                            "url": "https://external-preview.redd.it/zL4g07EwZCkYBLUA7ps0YhMWhwfMjYuaGosytx97QeE.jpg?width=108&amp;crop=smart&amp;auto=webp&amp;s=bec268d842f30d3f5c3223344eabb0726213824b",
                            "width": 108
                        },
                        {
                            "height": 121,
                            "url": "https://external-preview.redd.it/zL4g07EwZCkYBLUA7ps0YhMWhwfMjYuaGosytx97QeE.jpg?width=216&amp;crop=smart&amp;auto=webp&amp;s=507385ab860cf2e6baaac47704043892461c2071",
                            "width": 216
                        },
                        {
                            "height": 180,
                            "url": "https://external-preview.redd.it/zL4g07EwZCkYBLUA7ps0YhMWhwfMjYuaGosytx97QeE.jpg?width=320&amp;crop=smart&amp;auto=webp&amp;s=f12e0a8575dd0738a6d04b3a3df67e8b2f279bb0",
                            "width": 320
                        },
                        {
                            "height": 360,
                            "url": "https://external-preview.redd.it/zL4g07EwZCkYBLUA7ps0YhMWhwfMjYuaGosytx97QeE.jpg?width=640&amp;crop=smart&amp;auto=webp&amp;s=5e1cae1da863427c904dcf57b5bd53a38552794d",
                            "width": 640
                        },
                        {
                            "height": 540,
                            "url": "https://external-preview.redd.it/zL4g07EwZCkYBLUA7ps0YhMWhwfMjYuaGosytx97QeE.jpg?width=960&amp;crop=smart&amp;auto=webp&amp;s=1e4c52a9ed51c4d89a8182e2c34e8148d7e6e640",
                            "width": 960
                        },
                        {
                            "height": 607,
                            "url": "https://external-preview.redd.it/zL4g07EwZCkYBLUA7ps0YhMWhwfMjYuaGosytx97QeE.jpg?width=1080&amp;crop=smart&amp;auto=webp&amp;s=61fe035363e29fa32b1ba4437f0658e6c89dc78d",
                            "width": 1080
                        }
                    ],
                    "source": {
                        "height": 720,
                        "url": "https://external-preview.redd.it/zL4g07EwZCkYBLUA7ps0YhMWhwfMjYuaGosytx97QeE.jpg?auto=webp&amp;s=eab717edf4991a47550805479b995446fb483f2e",
                        "width": 1280
                    },
                    "variants": {}
                }
            ]
        },
        "pwls": 6,
        "removed_by_category": "automod_filtered",
        "retrieved_on": 1593206143,
        "score": 1,
        "selftext": "",
        "send_replies": true,
        "spoiler": false,
        "stickied": false,
        "subreddit": "Coronavirus",
        "subreddit_id": "t5_2x4yx",
        "subreddit_subscribers": 2156122,
        "subreddit_type": "public",
        "suggested_sort": "confidence",
        "thumbnail": "https://b.thumbs.redditmedia.com/8zS8b1_RzN0ifNZU3i7q4rEGVNt52pYauPs_FNzdTec.jpg",
        "thumbnail_height": 78,
        "thumbnail_width": 140,
        "title": "Gun sales skyrocket in Illinois over protests, coronavirus pandemic",
        "total_awards_received": 0,
        "treatment_tags": [],
        "upvote_ratio": 1.0,
        "url": "https://www.foxnews.com/us/illinois-gun-sales-spike-protests-coronavirus",
        "url_overridden_by_dest": "https://www.foxnews.com/us/illinois-gun-sales-spike-protests-coronavirus",
        "whitelist_status": "all_ads",
        "wls": 6
    },
    {
        "all_awardings": [],
        "allow_live_comments": false,
        "author": "Timothy-Sumer",
        "author_flair_css_class": null,
        "author_flair_richtext": [],
        "author_flair_text": null,
        "author_flair_type": "text",
        "author_fullname": "t2_33ycuh8q",
        "author_patreon_flair": false,
        "author_premium": false,
        "awarders": [],
        "can_mod_post": false,
        "contest_mode": false,
        "created_utc": "2020-06-26 17:24:08",
        "domain": "covid19newshq.com",
        "full_link": "https://www.reddit.com/r/Coronavirus/comments/hgbv0f/gun_sales_soar_amid_coronavirus_pandemic_george/",
        "gildings": {},
        "id": "hgbv0f",
        "is_crosspostable": false,
        "is_meta": false,
        "is_original_content": false,
        "is_reddit_media_domain": false,
        "is_robot_indexable": false,
        "is_self": false,
        "is_video": false,
        "link_flair_background_color": "",
        "link_flair_richtext": [],
        "link_flair_text_color": "dark",
        "link_flair_type": "text",
        "locked": false,
        "media_only": false,
        "no_follow": true,
        "num_comments": 0,
        "num_crossposts": 0,
        "over_18": false,
        "parent_whitelist_status": "all_ads",
        "permalink": "/r/Coronavirus/comments/hgbv0f/gun_sales_soar_amid_coronavirus_pandemic_george/",
        "pinned": false,
        "post_hint": "link",
        "preview": {
            "enabled": false,
            "images": [
                {
                    "id": "h1tYOaqrujEdKZS2g1rRWEB9u1r6rfZ_jrfp0ajgJ44",
                    "resolutions": [
                        {
                            "height": 71,
                            "url": "https://external-preview.redd.it/AGSyGoXrkJDgKyg9Iu408s6q_Mrm3WX-2yRJIGw6gQU.jpg?width=108&amp;crop=smart&amp;auto=webp&amp;s=9f067449cc186cd412e21ee36c2fcb648834bf6f",
                            "width": 108
                        },
                        {
                            "height": 143,
                            "url": "https://external-preview.redd.it/AGSyGoXrkJDgKyg9Iu408s6q_Mrm3WX-2yRJIGw6gQU.jpg?width=216&amp;crop=smart&amp;auto=webp&amp;s=27b9e921987d557121ec8054d041d4978643a564",
                            "width": 216
                        },
                        {
                            "height": 213,
                            "url": "https://external-preview.redd.it/AGSyGoXrkJDgKyg9Iu408s6q_Mrm3WX-2yRJIGw6gQU.jpg?width=320&amp;crop=smart&amp;auto=webp&amp;s=3a8fdb1492cb1bd05f47b1d961ac0214c311c37d",
                            "width": 320
                        },
                        {
                            "height": 426,
                            "url": "https://external-preview.redd.it/AGSyGoXrkJDgKyg9Iu408s6q_Mrm3WX-2yRJIGw6gQU.jpg?width=640&amp;crop=smart&amp;auto=webp&amp;s=f7508308aa48c2e75b096c82401ba23798fe7a26",
                            "width": 640
                        },
                        {
                            "height": 639,
                            "url": "https://external-preview.redd.it/AGSyGoXrkJDgKyg9Iu408s6q_Mrm3WX-2yRJIGw6gQU.jpg?width=960&amp;crop=smart&amp;auto=webp&amp;s=e0b414b28e6edc3a035aefedaf5bbc345d9ee4e5",
                            "width": 960
                        },
                        {
                            "height": 719,
                            "url": "https://external-preview.redd.it/AGSyGoXrkJDgKyg9Iu408s6q_Mrm3WX-2yRJIGw6gQU.jpg?width=1080&amp;crop=smart&amp;auto=webp&amp;s=02d6a29641c49258d7ddfde6ad656f4c4244e9f3",
                            "width": 1080
                        }
                    ],
                    "source": {
                        "height": 1333,
                        "url": "https://external-preview.redd.it/AGSyGoXrkJDgKyg9Iu408s6q_Mrm3WX-2yRJIGw6gQU.jpg?auto=webp&amp;s=25e1b0fefa89672d26971dca9e18cff8e028f676",
                        "width": 2000
                    },
                    "variants": {}
                }
            ]
        },
        "pwls": 6,
        "removed_by_category": "moderator",
        "retrieved_on": 1593196145,
        "score": 1,
        "selftext": "",
        "send_replies": false,
        "spoiler": false,
        "stickied": false,
        "subreddit": "Coronavirus",
        "subreddit_id": "t5_2x4yx",
        "subreddit_subscribers": 2155705,
        "subreddit_type": "public",
        "suggested_sort": "confidence",
        "thumbnail": "https://b.thumbs.redditmedia.com/iZCiohVzpciGAT5mM-PIftBeu7DuVcgMgFGsWD0rimo.jpg",
        "thumbnail_height": 93,
        "thumbnail_width": 140,
        "title": "Gun sales soar amid coronavirus pandemic, George Floyd fallout",
        "total_awards_received": 0,
        "treatment_tags": [],
        "upvote_ratio": 1.0,
        "url": "https://covid19newshq.com/2020/06/26/gun-sales-soar-amid-coronavirus-pandemic-george-floyd-fallout/",
        "url_overridden_by_dest": "https://covid19newshq.com/2020/06/26/gun-sales-soar-amid-coronavirus-pandemic-george-floyd-fallout/",
        "whitelist_status": "all_ads",
        "wls": 6
    },
    {
        "all_awardings": [],
        "allow_live_comments": false,
        "author": "jigsawmap",
        "author_flair_css_class": null,
        "author_flair_richtext": [],
        "author_flair_text": null,
        "author_flair_type": "text",
        "author_fullname": "t2_4mhxmloq",
        "author_patreon_flair": false,
        "author_premium": true,
        "awarders": [],
        "can_mod_post": false,
        "contest_mode": false,
        "created_utc": "2020-06-04 13:31:44",
        "domain": "bloomberg.com",
        "full_link": "https://www.reddit.com/r/Coronavirus/comments/gwhht0/uk_lawmakers_share_evidence_of_harm_from_virus/",
        "gildings": {},
        "id": "gwhht0",
        "is_crosspostable": true,
        "is_meta": false,
        "is_original_content": false,
        "is_reddit_media_domain": false,
        "is_robot_indexable": true,
        "is_self": false,
        "is_video": false,
        "link_flair_background_color": "#94e044",
        "link_flair_richtext": [],
        "link_flair_template_id": "fd072d2c-5e48-11ea-8569-0eaa0007e55b",
        "link_flair_text": "Europe",
        "link_flair_text_color": "dark",
        "link_flair_type": "text",
        "locked": false,
        "media_only": false,
        "no_follow": false,
        "num_comments": 3,
        "num_crossposts": 0,
        "over_18": false,
        "parent_whitelist_status": "all_ads",
        "permalink": "/r/Coronavirus/comments/gwhht0/uk_lawmakers_share_evidence_of_harm_from_virus/",
        "pinned": false,
        "post_hint": "link",
        "preview": {
            "enabled": false,
            "images": [
                {
                    "id": "9bWnxIUea64sc_tecT4xQxNQ15xbUsZ_Iu2adJ2qiIk",
                    "resolutions": [
                        {
                            "height": 70,
                            "url": "https://external-preview.redd.it/K8FxyFvzNCoQfOu3jHqEDTzkLU3CZdDH6yafz1t8Oxo.jpg?width=108&amp;crop=smart&amp;auto=webp&amp;s=6646954ebe7f838cde77b91f929426919c084d92",
                            "width": 108
                        },
                        {
                            "height": 140,
                            "url": "https://external-preview.redd.it/K8FxyFvzNCoQfOu3jHqEDTzkLU3CZdDH6yafz1t8Oxo.jpg?width=216&amp;crop=smart&amp;auto=webp&amp;s=51fd93973d09463011ad76188d980dc561c7f55a",
                            "width": 216
                        },
                        {
                            "height": 207,
                            "url": "https://external-preview.redd.it/K8FxyFvzNCoQfOu3jHqEDTzkLU3CZdDH6yafz1t8Oxo.jpg?width=320&amp;crop=smart&amp;auto=webp&amp;s=f6a05519449f0c6185d00dc96d45370356ca7557",
                            "width": 320
                        },
                        {
                            "height": 414,
                            "url": "https://external-preview.redd.it/K8FxyFvzNCoQfOu3jHqEDTzkLU3CZdDH6yafz1t8Oxo.jpg?width=640&amp;crop=smart&amp;auto=webp&amp;s=49362d4f6474034901964cd57ac0bab848077279",
                            "width": 640
                        },
                        {
                            "height": 622,
                            "url": "https://external-preview.redd.it/K8FxyFvzNCoQfOu3jHqEDTzkLU3CZdDH6yafz1t8Oxo.jpg?width=960&amp;crop=smart&amp;auto=webp&amp;s=69f3cde9a21481cd59a68988835e0f377d8c28c8",
                            "width": 960
                        },
                        {
                            "height": 700,
                            "url": "https://external-preview.redd.it/K8FxyFvzNCoQfOu3jHqEDTzkLU3CZdDH6yafz1t8Oxo.jpg?width=1080&amp;crop=smart&amp;auto=webp&amp;s=625ad63dcd790aa85433f8fb747f706f1c8a07a7",
                            "width": 1080
                        }
                    ],
                    "source": {
                        "height": 778,
                        "url": "https://external-preview.redd.it/K8FxyFvzNCoQfOu3jHqEDTzkLU3CZdDH6yafz1t8Oxo.jpg?auto=webp&amp;s=2ec02c7cad0959f798667ebf0a58ee16cb45555f",
                        "width": 1200
                    },
                    "variants": {}
                }
            ]
        },
        "pwls": 6,
        "retrieved_on": 1591278187,
        "score": 3,
        "selftext": "",
        "send_replies": true,
        "spoiler": false,
        "stickied": false,
        "subreddit": "Coronavirus",
        "subreddit_id": "t5_2x4yx",
        "subreddit_subscribers": 2114809,
        "subreddit_type": "public",
        "suggested_sort": "confidence",
        "thumbnail": "https://b.thumbs.redditmedia.com/-7pFMN-DeSFnMMcbeYd9WBBH43_X6dyAuS9Hc_5kIeg.jpg",
        "thumbnail_height": 90,
        "thumbnail_width": 140,
        "title": "U.K. Lawmakers Share Evidence of Harm From Virus Misinformation",
        "total_awards_received": 0,
        "treatment_tags": [],
        "upvote_ratio": 1.0,
        "url": "https://www.bloomberg.com/news/articles/2020-06-04/u-k-lawmakers-share-evidence-of-harm-from-virus-misinformation",
        "whitelist_status": "all_ads",
        "wls": 6
    }
]