[
    {
        "all_awardings": [],
        "allow_live_comments": false,
        "author": "fvdly_tyler",
        "author_flair_css_class": null,
        "author_flair_richtext": [],
        "author_flair_text": null,
        "author_flair_type": "text",
        "author_fullname": "t2_7czj7t7i",
        "author_patreon_flair": false,
        "author_premium": false,
        "awarders": [],
        "can_mod_post": false,
        "contest_mode": false,
        "created_utc": "2020-09-28 02:03:46",
        "domain": "kff.org",
        "full_link": "https://www.reddit.com/r/Coronavirus/comments/j13is0/depression_anxiety_and_substance_use_are_on_the/",
        "gildings": {},
        "id": "j13is0",
        "is_crosspostable": true,
        "is_meta": false,
        "is_original_content": false,
        "is_reddit_media_domain": false,
        "is_robot_indexable": true,
        "is_self": false,
        "is_video": false,
        "link_flair_background_color": "#0dd3bb",
        "link_flair_richtext": [],
        "link_flair_template_id": "ca99103a-5e48-11ea-861e-0e14b931d16d",
        "link_flair_text": "World",
        "link_flair_text_color": "dark",
        "link_flair_type": "text",
        "locked": false,
        "media_only": false,
        "no_follow": true,
        "num_comments": 127,
        "num_crossposts": 0,
        "over_18": false,
        "parent_whitelist_status": "all_ads",
        "permalink": "/r/Coronavirus/comments/j13is0/depression_anxiety_and_substance_use_are_on_the/",
        "pinned": false,
        "post_hint": "link",
        "preview": {
            "enabled": false,
            "images": [
                {
                    "id": "YpJSuYzt5ae0EecnX1T1a4PFkfdKqd3ovJ0WquqyGRA",
                    "resolutions": [
                        {
                            "height": 60,
                            "url": "https://external-preview.redd.it/Fxk1AsVY90t_in4rg7pwXCqg6r9cDqFGOLaxRjAT0BY.jpg?width=108&amp;crop=smart&amp;auto=webp&amp;s=7094e02eb62552d35ca64435923d830bc6e4d905",
                            "width": 108
                        },
                        {
                            "height": 121,
                            "url": "https://external-preview.redd.it/Fxk1AsVY90t_in4rg7pwXCqg6r9cDqFGOLaxRjAT0BY.jpg?width=216&amp;crop=smart&amp;auto=webp&amp;s=414cf931d236f232c0ba99b17313f4a6425b0cfc",
                            "width": 216
                        },
                        {
                            "height": 179,
                            "url": "https://external-preview.redd.it/Fxk1AsVY90t_in4rg7pwXCqg6r9cDqFGOLaxRjAT0BY.jpg?width=320&amp;crop=smart&amp;auto=webp&amp;s=a05a34fcb07f6a5a23686b096bded0e9f9b3f0f1",
                            "width": 320
                        },
                        {
                            "height": 358,
                            "url": "https://external-preview.redd.it/Fxk1AsVY90t_in4rg7pwXCqg6r9cDqFGOLaxRjAT0BY.jpg?width=640&amp;crop=smart&amp;auto=webp&amp;s=95a248b6a655aa47e3b9f84cf448a0b20a1df99c",
                            "width": 640
                        },
                        {
                            "height": 538,
                            "url": "https://external-preview.redd.it/Fxk1AsVY90t_in4rg7pwXCqg6r9cDqFGOLaxRjAT0BY.jpg?width=960&amp;crop=smart&amp;auto=webp&amp;s=d53160a11ccb9be3391fc1914412461f4bb4468f",
                            "width": 960
                        },
                        {
                            "height": 605,
                            "url": "https://external-preview.redd.it/Fxk1AsVY90t_in4rg7pwXCqg6r9cDqFGOLaxRjAT0BY.jpg?width=1080&amp;crop=smart&amp;auto=webp&amp;s=9bb88b08af5bf6ed5c987978fd371d0056184be9",
                            "width": 1080
                        }
                    ],
                    "source": {
                        "height": 1800,
                        "url": "https://external-preview.redd.it/Fxk1AsVY90t_in4rg7pwXCqg6r9cDqFGOLaxRjAT0BY.jpg?auto=webp&amp;s=f61ea9fa7dbfb8373af9d8388882a5a22fd2ceda",
                        "width": 3209
                    },
                    "variants": {}
                }
            ]
        },
        "pwls": 6,
        "retrieved_on": 1601258636,
        "score": 1,
        "selftext": "",
        "send_replies": true,
        "spoiler": false,
        "stickied": false,
        "subreddit": "Coronavirus",
        "subreddit_id": "t5_2x4yx",
        "subreddit_subscribers": 2282259,
        "subreddit_type": "public",
        "suggested_sort": "confidence",
        "thumbnail": "https://b.thumbs.redditmedia.com/p6Z_g2vNEb72iWUuhBDMZzd4F0sYb6nkEv8nMH_nGrM.jpg",
        "thumbnail_height": 78,
        "thumbnail_width": 140,
        "title": "Depression anxiety and substance use are on the rise due to lockdowns.",
        "total_awards_received": 0,
        "treatment_tags": [],
        "upvote_ratio": 1.0,
        "url": "https://www.kff.org/coronavirus-covid-19/issue-brief/the-implications-of-covid-19-for-mental-health-and-substance-use/",
        "url_overridden_by_dest": "https://www.kff.org/coronavirus-covid-19/issue-brief/the-implications-of-covid-19-for-mental-health-and-substance-use/",
        "whitelist_status": "all_ads",
        "wls": 6
    },
    {
        "all_awardings": [],
        "allow_live_comments": false,
        "author": "mjatin2007",
        "author_flair_css_class": null,
        "author_flair_richtext": [],
        "author_flair_text": null,
        "author_flair_type": "text",
        "author_fullname": "t2_kwfet",
        "author_patreon_flair": false,
        "author_premium": true,
        "awarders": [],
        "can_mod_post": false,
        "contest_mode": false,
        "created_utc": "2020-09-25 20:41:16",
        "domain": "afitindian.com",
        "full_link": "https://www.reddit.com/r/Coronavirus/comments/izrkuw/how_to_manage_stress_and_anxiety_while_working/",
        "gildings": {},
        "id": "izrkuw",
        "is_crosspostable": true,
        "is_meta": false,
        "is_original_content": false,
        "is_reddit_media_domain": false,
        "is_robot_indexable": true,
        "is_self": false,
        "is_video": false,
        "link_flair_background_color": "#46d160",
        "link_flair_richtext": [],
        "link_flair_template_id": "8967475c-5e49-11ea-bb7d-0e69024792b3",
        "link_flair_text": "Good News",
        "link_flair_text_color": "dark",
        "link_flair_type": "text",
        "locked": false,
        "media_only": false,
        "no_follow": true,
        "num_comments": 32,
        "num_crossposts": 0,
        "over_18": false,
        "parent_whitelist_status": "all_ads",
        "permalink": "/r/Coronavirus/comments/izrkuw/how_to_manage_stress_and_anxiety_while_working/",
        "pinned": false,
        "post_hint": "link",
        "preview": {
            "enabled": false,
            "images": [
                {
                    "id": "8mlnGSVGIbbTJHO_8FyQXvd5n0gHY2n7i4moxQIRXYk",
                    "resolutions": [
                        {
                            "height": 72,
                            "url": "https://external-preview.redd.it/wTAkaUIcUmUGCJglt-W4zZ2QEvoEtWeZpwV4kau2u-A.jpg?width=108&amp;crop=smart&amp;auto=webp&amp;s=3fcc283f98d521ee854a84281daf521c05b8d2b8",
                            "width": 108
                        },
                        {
                            "height": 144,
                            "url": "https://external-preview.redd.it/wTAkaUIcUmUGCJglt-W4zZ2QEvoEtWeZpwV4kau2u-A.jpg?width=216&amp;crop=smart&amp;auto=webp&amp;s=01142c1ec918e1968ba9ccf864fd81cd43843674",
                            "width": 216
                        },
                        {
                            "height": 213,
                            "url": "https://external-preview.redd.it/wTAkaUIcUmUGCJglt-W4zZ2QEvoEtWeZpwV4kau2u-A.jpg?width=320&amp;crop=smart&amp;auto=webp&amp;s=d4cb9707a9147bce8f8d207436722e9457d68cc9",
                            "width": 320
                        },
                        {
                            "height": 426,
                            "url": "https://external-preview.redd.it/wTAkaUIcUmUGCJglt-W4zZ2QEvoEtWeZpwV4kau2u-A.jpg?width=640&amp;crop=smart&amp;auto=webp&amp;s=77149e144a92bdb21baae4ac335e181e4292a4b3",
                            "width": 640
                        },
                        {
                            "height": 640,
                            "url": "https://external-preview.redd.it/wTAkaUIcUmUGCJglt-W4zZ2QEvoEtWeZpwV4kau2u-A.jpg?width=960&amp;crop=smart&amp;auto=webp&amp;s=aeaf808878adf0773b1893a53607cf1d8de6d1e8",
                            "width": 960
                        },
                        {
                            "height": 720,
                            "url": "https://external-preview.redd.it/wTAkaUIcUmUGCJglt-W4zZ2QEvoEtWeZpwV4kau2u-A.jpg?width=1080&amp;crop=smart&amp;auto=webp&amp;s=e42220a5d21af07000c462a3441e97c6e47a1278",
                            "width": 1080
                        }
                    ],
                    "source": {
                        "height": 1280,
                        "url": "https://external-preview.redd.it/wTAkaUIcUmUGCJglt-W4zZ2QEvoEtWeZpwV4kau2u-A.jpg?auto=webp&amp;s=aa363fa3eb72a9e46aab20aeb5d1da3b57ec3cfb",
                        "width": 1920
                    },
                    "variants": {}
                }
            ]
        },
        "pwls": 6,
        "retrieved_on": 1601066487,
        "score": 1,
        "selftext": "",
        "send_replies": true,
        "spoiler": false,
        "stickied": false,
        "subreddit": "Coronavirus",
        "subreddit_id": "t5_2x4yx",
        "subreddit_subscribers": 2281130,
        "subreddit_type": "public",
        "suggested_sort": "confidence",
        "thumbnail": "https://a.thumbs.redditmedia.com/qM4p69VVwV6-zqPrDg0XT6fudrY5t6WbumHJOeZf010.jpg",
        "thumbnail_height": 93,
        "thumbnail_width": 140,
        "title": "How to Manage Stress and Anxiety while working from home during COVID",
        "total_awards_received": 0,
        "treatment_tags": [],
        "upvote_ratio": 1.0,
        "url": "https://afitindian.com/how-to-manage-stress-and-anxiety-while-working-from-home/",
        "url_overridden_by_dest": "https://afitindian.com/how-to-manage-stress-and-anxiety-while-working-from-home/",
        "whitelist_status": "all_ads",
        "wls": 6
    },
    {
        "all_awardings": [],
        "allow_live_comments": false,
        "author": "PercivalYoung",
        "author_flair_css_class": null,
        "author_flair_richtext": [],
        "author_flair_text": null,
        "author_flair_type": "text",
        "author_fullname": "t2_834xeq0f",
        "author_patreon_flair": false,
        "author_premium": false,
        "awarders": [],
        "can_mod_post": false,
        "contest_mode": false,
        "created_utc": "2020-09-24 11:30:23",
        "domain": "twitter.com",
        "full_link": "https://www.reddit.com/r/Coronavirus/comments/iyvgv3/panic_anxiety_coronavirus_symptoms_compared/",
        "gildings": {},
        "id": "iyvgv3",
        "is_crosspostable": false,
        "is_meta": false,
        "is_original_content": false,
        "is_reddit_media_domain": false,
        "is_robot_indexable": false,
        "is_self": false,
        "is_video": false,
        "link_flair_background_color": "#ea0027",
        "link_flair_css_class": "rm infoquality",
        "link_flair_richtext": [],
        "link_flair_template_id": "2ac9e9e2-67cd-11ea-b6ae-0e214693e803",
        "link_flair_text": "Removed - Rule 5: Keep information quality high",
        "link_flair_text_color": "dark",
        "link_flair_type": "text",
        "locked": false,
        "media_only": false,
        "no_follow": true,
        "num_comments": 2,
        "num_crossposts": 0,
        "over_18": false,
        "parent_whitelist_status": "all_ads",
        "permalink": "/r/Coronavirus/comments/iyvgv3/panic_anxiety_coronavirus_symptoms_compared/",
        "pinned": false,
        "pwls": 6,
        "removed_by_category": "moderator",
        "retrieved_on": 1600947034,
        "score": 1,
        "selftext": "",
        "send_replies": true,
        "spoiler": false,
        "stickied": false,
        "subreddit": "Coronavirus",
        "subreddit_id": "t5_2x4yx",
        "subreddit_subscribers": 2280590,
        "subreddit_type": "public",
        "suggested_sort": "confidence",
        "thumbnail": "default",
        "title": "Panic, Anxiety &amp; Coronavirus Symptoms compared",
        "total_awards_received": 0,
        "treatment_tags": [],
        "upvote_ratio": 1.0,
        "url": "https://twitter.com/tom__psych/status/1309092334626373632/photo/1",
        "url_overridden_by_dest": "https://twitter.com/tom__psych/status/1309092334626373632/photo/1",
        "whitelist_status": "all_ads",
        "wls": 6
    },
    {
        "all_awardings": [],
        "allow_live_comments": false,
        "author": "mczeisler",
        "author_flair_css_class": null,
        "author_flair_richtext": [],
        "author_flair_text": null,
        "author_flair_type": "text",
        "author_fullname": "t2_6arl923e",
        "author_patreon_flair": false,
        "author_premium": false,
        "awarders": [],
        "can_mod_post": false,
        "contest_mode": false,
        "created_utc": "2020-09-23 20:44:08",
        "domain": "cnet.com",
        "full_link": "https://www.reddit.com/r/Coronavirus/comments/iyip1k/depression_and_anxiety_rates_are_up_and_they_may/",
        "gildings": {},
        "id": "iyip1k",
        "is_crosspostable": true,
        "is_meta": false,
        "is_original_content": false,
        "is_reddit_media_domain": false,
        "is_robot_indexable": true,
        "is_self": false,
        "is_video": false,
        "link_flair_background_color": "#ff8717",
        "link_flair_richtext": [],
        "link_flair_template_id": "e7643a50-5e48-11ea-8e30-0e05eb9dc901",
        "link_flair_text": "USA",
        "link_flair_text_color": "dark",
        "link_flair_type": "text",
        "locked": false,
        "media_only": false,
        "no_follow": true,
        "num_comments": 2,
        "num_crossposts": 0,
        "over_18": false,
        "parent_whitelist_status": "all_ads",
        "permalink": "/r/Coronavirus/comments/iyip1k/depression_and_anxiety_rates_are_up_and_they_may/",
        "pinned": false,
        "post_hint": "link",
        "preview": {
            "enabled": false,
            "images": [
                {
                    "id": "_knqYhHWKlvIIIMzzEKgvmgoI-pEri6cP12fUV-ZBYU",
                    "resolutions": [
                        {
                            "height": 56,
                            "url": "https://external-preview.redd.it/p7sx0qyVt0UTPcplOsGGbnrhP4eBeBDPtZTIwMM1Gww.jpg?width=108&amp;crop=smart&amp;auto=webp&amp;s=15b71c656798fb85ec94f038cb5ddc9fecdc4898",
                            "width": 108
                        },
                        {
                            "height": 113,
                            "url": "https://external-preview.redd.it/p7sx0qyVt0UTPcplOsGGbnrhP4eBeBDPtZTIwMM1Gww.jpg?width=216&amp;crop=smart&amp;auto=webp&amp;s=4979d3d8b22cb00bd2b18cba6d963789b67dd44a",
                            "width": 216
                        },
                        {
                            "height": 168,
                            "url": "https://external-preview.redd.it/p7sx0qyVt0UTPcplOsGGbnrhP4eBeBDPtZTIwMM1Gww.jpg?width=320&amp;crop=smart&amp;auto=webp&amp;s=c1863970f22794f7bdee4973bce10e6ebf06f495",
                            "width": 320
                        },
                        {
                            "height": 336,
                            "url": "https://external-preview.redd.it/p7sx0qyVt0UTPcplOsGGbnrhP4eBeBDPtZTIwMM1Gww.jpg?width=640&amp;crop=smart&amp;auto=webp&amp;s=61c1f4cb695c460c75bc1cd6661a6009c6f86e7c",
                            "width": 640
                        },
                        {
                            "height": 504,
                            "url": "https://external-preview.redd.it/p7sx0qyVt0UTPcplOsGGbnrhP4eBeBDPtZTIwMM1Gww.jpg?width=960&amp;crop=smart&amp;auto=webp&amp;s=fb48ceb2583f6366e8e041fd33d363b54c55eb24",
                            "width": 960
                        },
                        {
                            "height": 567,
                            "url": "https://external-preview.redd.it/p7sx0qyVt0UTPcplOsGGbnrhP4eBeBDPtZTIwMM1Gww.jpg?width=1080&amp;crop=smart&amp;auto=webp&amp;s=26899ad4dc6e0faa49df4e9d2418621fc482d108",
                            "width": 1080
                        }
                    ],
                    "source": {
                        "height": 630,
                        "url": "https://external-preview.redd.it/p7sx0qyVt0UTPcplOsGGbnrhP4eBeBDPtZTIwMM1Gww.jpg?auto=webp&amp;s=a29ed672cc7e943712c6b34e8ab997fb96a084c1",
                        "width": 1200
                    },
                    "variants": {}
                }
            ]
        },
        "pwls": 6,
        "retrieved_on": 1600893859,
        "score": 1,
        "selftext": "",
        "send_replies": true,
        "spoiler": false,
        "stickied": false,
        "subreddit": "Coronavirus",
        "subreddit_id": "t5_2x4yx",
        "subreddit_subscribers": 2280326,
        "subreddit_type": "public",
        "suggested_sort": "confidence",
        "thumbnail": "https://b.thumbs.redditmedia.com/GI-DSEYO19Mzm_DTkRklNUOWX7yz5QFkVhifMsLAXns.jpg",
        "thumbnail_height": 73,
        "thumbnail_width": 140,
        "title": "Depression and anxiety rates are up -- and they may get worse this winter",
        "total_awards_received": 0,
        "treatment_tags": [],
        "upvote_ratio": 1.0,
        "url": "https://www.cnet.com/health/seasonal-affective-disorder-therapists-weigh-in-on-how-to-cope/",
        "url_overridden_by_dest": "https://www.cnet.com/health/seasonal-affective-disorder-therapists-weigh-in-on-how-to-cope/",
        "whitelist_status": "all_ads",
        "wls": 6
    },
    {
        "all_awardings": [],
        "allow_live_comments": false,
        "author": "Wrlove5683",
        "author_flair_css_class": null,
        "author_flair_richtext": [],
        "author_flair_text": null,
        "author_flair_type": "text",
        "author_fullname": "t2_ag77x",
        "author_patreon_flair": false,
        "author_premium": false,
        "awarders": [],
        "can_mod_post": false,
        "contest_mode": false,
        "created_utc": "2020-09-18 23:55:39",
        "domain": "google.com",
        "full_link": "https://www.reddit.com/r/Coronavirus/comments/ivhlj9/anybody_else_part_of_this_long_hauler_group_i/",
        "gildings": {},
        "id": "ivhlj9",
        "is_crosspostable": false,
        "is_meta": false,
        "is_original_content": false,
        "is_reddit_media_domain": false,
        "is_robot_indexable": false,
        "is_self": false,
        "is_video": false,
        "link_flair_background_color": "#ff8717",
        "link_flair_richtext": [],
        "link_flair_template_id": "e7643a50-5e48-11ea-8e30-0e05eb9dc901",
        "link_flair_text": "USA",
        "link_flair_text_color": "dark",
        "link_flair_type": "text",
        "locked": false,
        "media_only": false,
        "no_follow": true,
        "num_comments": 0,
        "num_crossposts": 0,
        "over_18": false,
        "parent_whitelist_status": "all_ads",
        "permalink": "/r/Coronavirus/comments/ivhlj9/anybody_else_part_of_this_long_hauler_group_i/",
        "pinned": false,
        "post_hint": "link",
        "preview": {
            "enabled": false,
            "images": [
                {
                    "id": "VNq9vt2tuMn_uvHoRFibsgy3IbbmOMHF3FGxdGDmNbQ",
                    "resolutions": [
                        {
                            "height": 60,
                            "url": "https://external-preview.redd.it/5ge1RbL45OfBDnvwSeuBgCQ3GyiLXp9VfJOpap23Bqo.jpg?width=108&amp;crop=smart&amp;auto=webp&amp;s=83d0adf3820cb3e794ab5ca056a85b4f2ff4d608",
                            "width": 108
                        },
                        {
                            "height": 121,
                            "url": "https://external-preview.redd.it/5ge1RbL45OfBDnvwSeuBgCQ3GyiLXp9VfJOpap23Bqo.jpg?width=216&amp;crop=smart&amp;auto=webp&amp;s=5312a1d5a2486f53ea5ec426d991796515827705",
                            "width": 216
                        },
                        {
                            "height": 180,
                            "url": "https://external-preview.redd.it/5ge1RbL45OfBDnvwSeuBgCQ3GyiLXp9VfJOpap23Bqo.jpg?width=320&amp;crop=smart&amp;auto=webp&amp;s=d3174e2ecd3cbdc68561a47c0167e26d208cd8fc",
                            "width": 320
                        },
                        {
                            "height": 360,
                            "url": "https://external-preview.redd.it/5ge1RbL45OfBDnvwSeuBgCQ3GyiLXp9VfJOpap23Bqo.jpg?width=640&amp;crop=smart&amp;auto=webp&amp;s=9f190b933f2d852d0db8706e590117cd1b9dbcae",
                            "width": 640
                        },
                        {
                            "height": 540,
                            "url": "https://external-preview.redd.it/5ge1RbL45OfBDnvwSeuBgCQ3GyiLXp9VfJOpap23Bqo.jpg?width=960&amp;crop=smart&amp;auto=webp&amp;s=8e77d6aae2a8d6e5d845411cc347a0e67e270059",
                            "width": 960
                        }
                    ],
                    "source": {
                        "height": 576,
                        "url": "https://external-preview.redd.it/5ge1RbL45OfBDnvwSeuBgCQ3GyiLXp9VfJOpap23Bqo.jpg?auto=webp&amp;s=1b52700204495ec0702fa78b5ef9e3d2dbb0bf5c",
                        "width": 1024
                    },
                    "variants": {}
                }
            ]
        },
        "pwls": 6,
        "removed_by_category": "moderator",
        "retrieved_on": 1600473350,
        "score": 1,
        "selftext": "",
        "send_replies": true,
        "spoiler": false,
        "stickied": false,
        "subreddit": "Coronavirus",
        "subreddit_id": "t5_2x4yx",
        "subreddit_subscribers": 2279158,
        "subreddit_type": "public",
        "suggested_sort": "confidence",
        "thumbnail": "https://b.thumbs.redditmedia.com/CISadjU1cVL8-fKtqCdTV4JDMDpn7kK71qht3zXSgeI.jpg",
        "thumbnail_height": 78,
        "thumbnail_width": 140,
        "title": "Anybody else part of this \u201clong hauler\u201d group? I have had a headache for 40 days straight, crippling anxiety, constant chest tightness, shortness of breath with exertion, and palpitations. Just looking for support because I feel like I can\u2019t take much more.",
        "total_awards_received": 0,
        "treatment_tags": [],
        "upvote_ratio": 1.0,
        "url": "https://www.google.com/amp/s/www.livescience.com/amp/covid-long-haulers-updates.html",
        "url_overridden_by_dest": "https://www.google.com/amp/s/www.livescience.com/amp/covid-long-haulers-updates.html",
        "whitelist_status": "all_ads",
        "wls": 6
    },
    {
        "all_awardings": [],
        "allow_live_comments": false,
        "author": "zsreport",
        "author_flair_css_class": null,
        "author_flair_richtext": [],
        "author_flair_text": null,
        "author_flair_type": "text",
        "author_fullname": "t2_avobu",
        "author_patreon_flair": false,
        "author_premium": true,
        "awarders": [],
        "can_mod_post": false,
        "contest_mode": false,
        "created_utc": "2020-09-14 18:37:57",
        "domain": "nydailynews.com",
        "full_link": "https://www.reddit.com/r/Coronavirus/comments/isr0i8/how_to_manage_your_coronavirus_anxiety_according/",
        "gildings": {},
        "id": "isr0i8",
        "is_crosspostable": true,
        "is_meta": false,
        "is_original_content": false,
        "is_reddit_media_domain": false,
        "is_robot_indexable": true,
        "is_self": false,
        "is_video": false,
        "link_flair_background_color": "#0dd3bb",
        "link_flair_richtext": [],
        "link_flair_template_id": "ca99103a-5e48-11ea-861e-0e14b931d16d",
        "link_flair_text": "World",
        "link_flair_text_color": "dark",
        "link_flair_type": "text",
        "locked": false,
        "media_only": false,
        "no_follow": true,
        "num_comments": 32,
        "num_crossposts": 0,
        "over_18": false,
        "parent_whitelist_status": "all_ads",
        "permalink": "/r/Coronavirus/comments/isr0i8/how_to_manage_your_coronavirus_anxiety_according/",
        "pinned": false,
        "post_hint": "link",
        "preview": {
            "enabled": false,
            "images": [
                {
                    "id": "5Pz9it6xMln4Iv3pIDQRlY3zEB_uo_ibRJ0E20erkTM",
                    "resolutions": [
                        {
                            "height": 60,
                            "url": "https://external-preview.redd.it/PTeB7mutkJPD-hVcNw7l3xytVrJNzO4DdVEL_49lugo.jpg?width=108&amp;crop=smart&amp;auto=webp&amp;s=54df08e1519b9fbd1a48c7dc6633b4249b86d3d1",
                            "width": 108
                        },
                        {
                            "height": 121,
                            "url": "https://external-preview.redd.it/PTeB7mutkJPD-hVcNw7l3xytVrJNzO4DdVEL_49lugo.jpg?width=216&amp;crop=smart&amp;auto=webp&amp;s=acfffae80bbbcb64336081d661ca7f106f5aeb66",
                            "width": 216
                        },
                        {
                            "height": 179,
                            "url": "https://external-preview.redd.it/PTeB7mutkJPD-hVcNw7l3xytVrJNzO4DdVEL_49lugo.jpg?width=320&amp;crop=smart&amp;auto=webp&amp;s=13de05165c5c7787384dcf5931a5733843403172",
                            "width": 320
                        },
                        {
                            "height": 358,
                            "url": "https://external-preview.redd.it/PTeB7mutkJPD-hVcNw7l3xytVrJNzO4DdVEL_49lugo.jpg?width=640&amp;crop=smart&amp;auto=webp&amp;s=5075b004c13b67de47545b3005dea925d5807fcb",
                            "width": 640
                        },
                        {
                            "height": 538,
                            "url": "https://external-preview.redd.it/PTeB7mutkJPD-hVcNw7l3xytVrJNzO4DdVEL_49lugo.jpg?width=960&amp;crop=smart&amp;auto=webp&amp;s=fab202ee3bece217a2c565c2490439ecd40e1f3a",
                            "width": 960
                        },
                        {
                            "height": 605,
                            "url": "https://external-preview.redd.it/PTeB7mutkJPD-hVcNw7l3xytVrJNzO4DdVEL_49lugo.jpg?width=1080&amp;crop=smart&amp;auto=webp&amp;s=75bea77b459abaa976975ff8e5f535fae4fc9676",
                            "width": 1080
                        }
                    ],
                    "source": {
                        "height": 673,
                        "url": "https://external-preview.redd.it/PTeB7mutkJPD-hVcNw7l3xytVrJNzO4DdVEL_49lugo.jpg?auto=webp&amp;s=20b96442c35d8721cffb99c8cd2e8645b8bf3f7f",
                        "width": 1200
                    },
                    "variants": {}
                }
            ]
        },
        "pwls": 6,
        "retrieved_on": 1600108688,
        "score": 1,
        "selftext": "",
        "send_replies": false,
        "spoiler": false,
        "stickied": false,
        "subreddit": "Coronavirus",
        "subreddit_id": "t5_2x4yx",
        "subreddit_subscribers": 2277190,
        "subreddit_type": "public",
        "suggested_sort": "confidence",
        "thumbnail": "https://b.thumbs.redditmedia.com/FQe8BEzz35tOBh8qcGb7mOYU_-dW9zS6WJ7Qpg_c9vw.jpg",
        "thumbnail_height": 78,
        "thumbnail_width": 140,
        "title": "How to manage your coronavirus anxiety, according to mental health professionals",
        "total_awards_received": 0,
        "treatment_tags": [],
        "upvote_ratio": 1.0,
        "url": "https://www.nydailynews.com/coronavirus/sns-how-manage-coronavirus-anxiety-mental-health-professionals-20200424-ggnxtlvdxvgela5eiu25wpdhlq-photogallery.html",
        "url_overridden_by_dest": "https://www.nydailynews.com/coronavirus/sns-how-manage-coronavirus-anxiety-mental-health-professionals-20200424-ggnxtlvdxvgela5eiu25wpdhlq-photogallery.html",
        "whitelist_status": "all_ads",
        "wls": 6
    },
    {
        "all_awardings": [],
        "allow_live_comments": false,
        "author": "FlavoursDelight",
        "author_flair_css_class": null,
        "author_flair_richtext": [],
        "author_flair_text": null,
        "author_flair_type": "text",
        "author_fullname": "t2_7iut1jab",
        "author_patreon_flair": false,
        "author_premium": false,
        "awarders": [],
        "can_mod_post": false,
        "contest_mode": false,
        "created_utc": "2020-09-12 17:33:08",
        "domain": "eu.usatoday.com",
        "full_link": "https://www.reddit.com/r/Coronavirus/comments/irgvr8/during_the_covid19_pandemic_some_are_trying/",
        "gildings": {},
        "id": "irgvr8",
        "is_crosspostable": true,
        "is_meta": false,
        "is_original_content": false,
        "is_reddit_media_domain": false,
        "is_robot_indexable": true,
        "is_self": false,
        "is_video": false,
        "link_flair_background_color": "#0dd3bb",
        "link_flair_richtext": [],
        "link_flair_template_id": "ca99103a-5e48-11ea-861e-0e14b931d16d",
        "link_flair_text": "World",
        "link_flair_text_color": "dark",
        "link_flair_type": "text",
        "locked": false,
        "media_only": false,
        "no_follow": false,
        "num_comments": 6,
        "num_crossposts": 0,
        "over_18": false,
        "parent_whitelist_status": "all_ads",
        "permalink": "/r/Coronavirus/comments/irgvr8/during_the_covid19_pandemic_some_are_trying/",
        "pinned": false,
        "post_hint": "link",
        "preview": {
            "enabled": false,
            "images": [
                {
                    "id": "Y-QQok6KH5BboucAzYECo-t-gFhmHtq_51IeNO-aKi0",
                    "resolutions": [
                        {
                            "height": 60,
                            "url": "https://external-preview.redd.it/ALZYwXI_Bc4XaiX6Y1m-G4xlX3Fhsp3xualAigCJGdw.jpg?width=108&amp;crop=smart&amp;auto=webp&amp;s=cc33b0c942fa7edef8cb5db4df90cc81104a890f",
                            "width": 108
                        },
                        {
                            "height": 121,
                            "url": "https://external-preview.redd.it/ALZYwXI_Bc4XaiX6Y1m-G4xlX3Fhsp3xualAigCJGdw.jpg?width=216&amp;crop=smart&amp;auto=webp&amp;s=584ef63ab6d52db7a47ff0e502669ad9cb78bfa6",
                            "width": 216
                        },
                        {
                            "height": 180,
                            "url": "https://external-preview.redd.it/ALZYwXI_Bc4XaiX6Y1m-G4xlX3Fhsp3xualAigCJGdw.jpg?width=320&amp;crop=smart&amp;auto=webp&amp;s=768ceb744fa9af927ce81564daf9b400a3c53554",
                            "width": 320
                        },
                        {
                            "height": 360,
                            "url": "https://external-preview.redd.it/ALZYwXI_Bc4XaiX6Y1m-G4xlX3Fhsp3xualAigCJGdw.jpg?width=640&amp;crop=smart&amp;auto=webp&amp;s=5d20a15c2c0f135c6d1daad3d95b700c7da11eeb",
                            "width": 640
                        },
                        {
                            "height": 540,
                            "url": "https://external-preview.redd.it/ALZYwXI_Bc4XaiX6Y1m-G4xlX3Fhsp3xualAigCJGdw.jpg?width=960&amp;crop=smart&amp;auto=webp&amp;s=014604af5bcf1e80f189ea7b298eaa06c98f3b20",
                            "width": 960
                        },
                        {
                            "height": 607,
                            "url": "https://external-preview.redd.it/ALZYwXI_Bc4XaiX6Y1m-G4xlX3Fhsp3xualAigCJGdw.jpg?width=1080&amp;crop=smart&amp;auto=webp&amp;s=4d335efc203fd7ba2d090a2c2fb6cbb20ea821b1",
                            "width": 1080
                        }
                    ],
                    "source": {
                        "height": 1193,
                        "url": "https://external-preview.redd.it/ALZYwXI_Bc4XaiX6Y1m-G4xlX3Fhsp3xualAigCJGdw.jpg?auto=webp&amp;s=3330e4db18401aba8e5cb141c8e3413d8a1e6cfc",
                        "width": 2120
                    },
                    "variants": {}
                }
            ]
        },
        "pwls": 6,
        "retrieved_on": 1599986985,
        "score": 8,
        "selftext": "",
        "send_replies": true,
        "spoiler": false,
        "stickied": false,
        "subreddit": "Coronavirus",
        "subreddit_id": "t5_2x4yx",
        "subreddit_subscribers": 2276266,
        "subreddit_type": "public",
        "suggested_sort": "confidence",
        "thumbnail": "https://b.thumbs.redditmedia.com/R1_oD_Ouaq5r5NQ_0tHEqv_l6yy-597C40CaoSzZ0bk.jpg",
        "thumbnail_height": 78,
        "thumbnail_width": 140,
        "title": "During the COVID-19 pandemic, some are trying breathwork classes to relieve anxiety",
        "total_awards_received": 0,
        "treatment_tags": [],
        "upvote_ratio": 0.72,
        "url": "https://eu.usatoday.com/story/life/2020/09/12/breathwork-classes-may-help-you-improve-your-mental-and-physical-health/3467368001/",
        "url_overridden_by_dest": "https://eu.usatoday.com/story/life/2020/09/12/breathwork-classes-may-help-you-improve-your-mental-and-physical-health/3467368001/",
        "whitelist_status": "all_ads",
        "wls": 6
    },
    {
        "all_awardings": [],
        "allow_live_comments": false,
        "author": "Alish-KC98",
        "author_flair_css_class": null,
        "author_flair_richtext": [],
        "author_flair_text": null,
        "author_flair_type": "text",
        "author_fullname": "t2_7yv8wrpl",
        "author_patreon_flair": false,
        "author_premium": false,
        "awarders": [],
        "can_mod_post": false,
        "contest_mode": false,
        "created_utc": "2020-09-11 09:23:37",
        "domain": "covid19.ndrrma.gov.np",
        "full_link": "https://www.reddit.com/r/Coronavirus/comments/iqn88c/nine_months_of_ongoing_lockdown_rise_in_poverty/",
        "gildings": {},
        "id": "iqn88c",
        "is_crosspostable": false,
        "is_meta": false,
        "is_original_content": false,
        "is_reddit_media_domain": false,
        "is_robot_indexable": false,
        "is_self": false,
        "is_video": false,
        "link_flair_background_color": "#0dd3bb",
        "link_flair_richtext": [],
        "link_flair_template_id": "ca99103a-5e48-11ea-861e-0e14b931d16d",
        "link_flair_text": "World",
        "link_flair_text_color": "dark",
        "link_flair_type": "text",
        "locked": false,
        "media_only": false,
        "no_follow": true,
        "num_comments": 0,
        "num_crossposts": 0,
        "over_18": false,
        "parent_whitelist_status": "all_ads",
        "permalink": "/r/Coronavirus/comments/iqn88c/nine_months_of_ongoing_lockdown_rise_in_poverty/",
        "pinned": false,
        "pwls": 6,
        "removed_by_category": "moderator",
        "retrieved_on": 1599816228,
        "score": 1,
        "selftext": "",
        "send_replies": true,
        "spoiler": false,
        "stickied": false,
        "subreddit": "Coronavirus",
        "subreddit_id": "t5_2x4yx",
        "subreddit_subscribers": 2275042,
        "subreddit_type": "public",
        "suggested_sort": "confidence",
        "thumbnail": "default",
        "title": "Nine months of ongoing Lock-down, Rise in Poverty, Unemployment, Anxiety and Depression has left Nepalese citizens state in turmoil.More than 5000infected, 317 Covid deaths, more than 1300 suicidal deaths; what more is left to haunt Nepal and its Citizens Down.",
        "total_awards_received": 0,
        "treatment_tags": [],
        "upvote_ratio": 1.0,
        "url": "https://covid19.ndrrma.gov.np/",
        "url_overridden_by_dest": "https://covid19.ndrrma.gov.np/",
        "whitelist_status": "all_ads",
        "wls": 6
    },
    {
        "all_awardings": [],
        "allow_live_comments": false,
        "author": "ChrisJones--",
        "author_flair_css_class": null,
        "author_flair_richtext": [],
        "author_flair_text": null,
        "author_flair_type": "text",
        "author_fullname": "t2_7x7wq326",
        "author_patreon_flair": false,
        "author_premium": false,
        "awarders": [],
        "can_mod_post": false,
        "contest_mode": false,
        "created_utc": "2020-09-09 20:42:50",
        "domain": "pocketcoach.co",
        "full_link": "https://www.reddit.com/r/Coronavirus/comments/ipophe/anxiety_vs_covid19_symptoms_compared/",
        "gildings": {},
        "id": "ipophe",
        "is_crosspostable": false,
        "is_meta": false,
        "is_original_content": false,
        "is_reddit_media_domain": false,
        "is_robot_indexable": false,
        "is_self": false,
        "is_video": false,
        "link_flair_background_color": "#0dd3bb",
        "link_flair_richtext": [],
        "link_flair_template_id": "ca99103a-5e48-11ea-861e-0e14b931d16d",
        "link_flair_text": "World",
        "link_flair_text_color": "dark",
        "link_flair_type": "text",
        "locked": false,
        "media_only": false,
        "no_follow": true,
        "num_comments": 0,
        "num_crossposts": 0,
        "over_18": false,
        "parent_whitelist_status": "all_ads",
        "permalink": "/r/Coronavirus/comments/ipophe/anxiety_vs_covid19_symptoms_compared/",
        "pinned": false,
        "post_hint": "link",
        "preview": {
            "enabled": false,
            "images": [
                {
                    "id": "ex1-231RuX78_F8cazjFlGY4SI5Giw09gTXDVrw5cKU",
                    "resolutions": [
                        {
                            "height": 71,
                            "url": "https://external-preview.redd.it/8fWfICyBeCD-WbleZJK9c34F55uT9TXsr-xZdubxoZY.jpg?width=108&amp;crop=smart&amp;auto=webp&amp;s=b8afa9c67f35b1a72d6704f8cd1719158144e086",
                            "width": 108
                        },
                        {
                            "height": 143,
                            "url": "https://external-preview.redd.it/8fWfICyBeCD-WbleZJK9c34F55uT9TXsr-xZdubxoZY.jpg?width=216&amp;crop=smart&amp;auto=webp&amp;s=dbd44c98eb1c5d34cac6a8d99190a2816d8b5cf1",
                            "width": 216
                        },
                        {
                            "height": 213,
                            "url": "https://external-preview.redd.it/8fWfICyBeCD-WbleZJK9c34F55uT9TXsr-xZdubxoZY.jpg?width=320&amp;crop=smart&amp;auto=webp&amp;s=d869b5e4ba8eaa18e2c54639d2518b83a1014772",
                            "width": 320
                        },
                        {
                            "height": 426,
                            "url": "https://external-preview.redd.it/8fWfICyBeCD-WbleZJK9c34F55uT9TXsr-xZdubxoZY.jpg?width=640&amp;crop=smart&amp;auto=webp&amp;s=9513382c76955d02d727d156ce56f88e157cd03a",
                            "width": 640
                        },
                        {
                            "height": 639,
                            "url": "https://external-preview.redd.it/8fWfICyBeCD-WbleZJK9c34F55uT9TXsr-xZdubxoZY.jpg?width=960&amp;crop=smart&amp;auto=webp&amp;s=dbf9490cbbb8817f4873d747d4e71703ecb14afc",
                            "width": 960
                        },
                        {
                            "height": 719,
                            "url": "https://external-preview.redd.it/8fWfICyBeCD-WbleZJK9c34F55uT9TXsr-xZdubxoZY.jpg?width=1080&amp;crop=smart&amp;auto=webp&amp;s=d318b21f2d9c584c2b23a3651e07b137897389eb",
                            "width": 1080
                        }
                    ],
                    "source": {
                        "height": 1333,
                        "url": "https://external-preview.redd.it/8fWfICyBeCD-WbleZJK9c34F55uT9TXsr-xZdubxoZY.jpg?auto=webp&amp;s=8c28d9fe334f1b42360731075aa94a1a5a1c4fbc",
                        "width": 2000
                    },
                    "variants": {}
                }
            ]
        },
        "pwls": 6,
        "removed_by_category": "moderator",
        "retrieved_on": 1599684195,
        "score": 1,
        "selftext": "",
        "send_replies": true,
        "spoiler": false,
        "stickied": false,
        "subreddit": "Coronavirus",
        "subreddit_id": "t5_2x4yx",
        "subreddit_subscribers": 2274116,
        "subreddit_type": "public",
        "suggested_sort": "confidence",
        "thumbnail": "https://b.thumbs.redditmedia.com/IAGpjCXaNJl7gm5wz0jabxPC0FQwBUCq1ZUzhXYOPOA.jpg",
        "thumbnail_height": 93,
        "thumbnail_width": 140,
        "title": "Anxiety vs COVID-19 symptoms compared",
        "total_awards_received": 0,
        "treatment_tags": [],
        "upvote_ratio": 1.0,
        "url": "https://www.pocketcoach.co/blog/anxiety-vs-coronavirus-symptoms/",
        "url_overridden_by_dest": "https://www.pocketcoach.co/blog/anxiety-vs-coronavirus-symptoms/",
        "whitelist_status": "all_ads",
        "wls": 6
    },
    {
        "all_awardings": [],
        "allow_live_comments": false,
        "author": "ChrisJones--",
        "author_flair_css_class": null,
        "author_flair_richtext": [],
        "author_flair_text": null,
        "author_flair_type": "text",
        "author_fullname": "t2_7x7wq326",
        "author_patreon_flair": false,
        "author_premium": false,
        "awarders": [],
        "can_mod_post": false,
        "contest_mode": false,
        "created_utc": "2020-09-09 20:05:20",
        "domain": "pocketcoach.co",
        "full_link": "https://www.reddit.com/r/Coronavirus/comments/ipnysa/back_to_school_pandemic_how_to_explain_anxiety_to/",
        "gildings": {},
        "id": "ipnysa",
        "is_crosspostable": false,
        "is_meta": false,
        "is_original_content": false,
        "is_reddit_media_domain": false,
        "is_robot_indexable": false,
        "is_self": false,
        "is_video": false,
        "link_flair_background_color": "#46d160",
        "link_flair_richtext": [],
        "link_flair_template_id": "8967475c-5e49-11ea-bb7d-0e69024792b3",
        "link_flair_text": "Good News",
        "link_flair_text_color": "dark",
        "link_flair_type": "text",
        "locked": false,
        "media_only": false,
        "no_follow": true,
        "num_comments": 0,
        "num_crossposts": 0,
        "over_18": false,
        "parent_whitelist_status": "all_ads",
        "permalink": "/r/Coronavirus/comments/ipnysa/back_to_school_pandemic_how_to_explain_anxiety_to/",
        "pinned": false,
        "post_hint": "link",
        "preview": {
            "enabled": false,
            "images": [
                {
                    "id": "-AEj6cgls9imUTZ6_4wofb4seh80YWzrY0TIsi4gu_g",
                    "resolutions": [
                        {
                            "height": 72,
                            "url": "https://external-preview.redd.it/UKLUdEoOZOKq_45AOSB7JWsovAbwdm_744mAv4izAPg.jpg?width=108&amp;crop=smart&amp;auto=webp&amp;s=420011d96686c36ef1853f1d5a0e725241112a90",
                            "width": 108
                        },
                        {
                            "height": 144,
                            "url": "https://external-preview.redd.it/UKLUdEoOZOKq_45AOSB7JWsovAbwdm_744mAv4izAPg.jpg?width=216&amp;crop=smart&amp;auto=webp&amp;s=7977f100e8cfaff1044647dbe7f70000c835cbe7",
                            "width": 216
                        },
                        {
                            "height": 213,
                            "url": "https://external-preview.redd.it/UKLUdEoOZOKq_45AOSB7JWsovAbwdm_744mAv4izAPg.jpg?width=320&amp;crop=smart&amp;auto=webp&amp;s=c9c548afef2b5747a2f5c7c84c2f42cc69312e42",
                            "width": 320
                        }
                    ],
                    "source": {
                        "height": 301,
                        "url": "https://external-preview.redd.it/UKLUdEoOZOKq_45AOSB7JWsovAbwdm_744mAv4izAPg.jpg?auto=webp&amp;s=f99ef65eba2088a77af9b630f03012482c856627",
                        "width": 451
                    },
                    "variants": {}
                }
            ]
        },
        "pwls": 6,
        "removed_by_category": "moderator",
        "retrieved_on": 1599681931,
        "score": 1,
        "selftext": "",
        "send_replies": true,
        "spoiler": false,
        "stickied": false,
        "subreddit": "Coronavirus",
        "subreddit_id": "t5_2x4yx",
        "subreddit_subscribers": 2274105,
        "subreddit_type": "public",
        "suggested_sort": "confidence",
        "thumbnail": "https://b.thumbs.redditmedia.com/uZIRe3sBk3KKLL0bqI1BDq5t8qYB607bFtG5_zxzfdU.jpg",
        "thumbnail_height": 93,
        "thumbnail_width": 140,
        "title": "Back to school + pandemic: how to explain anxiety to a child",
        "total_awards_received": 0,
        "treatment_tags": [],
        "upvote_ratio": 1.0,
        "url": "https://www.pocketcoach.co/blog/covid-19-how-to-explain-anxiety-to-a-child/",
        "url_overridden_by_dest": "https://www.pocketcoach.co/blog/covid-19-how-to-explain-anxiety-to-a-child/",
        "whitelist_status": "all_ads",
        "wls": 6
    },
    {
        "all_awardings": [],
        "allow_live_comments": false,
        "author": "lab40usa",
        "author_flair_css_class": null,
        "author_flair_richtext": [],
        "author_flair_text": null,
        "author_flair_type": "text",
        "author_fullname": "t2_5gt0d105",
        "author_patreon_flair": false,
        "author_premium": false,
        "awarders": [],
        "can_mod_post": false,
        "contest_mode": false,
        "created_utc": "2020-09-09 01:34:23",
        "domain": "lab40usa.com",
        "full_link": "https://www.reddit.com/r/Coronavirus/comments/ip6phs/free_coronavirus_anxiety_workbook_a_tool_to_help/",
        "gildings": {},
        "id": "ip6phs",
        "is_crosspostable": false,
        "is_meta": false,
        "is_original_content": false,
        "is_reddit_media_domain": false,
        "is_robot_indexable": false,
        "is_self": false,
        "is_video": false,
        "link_flair_background_color": "#46d160",
        "link_flair_richtext": [],
        "link_flair_template_id": "8967475c-5e49-11ea-bb7d-0e69024792b3",
        "link_flair_text": "Good News",
        "link_flair_text_color": "dark",
        "link_flair_type": "text",
        "locked": false,
        "media_only": false,
        "no_follow": true,
        "num_comments": 0,
        "num_crossposts": 0,
        "over_18": false,
        "parent_whitelist_status": "all_ads",
        "permalink": "/r/Coronavirus/comments/ip6phs/free_coronavirus_anxiety_workbook_a_tool_to_help/",
        "pinned": false,
        "pwls": 6,
        "removed_by_category": "moderator",
        "retrieved_on": 1599615274,
        "score": 1,
        "selftext": "",
        "send_replies": true,
        "spoiler": false,
        "stickied": false,
        "subreddit": "Coronavirus",
        "subreddit_id": "t5_2x4yx",
        "subreddit_subscribers": 2273500,
        "subreddit_type": "public",
        "suggested_sort": "confidence",
        "thumbnail": "default",
        "title": "FREE CORONAVIRUS ANXIETY WORKBOOK - A Tool to Help You Build Resilience During Difficult Times.",
        "total_awards_received": 0,
        "treatment_tags": [],
        "upvote_ratio": 1.0,
        "url": "https://lab40usa.com/product/free-10-12x12-sms-fabric-sheets-bfe-of-96-2/",
        "url_overridden_by_dest": "https://lab40usa.com/product/free-10-12x12-sms-fabric-sheets-bfe-of-96-2/",
        "whitelist_status": "all_ads",
        "wls": 6
    },
    {
        "all_awardings": [],
        "allow_live_comments": false,
        "author": "Josh43121",
        "author_flair_css_class": null,
        "author_flair_richtext": [],
        "author_flair_text": null,
        "author_flair_type": "text",
        "author_fullname": "t2_45sfv32j",
        "author_patreon_flair": false,
        "author_premium": true,
        "awarders": [],
        "can_mod_post": false,
        "contest_mode": false,
        "created_utc": "2020-09-03 17:14:22",
        "domain": "pocketcoach.co",
        "full_link": "https://www.reddit.com/r/Coronavirus/comments/ilxozj/how_to_tell_the_difference_between_coronavirus_vs/",
        "gildings": {},
        "id": "ilxozj",
        "is_crosspostable": true,
        "is_meta": false,
        "is_original_content": false,
        "is_reddit_media_domain": false,
        "is_robot_indexable": true,
        "is_self": false,
        "is_video": false,
        "link_flair_background_color": "#0dd3bb",
        "link_flair_richtext": [],
        "link_flair_template_id": "ca99103a-5e48-11ea-861e-0e14b931d16d",
        "link_flair_text": "World",
        "link_flair_text_color": "dark",
        "link_flair_type": "text",
        "locked": false,
        "media_only": false,
        "no_follow": true,
        "num_comments": 39,
        "num_crossposts": 0,
        "over_18": false,
        "parent_whitelist_status": "all_ads",
        "permalink": "/r/Coronavirus/comments/ilxozj/how_to_tell_the_difference_between_coronavirus_vs/",
        "pinned": false,
        "post_hint": "link",
        "preview": {
            "enabled": false,
            "images": [
                {
                    "id": "ex1-231RuX78_F8cazjFlGY4SI5Giw09gTXDVrw5cKU",
                    "resolutions": [
                        {
                            "height": 71,
                            "url": "https://external-preview.redd.it/8fWfICyBeCD-WbleZJK9c34F55uT9TXsr-xZdubxoZY.jpg?width=108&amp;crop=smart&amp;auto=webp&amp;s=b8afa9c67f35b1a72d6704f8cd1719158144e086",
                            "width": 108
                        },
                        {
                            "height": 143,
                            "url": "https://external-preview.redd.it/8fWfICyBeCD-WbleZJK9c34F55uT9TXsr-xZdubxoZY.jpg?width=216&amp;crop=smart&amp;auto=webp&amp;s=dbd44c98eb1c5d34cac6a8d99190a2816d8b5cf1",
                            "width": 216
                        },
                        {
                            "height": 213,
                            "url": "https://external-preview.redd.it/8fWfICyBeCD-WbleZJK9c34F55uT9TXsr-xZdubxoZY.jpg?width=320&amp;crop=smart&amp;auto=webp&amp;s=d869b5e4ba8eaa18e2c54639d2518b83a1014772",
                            "width": 320
                        },
                        {
                            "height": 426,
                            "url": "https://external-preview.redd.it/8fWfICyBeCD-WbleZJK9c34F55uT9TXsr-xZdubxoZY.jpg?width=640&amp;crop=smart&amp;auto=webp&amp;s=9513382c76955d02d727d156ce56f88e157cd03a",
                            "width": 640
                        },
                        {
                            "height": 639,
                            "url": "https://external-preview.redd.it/8fWfICyBeCD-WbleZJK9c34F55uT9TXsr-xZdubxoZY.jpg?width=960&amp;crop=smart&amp;auto=webp&amp;s=dbf9490cbbb8817f4873d747d4e71703ecb14afc",
                            "width": 960
                        },
                        {
                            "height": 719,
                            "url": "https://external-preview.redd.it/8fWfICyBeCD-WbleZJK9c34F55uT9TXsr-xZdubxoZY.jpg?width=1080&amp;crop=smart&amp;auto=webp&amp;s=d318b21f2d9c584c2b23a3651e07b137897389eb",
                            "width": 1080
                        }
                    ],
                    "source": {
                        "height": 1333,
                        "url": "https://external-preview.redd.it/8fWfICyBeCD-WbleZJK9c34F55uT9TXsr-xZdubxoZY.jpg?auto=webp&amp;s=8c28d9fe334f1b42360731075aa94a1a5a1c4fbc",
                        "width": 2000
                    },
                    "variants": {}
                }
            ]
        },
        "pwls": 6,
        "retrieved_on": 1599153273,
        "score": 1,
        "selftext": "",
        "send_replies": true,
        "spoiler": false,
        "stickied": false,
        "subreddit": "Coronavirus",
        "subreddit_id": "t5_2x4yx",
        "subreddit_subscribers": 2269599,
        "subreddit_type": "public",
        "suggested_sort": "confidence",
        "thumbnail": "https://b.thumbs.redditmedia.com/IAGpjCXaNJl7gm5wz0jabxPC0FQwBUCq1ZUzhXYOPOA.jpg",
        "thumbnail_height": 93,
        "thumbnail_width": 140,
        "title": "How to tell the difference between Coronavirus vs anxiety symptoms",
        "total_awards_received": 0,
        "treatment_tags": [],
        "upvote_ratio": 1.0,
        "url": "https://www.pocketcoach.co/blog/anxiety-vs-coronavirus-symptoms/",
        "url_overridden_by_dest": "https://www.pocketcoach.co/blog/anxiety-vs-coronavirus-symptoms/",
        "whitelist_status": "all_ads",
        "wls": 6
    },
    {
        "all_awardings": [],
        "allow_live_comments": false,
        "author": "bobbyw24",
        "author_flair_css_class": null,
        "author_flair_richtext": [],
        "author_flair_text": null,
        "author_flair_type": "text",
        "author_fullname": "t2_4a0nv",
        "author_patreon_flair": false,
        "author_premium": true,
        "awarders": [],
        "can_mod_post": false,
        "contest_mode": false,
        "created_utc": "2020-09-02 21:36:29",
        "domain": "arkansasonline.com",
        "full_link": "https://www.reddit.com/r/Coronavirus/comments/ilg6hg/depression_anxiety_spike_amid_outbreak_and/",
        "gildings": {},
        "id": "ilg6hg",
        "is_crosspostable": true,
        "is_meta": false,
        "is_original_content": false,
        "is_reddit_media_domain": false,
        "is_robot_indexable": true,
        "is_self": false,
        "is_video": false,
        "link_flair_background_color": "#ff8717",
        "link_flair_richtext": [],
        "link_flair_template_id": "e7643a50-5e48-11ea-8e30-0e05eb9dc901",
        "link_flair_text": "USA",
        "link_flair_text_color": "dark",
        "link_flair_type": "text",
        "locked": false,
        "media_only": false,
        "no_follow": true,
        "num_comments": 7,
        "num_crossposts": 0,
        "over_18": true,
        "parent_whitelist_status": "all_ads",
        "permalink": "/r/Coronavirus/comments/ilg6hg/depression_anxiety_spike_amid_outbreak_and/",
        "pinned": false,
        "post_hint": "link",
        "preview": {
            "enabled": false,
            "images": [
                {
                    "id": "1ZQgEIw6by4fLR2V2I3JslzHsGTjwiw72gzHFlQkxQ8",
                    "resolutions": [
                        {
                            "height": 72,
                            "url": "https://external-preview.redd.it/VaJ8vM4-l6w4tnjP0kaIhSQnoYuRIex2kE-mvf7Sfbc.jpg?width=108&amp;crop=smart&amp;auto=webp&amp;s=704ff9581e8cf97213ee5697a13da5d07e26094d",
                            "width": 108
                        },
                        {
                            "height": 144,
                            "url": "https://external-preview.redd.it/VaJ8vM4-l6w4tnjP0kaIhSQnoYuRIex2kE-mvf7Sfbc.jpg?width=216&amp;crop=smart&amp;auto=webp&amp;s=f6d8cb403197d8a6b2c22e329021e3e291d6d438",
                            "width": 216
                        },
                        {
                            "height": 213,
                            "url": "https://external-preview.redd.it/VaJ8vM4-l6w4tnjP0kaIhSQnoYuRIex2kE-mvf7Sfbc.jpg?width=320&amp;crop=smart&amp;auto=webp&amp;s=110f10e87636dafb43e9941a1929209370b88b72",
                            "width": 320
                        }
                    ],
                    "source": {
                        "height": 400,
                        "url": "https://external-preview.redd.it/VaJ8vM4-l6w4tnjP0kaIhSQnoYuRIex2kE-mvf7Sfbc.jpg?auto=webp&amp;s=074eab9954eeb1862e9cde13ab308422d080edf1",
                        "width": 600
                    },
                    "variants": {
                        "nsfw": {
                            "resolutions": [
                                {
                                    "height": 72,
                                    "url": "https://external-preview.redd.it/VaJ8vM4-l6w4tnjP0kaIhSQnoYuRIex2kE-mvf7Sfbc.jpg?width=108&amp;crop=smart&amp;blur=10&amp;format=pjpg&amp;auto=webp&amp;s=aa520737d811868796197930188c48bb6a94bd7d",
                                    "width": 108
                                },
                                {
                                    "height": 144,
                                    "url": "https://external-preview.redd.it/VaJ8vM4-l6w4tnjP0kaIhSQnoYuRIex2kE-mvf7Sfbc.jpg?width=216&amp;crop=smart&amp;blur=21&amp;format=pjpg&amp;auto=webp&amp;s=186d2466af882f731ed8d2e4eb91feef34f92356",
                                    "width": 216
                                },
                                {
                                    "height": 213,
                                    "url": "https://external-preview.redd.it/VaJ8vM4-l6w4tnjP0kaIhSQnoYuRIex2kE-mvf7Sfbc.jpg?width=320&amp;crop=smart&amp;blur=32&amp;format=pjpg&amp;auto=webp&amp;s=9270f04519699afe3a76e2dbfea76925bcba5d4f",
                                    "width": 320
                                }
                            ],
                            "source": {
                                "height": 400,
                                "url": "https://external-preview.redd.it/VaJ8vM4-l6w4tnjP0kaIhSQnoYuRIex2kE-mvf7Sfbc.jpg?blur=40&amp;format=pjpg&amp;auto=webp&amp;s=ba185b91e11936e3028c0270f81ed9df18535854",
                                "width": 600
                            }
                        },
                        "obfuscated": {
                            "resolutions": [
                                {
                                    "height": 72,
                                    "url": "https://external-preview.redd.it/VaJ8vM4-l6w4tnjP0kaIhSQnoYuRIex2kE-mvf7Sfbc.jpg?width=108&amp;crop=smart&amp;blur=10&amp;format=pjpg&amp;auto=webp&amp;s=aa520737d811868796197930188c48bb6a94bd7d",
                                    "width": 108
                                },
                                {
                                    "height": 144,
                                    "url": "https://external-preview.redd.it/VaJ8vM4-l6w4tnjP0kaIhSQnoYuRIex2kE-mvf7Sfbc.jpg?width=216&amp;crop=smart&amp;blur=21&amp;format=pjpg&amp;auto=webp&amp;s=186d2466af882f731ed8d2e4eb91feef34f92356",
                                    "width": 216
                                },
                                {
                                    "height": 213,
                                    "url": "https://external-preview.redd.it/VaJ8vM4-l6w4tnjP0kaIhSQnoYuRIex2kE-mvf7Sfbc.jpg?width=320&amp;crop=smart&amp;blur=32&amp;format=pjpg&amp;auto=webp&amp;s=9270f04519699afe3a76e2dbfea76925bcba5d4f",
                                    "width": 320
                                }
                            ],
                            "source": {
                                "height": 400,
                                "url": "https://external-preview.redd.it/VaJ8vM4-l6w4tnjP0kaIhSQnoYuRIex2kE-mvf7Sfbc.jpg?blur=40&amp;format=pjpg&amp;auto=webp&amp;s=ba185b91e11936e3028c0270f81ed9df18535854",
                                "width": 600
                            }
                        }
                    }
                }
            ]
        },
        "pwls": 6,
        "retrieved_on": 1599082599,
        "score": 1,
        "selftext": "",
        "send_replies": true,
        "spoiler": false,
        "stickied": false,
        "subreddit": "Coronavirus",
        "subreddit_id": "t5_2x4yx",
        "subreddit_subscribers": 2268533,
        "subreddit_type": "public",
        "suggested_sort": "confidence",
        "thumbnail": "nsfw",
        "thumbnail_height": 93,
        "thumbnail_width": 140,
        "title": "Depression, anxiety spike amid outbreak and turbulent times",
        "total_awards_received": 0,
        "treatment_tags": [],
        "upvote_ratio": 1.0,
        "url": "https://www.arkansasonline.com/news/2020/sep/02/depression-anxiety-spike-amid-outbreak-and-turbule/",
        "url_overridden_by_dest": "https://www.arkansasonline.com/news/2020/sep/02/depression-anxiety-spike-amid-outbreak-and-turbule/",
        "whitelist_status": "promo_adult_nsfw",
        "wls": 3
    },
    {
        "all_awardings": [],
        "allow_live_comments": false,
        "author": "PercivalYoung",
        "author_flair_css_class": null,
        "author_flair_richtext": [],
        "author_flair_text": null,
        "author_flair_type": "text",
        "author_fullname": "t2_834xeq0f",
        "author_patreon_flair": false,
        "author_premium": false,
        "awarders": [],
        "can_mod_post": false,
        "contest_mode": false,
        "created_utc": "2020-09-24 11:30:23",
        "domain": "twitter.com",
        "full_link": "https://www.reddit.com/r/Coronavirus/comments/iyvgv3/panic_anxiety_coronavirus_symptoms_compared/",
        "gildings": {},
        "id": "iyvgv3",
        "is_crosspostable": false,
        "is_meta": false,
        "is_original_content": false,
        "is_reddit_media_domain": false,
        "is_robot_indexable": false,
        "is_self": false,
        "is_video": false,
        "link_flair_background_color": "#ea0027",
        "link_flair_css_class": "rm infoquality",
        "link_flair_richtext": [],
        "link_flair_template_id": "2ac9e9e2-67cd-11ea-b6ae-0e214693e803",
        "link_flair_text": "Removed - Rule 5: Keep information quality high",
        "link_flair_text_color": "dark",
        "link_flair_type": "text",
        "locked": false,
        "media_only": false,
        "no_follow": true,
        "num_comments": 2,
        "num_crossposts": 0,
        "over_18": false,
        "parent_whitelist_status": "all_ads",
        "permalink": "/r/Coronavirus/comments/iyvgv3/panic_anxiety_coronavirus_symptoms_compared/",
        "pinned": false,
        "pwls": 6,
        "removed_by_category": "moderator",
        "retrieved_on": 1600947034,
        "score": 1,
        "selftext": "",
        "send_replies": true,
        "spoiler": false,
        "stickied": false,
        "subreddit": "Coronavirus",
        "subreddit_id": "t5_2x4yx",
        "subreddit_subscribers": 2280590,
        "subreddit_type": "public",
        "suggested_sort": "confidence",
        "thumbnail": "default",
        "title": "Panic, Anxiety &amp; Coronavirus Symptoms compared",
        "total_awards_received": 0,
        "treatment_tags": [],
        "upvote_ratio": 1.0,
        "url": "https://twitter.com/tom__psych/status/1309092334626373632/photo/1",
        "url_overridden_by_dest": "https://twitter.com/tom__psych/status/1309092334626373632/photo/1",
        "whitelist_status": "all_ads",
        "wls": 6
    },
    {
        "all_awardings": [],
        "allow_live_comments": false,
        "author": "NeverTyranny",
        "author_flair_css_class": null,
        "author_flair_richtext": [],
        "author_flair_text": null,
        "author_flair_type": "text",
        "author_fullname": "t2_yv876",
        "author_patreon_flair": false,
        "author_premium": false,
        "awarders": [],
        "can_mod_post": false,
        "contest_mode": false,
        "created_utc": "2020-09-14 00:17:01",
        "domain": "selfevident.substack.com",
        "full_link": "https://www.reddit.com/r/Coronavirus/comments/isa34p/lucky_we_didnt_panic_selfevident/",
        "gildings": {},
        "id": "isa34p",
        "is_crosspostable": false,
        "is_meta": false,
        "is_original_content": false,
        "is_reddit_media_domain": false,
        "is_robot_indexable": false,
        "is_self": false,
        "is_video": false,
        "link_flair_background_color": "#ff8717",
        "link_flair_richtext": [],
        "link_flair_template_id": "e7643a50-5e48-11ea-8e30-0e05eb9dc901",
        "link_flair_text": "USA",
        "link_flair_text_color": "dark",
        "link_flair_type": "text",
        "locked": false,
        "media_only": false,
        "no_follow": true,
        "num_comments": 0,
        "num_crossposts": 0,
        "over_18": false,
        "parent_whitelist_status": "all_ads",
        "permalink": "/r/Coronavirus/comments/isa34p/lucky_we_didnt_panic_selfevident/",
        "pinned": false,
        "post_hint": "link",
        "preview": {
            "enabled": false,
            "images": [
                {
                    "id": "yX88zPsyFTqfjTisoC99mRWZe_SGeTxGPGCu6sQvZ6M",
                    "resolutions": [
                        {
                            "height": 54,
                            "url": "https://external-preview.redd.it/SNqQ63x4kjFaiu5QEf24v1zl1UlYOra_btIO6dEupqc.jpg?width=108&amp;crop=smart&amp;auto=webp&amp;s=f0396f2018a4a1b60e1e56eee89d3e0c5fab60d9",
                            "width": 108
                        },
                        {
                            "height": 108,
                            "url": "https://external-preview.redd.it/SNqQ63x4kjFaiu5QEf24v1zl1UlYOra_btIO6dEupqc.jpg?width=216&amp;crop=smart&amp;auto=webp&amp;s=1cb367ce4d595588b5caa18f5756db539dc4b099",
                            "width": 216
                        },
                        {
                            "height": 161,
                            "url": "https://external-preview.redd.it/SNqQ63x4kjFaiu5QEf24v1zl1UlYOra_btIO6dEupqc.jpg?width=320&amp;crop=smart&amp;auto=webp&amp;s=8e8997d920812d560386a096333d5d75643f914b",
                            "width": 320
                        }
                    ],
                    "source": {
                        "height": 300,
                        "url": "https://external-preview.redd.it/SNqQ63x4kjFaiu5QEf24v1zl1UlYOra_btIO6dEupqc.jpg?auto=webp&amp;s=52a0c2d9e925c9366ce20e806fb19aafad9e0725",
                        "width": 596
                    },
                    "variants": {}
                }
            ]
        },
        "pwls": 6,
        "removed_by_category": "moderator",
        "retrieved_on": 1600063304,
        "score": 1,
        "selftext": "",
        "send_replies": true,
        "spoiler": false,
        "stickied": false,
        "subreddit": "Coronavirus",
        "subreddit_id": "t5_2x4yx",
        "subreddit_subscribers": 2276947,
        "subreddit_type": "public",
        "suggested_sort": "confidence",
        "thumbnail": "https://b.thumbs.redditmedia.com/T90X1oBQIlwyGCeTj10t_4tiK1yADmV71EuNLTqkPZs.jpg",
        "thumbnail_height": 70,
        "thumbnail_width": 140,
        "title": "Lucky We Didn't Panic | Self-Evident",
        "total_awards_received": 0,
        "treatment_tags": [],
        "upvote_ratio": 1.0,
        "url": "https://selfevident.substack.com/p/lucky-we-didnt-panic",
        "url_overridden_by_dest": "https://selfevident.substack.com/p/lucky-we-didnt-panic",
        "whitelist_status": "all_ads",
        "wls": 6
    },
    {
        "all_awardings": [],
        "allow_live_comments": false,
        "author": "BoyYeetzWorld",
        "author_flair_css_class": null,
        "author_flair_richtext": [],
        "author_flair_text": null,
        "author_flair_type": "text",
        "author_fullname": "t2_3ve79uzd",
        "author_patreon_flair": false,
        "author_premium": false,
        "awarders": [],
        "can_mod_post": false,
        "contest_mode": false,
        "created_utc": "2020-09-11 20:44:53",
        "domain": "rt.com",
        "full_link": "https://www.reddit.com/r/Coronavirus/comments/iqywtf/the_1_blunder_how_a_simple_but_fatal_math_mistake/",
        "gildings": {},
        "id": "iqywtf",
        "is_crosspostable": false,
        "is_meta": false,
        "is_original_content": false,
        "is_reddit_media_domain": false,
        "is_robot_indexable": false,
        "is_self": false,
        "is_video": false,
        "link_flair_background_color": "#ea0027",
        "link_flair_css_class": "rm infoquality",
        "link_flair_richtext": [],
        "link_flair_template_id": "2ac9e9e2-67cd-11ea-b6ae-0e214693e803",
        "link_flair_text": "Removed - Rule 5: Keep information quality high",
        "link_flair_text_color": "dark",
        "link_flair_type": "text",
        "locked": false,
        "media_only": false,
        "no_follow": true,
        "num_comments": 2,
        "num_crossposts": 0,
        "over_18": false,
        "parent_whitelist_status": "all_ads",
        "permalink": "/r/Coronavirus/comments/iqywtf/the_1_blunder_how_a_simple_but_fatal_math_mistake/",
        "pinned": false,
        "post_hint": "link",
        "preview": {
            "enabled": false,
            "images": [
                {
                    "id": "IHxwDsfPmh6rFVJjvXv6Qq6JvkZBr2PrMDBK57pvzzM",
                    "resolutions": [
                        {
                            "height": 60,
                            "url": "https://external-preview.redd.it/BqTZf49SZbzGE5yde806LvMdIwmAyJnXvqD2SfHpNUQ.jpg?width=108&amp;crop=smart&amp;auto=webp&amp;s=5a41520d5d0f786b5c865d0537f1beb8e1b4934a",
                            "width": 108
                        },
                        {
                            "height": 121,
                            "url": "https://external-preview.redd.it/BqTZf49SZbzGE5yde806LvMdIwmAyJnXvqD2SfHpNUQ.jpg?width=216&amp;crop=smart&amp;auto=webp&amp;s=a506364f4aba528c90afd7862b34bb42a52626ae",
                            "width": 216
                        },
                        {
                            "height": 179,
                            "url": "https://external-preview.redd.it/BqTZf49SZbzGE5yde806LvMdIwmAyJnXvqD2SfHpNUQ.jpg?width=320&amp;crop=smart&amp;auto=webp&amp;s=9cf3c53cc154f8e317751f5218e820d4a565a87b",
                            "width": 320
                        },
                        {
                            "height": 359,
                            "url": "https://external-preview.redd.it/BqTZf49SZbzGE5yde806LvMdIwmAyJnXvqD2SfHpNUQ.jpg?width=640&amp;crop=smart&amp;auto=webp&amp;s=df5691e21798f96aae965886c10f8a36f95f6207",
                            "width": 640
                        },
                        {
                            "height": 539,
                            "url": "https://external-preview.redd.it/BqTZf49SZbzGE5yde806LvMdIwmAyJnXvqD2SfHpNUQ.jpg?width=960&amp;crop=smart&amp;auto=webp&amp;s=d286260a3a00f42a6a1afbd853fecb7eae887e32",
                            "width": 960
                        }
                    ],
                    "source": {
                        "height": 551,
                        "url": "https://external-preview.redd.it/BqTZf49SZbzGE5yde806LvMdIwmAyJnXvqD2SfHpNUQ.jpg?auto=webp&amp;s=d5991b4c2a48c000e8b6aff09f32275e3762dce9",
                        "width": 980
                    },
                    "variants": {}
                }
            ]
        },
        "pwls": 6,
        "removed_by_category": "moderator",
        "retrieved_on": 1599857105,
        "score": 1,
        "selftext": "",
        "send_replies": true,
        "spoiler": false,
        "stickied": false,
        "subreddit": "Coronavirus",
        "subreddit_id": "t5_2x4yx",
        "subreddit_subscribers": 2275403,
        "subreddit_type": "public",
        "suggested_sort": "confidence",
        "thumbnail": "https://b.thumbs.redditmedia.com/4SuEBWORyGvWWECsbPlo_xpK6DDbq9Eh6zkBMZZktuw.jpg",
        "thumbnail_height": 78,
        "thumbnail_width": 140,
        "title": "The 1% blunder: How a simple but fatal math mistake by US Covid-19 experts caused the world to panic and order lockdowns",
        "total_awards_received": 0,
        "treatment_tags": [],
        "upvote_ratio": 1.0,
        "url": "https://www.rt.com/op-ed/500000-covid19-math-mistake-panic/?fbclid=IwAR1Ib_WJQAQqrLnWcrE8O_0uUusuU_Nuii6FJlzaPcbH8EZynXt0QK72OsA",
        "url_overridden_by_dest": "https://www.rt.com/op-ed/500000-covid19-math-mistake-panic/?fbclid=IwAR1Ib_WJQAQqrLnWcrE8O_0uUusuU_Nuii6FJlzaPcbH8EZynXt0QK72OsA",
        "whitelist_status": "all_ads",
        "wls": 6
    },
    {
        "all_awardings": [],
        "allow_live_comments": false,
        "author": "D-R-AZ",
        "author_flair_css_class": null,
        "author_flair_richtext": [],
        "author_flair_text": null,
        "author_flair_type": "text",
        "author_fullname": "t2_67vr4xq3",
        "author_patreon_flair": false,
        "author_premium": true,
        "awarders": [],
        "can_mod_post": false,
        "contest_mode": false,
        "created_utc": "2020-09-07 13:52:09",
        "domain": "onlinelibrary.wiley.com",
        "full_link": "https://www.reddit.com/r/Coronavirus/comments/io7sm0/covid19_pandemic_and_the_surge_of_panic_attacks/",
        "gildings": {},
        "id": "io7sm0",
        "is_crosspostable": true,
        "is_meta": false,
        "is_original_content": false,
        "is_reddit_media_domain": false,
        "is_robot_indexable": true,
        "is_self": false,
        "is_video": false,
        "link_flair_background_color": "#94e044",
        "link_flair_richtext": [],
        "link_flair_template_id": "fd072d2c-5e48-11ea-8569-0eaa0007e55b",
        "link_flair_text": "Europe",
        "link_flair_text_color": "dark",
        "link_flair_type": "text",
        "locked": false,
        "media_only": false,
        "no_follow": true,
        "num_comments": 1,
        "num_crossposts": 0,
        "over_18": false,
        "parent_whitelist_status": "all_ads",
        "permalink": "/r/Coronavirus/comments/io7sm0/covid19_pandemic_and_the_surge_of_panic_attacks/",
        "pinned": false,
        "post_hint": "link",
        "preview": {
            "enabled": false,
            "images": [
                {
                    "id": "buMP9QXRG13xiKIIzDGTGexJ3mK7yU1qyRLNn8NWQCs",
                    "resolutions": [
                        {
                            "height": 142,
                            "url": "https://external-preview.redd.it/LmSM3A8hgkvy2QEGg-t-PWeDG1F0j9O36g4MVGh9IZY.jpg?width=108&amp;crop=smart&amp;auto=webp&amp;s=f3664444bfe292e20624566fd116d6bab1ddbbd6",
                            "width": 108
                        }
                    ],
                    "source": {
                        "height": 150,
                        "url": "https://external-preview.redd.it/LmSM3A8hgkvy2QEGg-t-PWeDG1F0j9O36g4MVGh9IZY.jpg?auto=webp&amp;s=11b7914a5aa79325c164cc6954d760b03ce13989",
                        "width": 114
                    },
                    "variants": {}
                }
            ]
        },
        "pwls": 6,
        "retrieved_on": 1599486740,
        "score": 1,
        "selftext": "",
        "send_replies": true,
        "spoiler": false,
        "stickied": false,
        "subreddit": "Coronavirus",
        "subreddit_id": "t5_2x4yx",
        "subreddit_subscribers": 2272354,
        "subreddit_type": "public",
        "suggested_sort": "confidence",
        "thumbnail": "https://a.thumbs.redditmedia.com/oYa895xcYBBmn3V26SURnMqtSc81yQ4sdmxA-9IcYk0.jpg",
        "thumbnail_height": 70,
        "thumbnail_width": 70,
        "title": "Covid\u201019 pandemic and the surge of panic attacks among NHS nursing staff: An ethnographical perspective",
        "total_awards_received": 0,
        "treatment_tags": [],
        "upvote_ratio": 1.0,
        "url": "https://onlinelibrary.wiley.com/doi/full/10.1111/jan.14508",
        "url_overridden_by_dest": "https://onlinelibrary.wiley.com/doi/full/10.1111/jan.14508",
        "whitelist_status": "all_ads",
        "wls": 6
    },
    {
        "all_awardings": [],
        "allow_live_comments": false,
        "author": "PercivalYoung",
        "author_flair_css_class": null,
        "author_flair_richtext": [],
        "author_flair_text": null,
        "author_flair_type": "text",
        "author_fullname": "t2_834xeq0f",
        "author_patreon_flair": false,
        "author_premium": false,
        "awarders": [],
        "can_mod_post": false,
        "contest_mode": false,
        "created_utc": "2020-09-24 11:30:23",
        "domain": "twitter.com",
        "full_link": "https://www.reddit.com/r/Coronavirus/comments/iyvgv3/panic_anxiety_coronavirus_symptoms_compared/",
        "gildings": {},
        "id": "iyvgv3",
        "is_crosspostable": false,
        "is_meta": false,
        "is_original_content": false,
        "is_reddit_media_domain": false,
        "is_robot_indexable": false,
        "is_self": false,
        "is_video": false,
        "link_flair_background_color": "#ea0027",
        "link_flair_css_class": "rm infoquality",
        "link_flair_richtext": [],
        "link_flair_template_id": "2ac9e9e2-67cd-11ea-b6ae-0e214693e803",
        "link_flair_text": "Removed - Rule 5: Keep information quality high",
        "link_flair_text_color": "dark",
        "link_flair_type": "text",
        "locked": false,
        "media_only": false,
        "no_follow": true,
        "num_comments": 2,
        "num_crossposts": 0,
        "over_18": false,
        "parent_whitelist_status": "all_ads",
        "permalink": "/r/Coronavirus/comments/iyvgv3/panic_anxiety_coronavirus_symptoms_compared/",
        "pinned": false,
        "pwls": 6,
        "removed_by_category": "moderator",
        "retrieved_on": 1600947034,
        "score": 1,
        "selftext": "",
        "send_replies": true,
        "spoiler": false,
        "stickied": false,
        "subreddit": "Coronavirus",
        "subreddit_id": "t5_2x4yx",
        "subreddit_subscribers": 2280590,
        "subreddit_type": "public",
        "suggested_sort": "confidence",
        "thumbnail": "default",
        "title": "Panic, Anxiety &amp; Coronavirus Symptoms compared",
        "total_awards_received": 0,
        "treatment_tags": [],
        "upvote_ratio": 1.0,
        "url": "https://twitter.com/tom__psych/status/1309092334626373632/photo/1",
        "url_overridden_by_dest": "https://twitter.com/tom__psych/status/1309092334626373632/photo/1",
        "whitelist_status": "all_ads",
        "wls": 6
    },
    {
        "all_awardings": [],
        "allow_live_comments": false,
        "author": "NeverTyranny",
        "author_flair_css_class": null,
        "author_flair_richtext": [],
        "author_flair_text": null,
        "author_flair_type": "text",
        "author_fullname": "t2_yv876",
        "author_patreon_flair": false,
        "author_premium": false,
        "awarders": [],
        "can_mod_post": false,
        "contest_mode": false,
        "created_utc": "2020-09-14 00:17:01",
        "domain": "selfevident.substack.com",
        "full_link": "https://www.reddit.com/r/Coronavirus/comments/isa34p/lucky_we_didnt_panic_selfevident/",
        "gildings": {},
        "id": "isa34p",
        "is_crosspostable": false,
        "is_meta": false,
        "is_original_content": false,
        "is_reddit_media_domain": false,
        "is_robot_indexable": false,
        "is_self": false,
        "is_video": false,
        "link_flair_background_color": "#ff8717",
        "link_flair_richtext": [],
        "link_flair_template_id": "e7643a50-5e48-11ea-8e30-0e05eb9dc901",
        "link_flair_text": "USA",
        "link_flair_text_color": "dark",
        "link_flair_type": "text",
        "locked": false,
        "media_only": false,
        "no_follow": true,
        "num_comments": 0,
        "num_crossposts": 0,
        "over_18": false,
        "parent_whitelist_status": "all_ads",
        "permalink": "/r/Coronavirus/comments/isa34p/lucky_we_didnt_panic_selfevident/",
        "pinned": false,
        "post_hint": "link",
        "preview": {
            "enabled": false,
            "images": [
                {
                    "id": "yX88zPsyFTqfjTisoC99mRWZe_SGeTxGPGCu6sQvZ6M",
                    "resolutions": [
                        {
                            "height": 54,
                            "url": "https://external-preview.redd.it/SNqQ63x4kjFaiu5QEf24v1zl1UlYOra_btIO6dEupqc.jpg?width=108&amp;crop=smart&amp;auto=webp&amp;s=f0396f2018a4a1b60e1e56eee89d3e0c5fab60d9",
                            "width": 108
                        },
                        {
                            "height": 108,
                            "url": "https://external-preview.redd.it/SNqQ63x4kjFaiu5QEf24v1zl1UlYOra_btIO6dEupqc.jpg?width=216&amp;crop=smart&amp;auto=webp&amp;s=1cb367ce4d595588b5caa18f5756db539dc4b099",
                            "width": 216
                        },
                        {
                            "height": 161,
                            "url": "https://external-preview.redd.it/SNqQ63x4kjFaiu5QEf24v1zl1UlYOra_btIO6dEupqc.jpg?width=320&amp;crop=smart&amp;auto=webp&amp;s=8e8997d920812d560386a096333d5d75643f914b",
                            "width": 320
                        }
                    ],
                    "source": {
                        "height": 300,
                        "url": "https://external-preview.redd.it/SNqQ63x4kjFaiu5QEf24v1zl1UlYOra_btIO6dEupqc.jpg?auto=webp&amp;s=52a0c2d9e925c9366ce20e806fb19aafad9e0725",
                        "width": 596
                    },
                    "variants": {}
                }
            ]
        },
        "pwls": 6,
        "removed_by_category": "moderator",
        "retrieved_on": 1600063304,
        "score": 1,
        "selftext": "",
        "send_replies": true,
        "spoiler": false,
        "stickied": false,
        "subreddit": "Coronavirus",
        "subreddit_id": "t5_2x4yx",
        "subreddit_subscribers": 2276947,
        "subreddit_type": "public",
        "suggested_sort": "confidence",
        "thumbnail": "https://b.thumbs.redditmedia.com/T90X1oBQIlwyGCeTj10t_4tiK1yADmV71EuNLTqkPZs.jpg",
        "thumbnail_height": 70,
        "thumbnail_width": 140,
        "title": "Lucky We Didn't Panic | Self-Evident",
        "total_awards_received": 0,
        "treatment_tags": [],
        "upvote_ratio": 1.0,
        "url": "https://selfevident.substack.com/p/lucky-we-didnt-panic",
        "url_overridden_by_dest": "https://selfevident.substack.com/p/lucky-we-didnt-panic",
        "whitelist_status": "all_ads",
        "wls": 6
    },
    {
        "all_awardings": [],
        "allow_live_comments": false,
        "author": "BoyYeetzWorld",
        "author_flair_css_class": null,
        "author_flair_richtext": [],
        "author_flair_text": null,
        "author_flair_type": "text",
        "author_fullname": "t2_3ve79uzd",
        "author_patreon_flair": false,
        "author_premium": false,
        "awarders": [],
        "can_mod_post": false,
        "contest_mode": false,
        "created_utc": "2020-09-11 20:44:53",
        "domain": "rt.com",
        "full_link": "https://www.reddit.com/r/Coronavirus/comments/iqywtf/the_1_blunder_how_a_simple_but_fatal_math_mistake/",
        "gildings": {},
        "id": "iqywtf",
        "is_crosspostable": false,
        "is_meta": false,
        "is_original_content": false,
        "is_reddit_media_domain": false,
        "is_robot_indexable": false,
        "is_self": false,
        "is_video": false,
        "link_flair_background_color": "#ea0027",
        "link_flair_css_class": "rm infoquality",
        "link_flair_richtext": [],
        "link_flair_template_id": "2ac9e9e2-67cd-11ea-b6ae-0e214693e803",
        "link_flair_text": "Removed - Rule 5: Keep information quality high",
        "link_flair_text_color": "dark",
        "link_flair_type": "text",
        "locked": false,
        "media_only": false,
        "no_follow": true,
        "num_comments": 2,
        "num_crossposts": 0,
        "over_18": false,
        "parent_whitelist_status": "all_ads",
        "permalink": "/r/Coronavirus/comments/iqywtf/the_1_blunder_how_a_simple_but_fatal_math_mistake/",
        "pinned": false,
        "post_hint": "link",
        "preview": {
            "enabled": false,
            "images": [
                {
                    "id": "IHxwDsfPmh6rFVJjvXv6Qq6JvkZBr2PrMDBK57pvzzM",
                    "resolutions": [
                        {
                            "height": 60,
                            "url": "https://external-preview.redd.it/BqTZf49SZbzGE5yde806LvMdIwmAyJnXvqD2SfHpNUQ.jpg?width=108&amp;crop=smart&amp;auto=webp&amp;s=5a41520d5d0f786b5c865d0537f1beb8e1b4934a",
                            "width": 108
                        },
                        {
                            "height": 121,
                            "url": "https://external-preview.redd.it/BqTZf49SZbzGE5yde806LvMdIwmAyJnXvqD2SfHpNUQ.jpg?width=216&amp;crop=smart&amp;auto=webp&amp;s=a506364f4aba528c90afd7862b34bb42a52626ae",
                            "width": 216
                        },
                        {
                            "height": 179,
                            "url": "https://external-preview.redd.it/BqTZf49SZbzGE5yde806LvMdIwmAyJnXvqD2SfHpNUQ.jpg?width=320&amp;crop=smart&amp;auto=webp&amp;s=9cf3c53cc154f8e317751f5218e820d4a565a87b",
                            "width": 320
                        },
                        {
                            "height": 359,
                            "url": "https://external-preview.redd.it/BqTZf49SZbzGE5yde806LvMdIwmAyJnXvqD2SfHpNUQ.jpg?width=640&amp;crop=smart&amp;auto=webp&amp;s=df5691e21798f96aae965886c10f8a36f95f6207",
                            "width": 640
                        },
                        {
                            "height": 539,
                            "url": "https://external-preview.redd.it/BqTZf49SZbzGE5yde806LvMdIwmAyJnXvqD2SfHpNUQ.jpg?width=960&amp;crop=smart&amp;auto=webp&amp;s=d286260a3a00f42a6a1afbd853fecb7eae887e32",
                            "width": 960
                        }
                    ],
                    "source": {
                        "height": 551,
                        "url": "https://external-preview.redd.it/BqTZf49SZbzGE5yde806LvMdIwmAyJnXvqD2SfHpNUQ.jpg?auto=webp&amp;s=d5991b4c2a48c000e8b6aff09f32275e3762dce9",
                        "width": 980
                    },
                    "variants": {}
                }
            ]
        },
        "pwls": 6,
        "removed_by_category": "moderator",
        "retrieved_on": 1599857105,
        "score": 1,
        "selftext": "",
        "send_replies": true,
        "spoiler": false,
        "stickied": false,
        "subreddit": "Coronavirus",
        "subreddit_id": "t5_2x4yx",
        "subreddit_subscribers": 2275403,
        "subreddit_type": "public",
        "suggested_sort": "confidence",
        "thumbnail": "https://b.thumbs.redditmedia.com/4SuEBWORyGvWWECsbPlo_xpK6DDbq9Eh6zkBMZZktuw.jpg",
        "thumbnail_height": 78,
        "thumbnail_width": 140,
        "title": "The 1% blunder: How a simple but fatal math mistake by US Covid-19 experts caused the world to panic and order lockdowns",
        "total_awards_received": 0,
        "treatment_tags": [],
        "upvote_ratio": 1.0,
        "url": "https://www.rt.com/op-ed/500000-covid19-math-mistake-panic/?fbclid=IwAR1Ib_WJQAQqrLnWcrE8O_0uUusuU_Nuii6FJlzaPcbH8EZynXt0QK72OsA",
        "url_overridden_by_dest": "https://www.rt.com/op-ed/500000-covid19-math-mistake-panic/?fbclid=IwAR1Ib_WJQAQqrLnWcrE8O_0uUusuU_Nuii6FJlzaPcbH8EZynXt0QK72OsA",
        "whitelist_status": "all_ads",
        "wls": 6
    },
    {
        "all_awardings": [],
        "allow_live_comments": false,
        "author": "D-R-AZ",
        "author_flair_css_class": null,
        "author_flair_richtext": [],
        "author_flair_text": null,
        "author_flair_type": "text",
        "author_fullname": "t2_67vr4xq3",
        "author_patreon_flair": false,
        "author_premium": true,
        "awarders": [],
        "can_mod_post": false,
        "contest_mode": false,
        "created_utc": "2020-09-07 13:52:09",
        "domain": "onlinelibrary.wiley.com",
        "full_link": "https://www.reddit.com/r/Coronavirus/comments/io7sm0/covid19_pandemic_and_the_surge_of_panic_attacks/",
        "gildings": {},
        "id": "io7sm0",
        "is_crosspostable": true,
        "is_meta": false,
        "is_original_content": false,
        "is_reddit_media_domain": false,
        "is_robot_indexable": true,
        "is_self": false,
        "is_video": false,
        "link_flair_background_color": "#94e044",
        "link_flair_richtext": [],
        "link_flair_template_id": "fd072d2c-5e48-11ea-8569-0eaa0007e55b",
        "link_flair_text": "Europe",
        "link_flair_text_color": "dark",
        "link_flair_type": "text",
        "locked": false,
        "media_only": false,
        "no_follow": true,
        "num_comments": 1,
        "num_crossposts": 0,
        "over_18": false,
        "parent_whitelist_status": "all_ads",
        "permalink": "/r/Coronavirus/comments/io7sm0/covid19_pandemic_and_the_surge_of_panic_attacks/",
        "pinned": false,
        "post_hint": "link",
        "preview": {
            "enabled": false,
            "images": [
                {
                    "id": "buMP9QXRG13xiKIIzDGTGexJ3mK7yU1qyRLNn8NWQCs",
                    "resolutions": [
                        {
                            "height": 142,
                            "url": "https://external-preview.redd.it/LmSM3A8hgkvy2QEGg-t-PWeDG1F0j9O36g4MVGh9IZY.jpg?width=108&amp;crop=smart&amp;auto=webp&amp;s=f3664444bfe292e20624566fd116d6bab1ddbbd6",
                            "width": 108
                        }
                    ],
                    "source": {
                        "height": 150,
                        "url": "https://external-preview.redd.it/LmSM3A8hgkvy2QEGg-t-PWeDG1F0j9O36g4MVGh9IZY.jpg?auto=webp&amp;s=11b7914a5aa79325c164cc6954d760b03ce13989",
                        "width": 114
                    },
                    "variants": {}
                }
            ]
        },
        "pwls": 6,
        "retrieved_on": 1599486740,
        "score": 1,
        "selftext": "",
        "send_replies": true,
        "spoiler": false,
        "stickied": false,
        "subreddit": "Coronavirus",
        "subreddit_id": "t5_2x4yx",
        "subreddit_subscribers": 2272354,
        "subreddit_type": "public",
        "suggested_sort": "confidence",
        "thumbnail": "https://a.thumbs.redditmedia.com/oYa895xcYBBmn3V26SURnMqtSc81yQ4sdmxA-9IcYk0.jpg",
        "thumbnail_height": 70,
        "thumbnail_width": 70,
        "title": "Covid\u201019 pandemic and the surge of panic attacks among NHS nursing staff: An ethnographical perspective",
        "total_awards_received": 0,
        "treatment_tags": [],
        "upvote_ratio": 1.0,
        "url": "https://onlinelibrary.wiley.com/doi/full/10.1111/jan.14508",
        "url_overridden_by_dest": "https://onlinelibrary.wiley.com/doi/full/10.1111/jan.14508",
        "whitelist_status": "all_ads",
        "wls": 6
    }
]