[
    {
        "all_awardings": [],
        "allow_live_comments": false,
        "author": "Viewfromthe31stfloor",
        "author_flair_background_color": "",
        "author_flair_css_class": null,
        "author_flair_richtext": [],
        "author_flair_text": null,
        "author_flair_text_color": "",
        "author_flair_type": "text",
        "author_fullname": "t2_3nelaphm",
        "author_patreon_flair": false,
        "author_premium": true,
        "awarders": [],
        "can_mod_post": false,
        "contest_mode": false,
        "created_utc": "2020-09-13 00:13:13",
        "domain": "bostonglobe.com",
        "full_link": "https://www.reddit.com/r/Coronavirus/comments/irnycv/as_pandemic_wears_on_despair_at_epicenter_of/",
        "gildings": {},
        "id": "irnycv",
        "is_crosspostable": true,
        "is_meta": false,
        "is_original_content": false,
        "is_reddit_media_domain": false,
        "is_robot_indexable": true,
        "is_self": false,
        "is_video": false,
        "link_flair_background_color": "#ff8717",
        "link_flair_richtext": [],
        "link_flair_template_id": "e7643a50-5e48-11ea-8e30-0e05eb9dc901",
        "link_flair_text": "USA",
        "link_flair_text_color": "dark",
        "link_flair_type": "text",
        "locked": false,
        "media_only": false,
        "no_follow": false,
        "num_comments": 12,
        "num_crossposts": 0,
        "over_18": false,
        "parent_whitelist_status": "all_ads",
        "permalink": "/r/Coronavirus/comments/irnycv/as_pandemic_wears_on_despair_at_epicenter_of/",
        "pinned": false,
        "post_hint": "link",
        "preview": {
            "enabled": false,
            "images": [
                {
                    "id": "V8M314pR9aOhc8PGJOnc6u_RgX1ID2AQd-dCOu1IW-8",
                    "resolutions": [
                        {
                            "height": 71,
                            "url": "https://external-preview.redd.it/qy5OGxq-XbijI7jMqdRJLPuJBxPXXB6TU0ajE6PvO88.jpg?width=108&amp;crop=smart&amp;auto=webp&amp;s=512065a073e0558b66c2d0870e18682dc901729a",
                            "width": 108
                        },
                        {
                            "height": 143,
                            "url": "https://external-preview.redd.it/qy5OGxq-XbijI7jMqdRJLPuJBxPXXB6TU0ajE6PvO88.jpg?width=216&amp;crop=smart&amp;auto=webp&amp;s=e7096a4ff8a2adcb640aa76e88acce36d28f9e82",
                            "width": 216
                        },
                        {
                            "height": 213,
                            "url": "https://external-preview.redd.it/qy5OGxq-XbijI7jMqdRJLPuJBxPXXB6TU0ajE6PvO88.jpg?width=320&amp;crop=smart&amp;auto=webp&amp;s=85c7b87a589e79ba967061e7f8c3f62bacaa0e88",
                            "width": 320
                        }
                    ],
                    "source": {
                        "height": 337,
                        "url": "https://external-preview.redd.it/qy5OGxq-XbijI7jMqdRJLPuJBxPXXB6TU0ajE6PvO88.jpg?auto=webp&amp;s=5fe05c05bcec18c3570cb33aad2791c1409f236a",
                        "width": 506
                    },
                    "variants": {}
                }
            ]
        },
        "pwls": 6,
        "retrieved_on": 1600004204,
        "score": 14,
        "selftext": "",
        "send_replies": true,
        "spoiler": false,
        "stickied": false,
        "subreddit": "Coronavirus",
        "subreddit_id": "t5_2x4yx",
        "subreddit_subscribers": 2276422,
        "subreddit_type": "public",
        "suggested_sort": "confidence",
        "thumbnail": "https://b.thumbs.redditmedia.com/_t4yxxS-ftQpSLENzrH24j5WzOslxHz9yxfOc1TT4rM.jpg",
        "thumbnail_height": 93,
        "thumbnail_width": 140,
        "title": "As pandemic wears on, despair at epicenter of addiction crisis deepens",
        "total_awards_received": 0,
        "treatment_tags": [],
        "upvote_ratio": 0.72,
        "url": "https://www.bostonglobe.com/2020/09/12/metro/pandemic-wears-despair-alongbostons-methadone-mile-deepens/",
        "url_overridden_by_dest": "https://www.bostonglobe.com/2020/09/12/metro/pandemic-wears-despair-alongbostons-methadone-mile-deepens/",
        "whitelist_status": "all_ads",
        "wls": 6
    }
]