[
    {
        "all_awardings": [],
        "allow_live_comments": false,
        "author": "smoovejulio",
        "author_flair_css_class": null,
        "author_flair_richtext": [],
        "author_flair_text": null,
        "author_flair_type": "text",
        "author_fullname": "t2_5b17fnn3",
        "author_patreon_flair": false,
        "author_premium": false,
        "awarders": [],
        "can_mod_post": false,
        "contest_mode": false,
        "created_utc": "2020-09-19 02:42:22",
        "domain": "self.OpiatesRecovery",
        "full_link": "https://www.reddit.com/r/OpiatesRecovery/comments/ivk8jr/oxy_withdrawals/",
        "gildings": {},
        "id": "ivk8jr",
        "is_crosspostable": false,
        "is_meta": false,
        "is_original_content": false,
        "is_reddit_media_domain": false,
        "is_robot_indexable": true,
        "is_self": true,
        "is_video": false,
        "link_flair_background_color": "",
        "link_flair_richtext": [],
        "link_flair_text_color": "dark",
        "link_flair_type": "text",
        "locked": false,
        "media_only": false,
        "no_follow": true,
        "num_comments": 3,
        "num_crossposts": 0,
        "over_18": false,
        "parent_whitelist_status": "no_ads",
        "permalink": "/r/OpiatesRecovery/comments/ivk8jr/oxy_withdrawals/",
        "pinned": false,
        "pwls": 0,
        "retrieved_on": 1600483352,
        "score": 1,
        "selftext": "Are Lyrica capsules (300mg) and Clonazepam 2mg pills and Diazepam drops (200mg) effective in terms of milden the withdrawal symptoms? I\u2019m coming of oxycodone like 160-220mg over the day , not everyday but like 4-5 days a week. I don\u2019t want to be physically dependent on that shit anymore. After that I\u2019ll try to use codein or oxy like 1-2 times every two weeks. Just because I cant endure other substances. That worked pretty fine for me for some time , then it got to 2-3 times a week and when corona accured it got to almost every day usage. I booked a hotel with a heated swimming pool on the belgish coast for 9 days. I hope I will be able to manage that with these little helpers \ud83d\ude05 what are you guys thinking ? Best greetings from Germany \ud83d\ude0a",
        "send_replies": true,
        "spoiler": false,
        "stickied": false,
        "subreddit": "OpiatesRecovery",
        "subreddit_id": "t5_2tkk8",
        "subreddit_subscribers": 27075,
        "subreddit_type": "public",
        "thumbnail": "self",
        "title": "Oxy withdrawals",
        "total_awards_received": 0,
        "treatment_tags": [],
        "upvote_ratio": 1.0,
        "url": "https://www.reddit.com/r/OpiatesRecovery/comments/ivk8jr/oxy_withdrawals/",
        "whitelist_status": "no_ads",
        "wls": 0
    },
    {
        "all_awardings": [],
        "allow_live_comments": false,
        "author": "winnipesaukee_bukake",
        "author_flair_css_class": null,
        "author_flair_richtext": [],
        "author_flair_text": null,
        "author_flair_type": "text",
        "author_fullname": "t2_830418ca",
        "author_patreon_flair": false,
        "author_premium": false,
        "awarders": [],
        "can_mod_post": false,
        "contest_mode": false,
        "created_utc": "2020-09-24 14:47:25",
        "domain": "self.OpiatesRecovery",
        "full_link": "https://www.reddit.com/r/OpiatesRecovery/comments/iyylnn/upset_with_myself/",
        "gildings": {},
        "id": "iyylnn",
        "is_crosspostable": false,
        "is_meta": false,
        "is_original_content": false,
        "is_reddit_media_domain": false,
        "is_robot_indexable": true,
        "is_self": true,
        "is_video": false,
        "link_flair_background_color": "",
        "link_flair_richtext": [],
        "link_flair_text_color": "dark",
        "link_flair_type": "text",
        "locked": false,
        "media_only": false,
        "no_follow": true,
        "num_comments": 5,
        "num_crossposts": 0,
        "over_18": false,
        "parent_whitelist_status": "no_ads",
        "permalink": "/r/OpiatesRecovery/comments/iyylnn/upset_with_myself/",
        "pinned": false,
        "pwls": 0,
        "retrieved_on": 1600958857,
        "score": 1,
        "selftext": "Trying to detox and I set myself back.\n\nI drove 2.5 hrs away to hold up in a hotel (my dealer lives near me). I have comfort meds, suboxone, and can work from my computer while the office is closed for coronavirus. I made it 36 hrs and gave in to cravings.\n\nDrove back at midnight and was so tired coming back to the hotel I just slept for 3 hours at a rest stop. Now I have to start over again. Should be able to get through work today without being sick, and tomorrow is less important for work schedule wise. I\u2019m booked here until Saturday. Only $40 left after this until payday on the 1st. \n\nI was afraid to take the subs because of potential precipitated withdrawals from fentadope. All I could put down yesterday was 2 slices of bread and a banana even though I was so hungry.\n\nI feel like such an idiot. I don\u2019t have another chance at this. I need to make it and have done it in the past in worse circumstances but it\u2019s so fucking hard this time idk why. For the past 7 months every week I\u2019d tell myself I\u2019m going to quit. Many half assed attempts to quit and wasting money not buying bulk in direct at wholesale. It\u2019s not like I just said \u201cfuck it, I\u2019m going to run with this for awhile.\u201d I\u2019ve been miserable this whole time. \n\nI hate myself for falling back into this in the first place and all the problems and pain it\u2019s caused me to suffer again. I\u2019ve had multiple year long periods of sobriety in the past. The worst is after 2 weeks on this run I was clean for 5 days and then used because I didn\u2019t want to go into work sick. I think this job and my ex gf are the reasons I relapsed. I don\u2019t talk to her anymore and I\u2019m very close to landing a less stressful job.\n\nI just want it to be over with so I can live my life again. I\u2019m going to have to live like a spartan if I want any chance of rebuilding my finances which are completely gone at this point.\n\nSorry for the rant. Needed to vent.\n\nTLDR: I feel so hopeless and helpless.",
        "send_replies": true,
        "spoiler": false,
        "stickied": false,
        "subreddit": "OpiatesRecovery",
        "subreddit_id": "t5_2tkk8",
        "subreddit_subscribers": 27180,
        "subreddit_type": "public",
        "thumbnail": "self",
        "title": "Upset with myself",
        "total_awards_received": 0,
        "treatment_tags": [],
        "upvote_ratio": 1.0,
        "url": "https://www.reddit.com/r/OpiatesRecovery/comments/iyylnn/upset_with_myself/",
        "whitelist_status": "no_ads",
        "wls": 0
    },
    {
        "all_awardings": [],
        "allow_live_comments": false,
        "author": "kjj971120",
        "author_flair_css_class": null,
        "author_flair_richtext": [],
        "author_flair_text": null,
        "author_flair_type": "text",
        "author_fullname": "t2_7lh3br6b",
        "author_patreon_flair": false,
        "author_premium": false,
        "awarders": [],
        "can_mod_post": false,
        "contest_mode": false,
        "created_utc": "2020-09-29 12:30:40",
        "domain": "self.OpiatesRecovery",
        "full_link": "https://www.reddit.com/r/OpiatesRecovery/comments/j1y9yv/my_boyfriend_is_trying_to_come_off_of_opioids_and/",
        "gildings": {},
        "id": "j1y9yv",
        "is_crosspostable": false,
        "is_meta": false,
        "is_original_content": false,
        "is_reddit_media_domain": false,
        "is_robot_indexable": true,
        "is_self": true,
        "is_video": false,
        "link_flair_background_color": "",
        "link_flair_richtext": [],
        "link_flair_text_color": "dark",
        "link_flair_type": "text",
        "locked": false,
        "media_only": false,
        "no_follow": true,
        "num_comments": 66,
        "num_crossposts": 0,
        "over_18": false,
        "parent_whitelist_status": "no_ads",
        "permalink": "/r/OpiatesRecovery/comments/j1y9yv/my_boyfriend_is_trying_to_come_off_of_opioids_and/",
        "pinned": false,
        "pwls": 0,
        "retrieved_on": 1601382652,
        "score": 1,
        "selftext": "I honestly don\u2019t know how long he\u2019s been doing them because he hasn\u2019t always been honest abt it but for the last at least 6 months I\u2019ve been irritated with him every single day because I know he\u2019s been high and he insists that he doesn\u2019t pop pills and I just trip and its a weed high. He however did admit to popping zans and perc 15s occasionally. This past week he started acting really weird twds me, not wanting to come back home ( we have 2 children together) and just really irritated with me. He just wanted to be left alone, so Friday he tells me his stomach felt weird and he\u2019s tired , Saturday comes around and he\u2019s tells me he\u2019s been throwing up all night and he hadn\u2019t been to sleep in 2 days, hes super anxious, cold and has the chills. So right off the bat I don\u2019t know what\u2019s going on, I assume he has covid lol, i bought him one of my fast acting panic attack meds(benzo), some water, and vegetable pho and he literally took one bite and threw everything up, and curled back up in bed. He begged me to stay and lay down with him and still thinking he\u2019s sick, I told him I have to find someone to take the kids because I don\u2019t want them to get sick (I didn\u2019t want to get sick either) but he insisted he wasn\u2019t sick but from the outside looking in, not knowing what\u2019s going on, i couldn\u2019t tell the difference. I brought him zofran and promethazine(pill form) for his nausea and vomiting, i have leftovers from my pregnancy. Then I came back home and thought ... hmmm it seems like he\u2019s going through withdrawal, so the next day rolls around and he asks me to come over with the kids(3 and 6 months) and he sounded way better, but my guard was still up and we kept our distance, and he tells me .. \u201cI think i\u2019m having weed withdrawals, it\u2019s been a few days since I\u2019ve smoked\u201d and in my head i\u2019m like \u201cBULLSHIT\u201d but I was like ... \u201cI know you said you take some pills occasionally, did you stop taking them? Do you think thats why you\u2019re feeling this way\u201d? I said it as nice as possible because I didn\u2019t want to trigger him, or make him feel bad abt his dealings. He said, \u201cYes, low key i think that could be it.\u201d I asked him how many he would take in a day and he said he doesn\u2019t even know, but said he wants to come off and is now only taking 1-2 a day. Since we\u2019ve talked on Sunday, he has been so transparent and honest abt what\u2019s going on, I told him I feel like he should go back up to taking at least 5 and slowly ween himself off because he doesn\u2019t know how many he was taking and I don\u2019t want his body going into shock. I don\u2019t want folks thinking I\u2019m enabling him by telling him to take more and ween, I just don\u2019t want him to hurt himself, and he\u2019s been getting hit by depression pretty hard. I said all of that to say, Is there any advice on coming off this by yourself, with the help of loved ones successfully, are there any people out here that have recovered and had/or didn\u2019t have a support system, what would you tell someone like me? Sorry for the novel, I just want the best for him. And even though he\u2019s still taking them, I still feel he\u2019s back to normal (long road i know).",
        "send_replies": true,
        "spoiler": false,
        "stickied": false,
        "subreddit": "OpiatesRecovery",
        "subreddit_id": "t5_2tkk8",
        "subreddit_subscribers": 27249,
        "subreddit_type": "public",
        "thumbnail": "self",
        "title": "My boyfriend is trying to come off of opioids and I need advice.",
        "total_awards_received": 0,
        "treatment_tags": [],
        "upvote_ratio": 1.0,
        "url": "https://www.reddit.com/r/OpiatesRecovery/comments/j1y9yv/my_boyfriend_is_trying_to_come_off_of_opioids_and/",
        "whitelist_status": "no_ads",
        "wls": 0
    },
    {
        "all_awardings": [],
        "allow_live_comments": false,
        "author": "OpiophileLBC",
        "author_flair_css_class": null,
        "author_flair_richtext": [],
        "author_flair_text": null,
        "author_flair_type": "text",
        "author_fullname": "t2_1xtcr8bd",
        "author_patreon_flair": false,
        "author_premium": false,
        "awarders": [],
        "can_mod_post": false,
        "contest_mode": false,
        "created_utc": "2020-09-28 13:57:40",
        "domain": "self.OpiatesRecovery",
        "full_link": "https://www.reddit.com/r/OpiatesRecovery/comments/j1cgu2/a_year_clean/",
        "gildings": {},
        "id": "j1cgu2",
        "is_crosspostable": false,
        "is_meta": false,
        "is_original_content": false,
        "is_reddit_media_domain": false,
        "is_robot_indexable": true,
        "is_self": true,
        "is_video": false,
        "link_flair_background_color": "",
        "link_flair_richtext": [],
        "link_flair_text_color": "dark",
        "link_flair_type": "text",
        "locked": false,
        "media_only": false,
        "no_follow": true,
        "num_comments": 6,
        "num_crossposts": 0,
        "over_18": false,
        "parent_whitelist_status": "no_ads",
        "permalink": "/r/OpiatesRecovery/comments/j1cgu2/a_year_clean/",
        "pinned": false,
        "pwls": 0,
        "retrieved_on": 1601301470,
        "score": 1,
        "selftext": "I sit back and reflect on the shit show of the last year. I went to treatment in October, a month after getting clean. From treatment, I went to court and got locked up from December to the end of April. During the time, COVID-19 hit and I was only\nReleased because of the virus.\n\nGot out, went back to treatment and finished up with that. Life\u2019s great. I still have struggles. I\u2019m still fighting 3 felony cases with multiple felonies on each one. I\u2019m also fight 3 other misdemeanor cases with multiple charges. The judge wants to give me 3 years.\n\nHopefully that changes, but I don\u2019t know. I go back to court Oct. 9th. I still struggle. I still have difficulties but if you would have told me a year ago that I\u2019d go through everything I did and stayed clean, I would have called you crazy.\n\nLife has its ups and downs but they can be dealt with. I\u2019m finally happy. I finally enjoy daily living and I finally enjoy being able to struggle and triumph over it.\n\nIf anyone ever needs help or anyone to talk to, I\u2019m always here. No judgments. No criticism. Just understand. \n\nI hole everyone has a good day.",
        "send_replies": true,
        "spoiler": false,
        "stickied": false,
        "subreddit": "OpiatesRecovery",
        "subreddit_id": "t5_2tkk8",
        "subreddit_subscribers": 27232,
        "subreddit_type": "public",
        "thumbnail": "self",
        "title": "A year clean",
        "total_awards_received": 0,
        "treatment_tags": [],
        "upvote_ratio": 1.0,
        "url": "https://www.reddit.com/r/OpiatesRecovery/comments/j1cgu2/a_year_clean/",
        "whitelist_status": "no_ads",
        "wls": 0
    },
    {
        "all_awardings": [],
        "allow_live_comments": false,
        "author": "toasunlesssea",
        "author_flair_css_class": null,
        "author_flair_richtext": [],
        "author_flair_text": null,
        "author_flair_type": "text",
        "author_fullname": "t2_80squrvh",
        "author_patreon_flair": false,
        "author_premium": false,
        "awarders": [],
        "can_mod_post": false,
        "contest_mode": false,
        "created_utc": "2020-09-27 20:02:47",
        "domain": "self.OpiatesRecovery",
        "full_link": "https://www.reddit.com/r/OpiatesRecovery/comments/j0xstp/craving_while_tapering_off/",
        "gildings": {},
        "id": "j0xstp",
        "is_crosspostable": false,
        "is_meta": false,
        "is_original_content": false,
        "is_reddit_media_domain": false,
        "is_robot_indexable": true,
        "is_self": true,
        "is_video": false,
        "link_flair_background_color": "",
        "link_flair_richtext": [],
        "link_flair_text_color": "dark",
        "link_flair_type": "text",
        "locked": false,
        "media_only": false,
        "no_follow": true,
        "num_comments": 15,
        "num_crossposts": 0,
        "over_18": false,
        "parent_whitelist_status": "no_ads",
        "permalink": "/r/OpiatesRecovery/comments/j0xstp/craving_while_tapering_off/",
        "pinned": false,
        "pwls": 0,
        "retrieved_on": 1601236978,
        "score": 1,
        "selftext": "My usage is down. I have a supply of valium for the random flares of anxiety. I've gone from 1200mg of dihydrocodeine a day (really), my last dose of that on Thursday, to 700mg Friday, now about 350mg yesterday. I've been taking about 6mg of immodium prophylactically since Saturday to keep the shits at bay, and 5mg of valium at night to sleep and calm the fidgets, restless legs and fear. I've taken no no opioids in about 24 hours.\nI think tomorrow might be my final or second final taper, but I so badly want to be high. At these lower doses I've been able to avoid most of the physical withdrawals, but what do I do about my brain? I don't want to do other things. I'm bored and tired and have no place to go, no friends to visit because of covid. I don't have the interest or attention span for watching tv. Ditto video games. I just feel bored. I'm too tired to exercise. My brain feels like it's buried in mud and the only way to feel happy is to use.\n\nFuck, I don't know. How do you even deal with it when it feels like nothing is interesting or worthwhile except the high?",
        "send_replies": true,
        "spoiler": false,
        "stickied": false,
        "subreddit": "OpiatesRecovery",
        "subreddit_id": "t5_2tkk8",
        "subreddit_subscribers": 27219,
        "subreddit_type": "public",
        "thumbnail": "self",
        "title": "Craving while tapering off",
        "total_awards_received": 0,
        "treatment_tags": [],
        "upvote_ratio": 1.0,
        "url": "https://www.reddit.com/r/OpiatesRecovery/comments/j0xstp/craving_while_tapering_off/",
        "whitelist_status": "no_ads",
        "wls": 0
    },
    {
        "all_awardings": [],
        "allow_live_comments": false,
        "author": "notlikeyoubruh",
        "author_flair_css_class": null,
        "author_flair_richtext": [],
        "author_flair_text": null,
        "author_flair_type": "text",
        "author_fullname": "t2_6fzv1mq0",
        "author_patreon_flair": false,
        "author_premium": false,
        "awarders": [],
        "can_mod_post": false,
        "contest_mode": false,
        "created_utc": "2020-09-27 19:33:50",
        "domain": "self.OpiatesRecovery",
        "full_link": "https://www.reddit.com/r/OpiatesRecovery/comments/j0xafb/speaking_with_my_pay_made_me_realize_i_have_no/",
        "gildings": {},
        "id": "j0xafb",
        "is_crosspostable": false,
        "is_meta": false,
        "is_original_content": false,
        "is_reddit_media_domain": false,
        "is_robot_indexable": true,
        "is_self": true,
        "is_video": false,
        "link_flair_background_color": "",
        "link_flair_richtext": [],
        "link_flair_text_color": "dark",
        "link_flair_type": "text",
        "locked": false,
        "media_only": false,
        "no_follow": true,
        "num_comments": 9,
        "num_crossposts": 0,
        "over_18": false,
        "parent_whitelist_status": "no_ads",
        "permalink": "/r/OpiatesRecovery/comments/j0xafb/speaking_with_my_pay_made_me_realize_i_have_no/",
        "pinned": false,
        "pwls": 0,
        "retrieved_on": 1601235240,
        "score": 1,
        "selftext": "This year, I went from almost buying a house, making 100k+, a great relationship with my girlfriend to a bad taper on klonopin which ended in psychosis, overdosing on a fent 30 while withdrawing off Kpins to mask the pain, got a covid diagnosis, lost my job due to covid, during psychosis got setup by a drug dealer \u201cfriend\u201d who got me in trouble with the police, my family isn\u2019t taking my recover from death seriously. And I lost 60 percent of my net worth. Kinda just hear to vent but I don\u2019t know what else to do with myself. I\u2019m living day by day hoping things will improve. And I\u2019m going back and forth with oxy to manage my physical and emotional pain. I feel like I\u2019m in a hole I can\u2019t get out of, and honestly I\u2019ve considered OD but I\u2019m scared I\u2019ll fail or survive and have to deal with the shit. Is it bad for me to stay on oxy to hold me together until November when my court case ends and things get more stable? Any advice would help as I feel like I\u2019m truly at the point of no return.",
        "send_replies": true,
        "spoiler": false,
        "stickied": false,
        "subreddit": "OpiatesRecovery",
        "subreddit_id": "t5_2tkk8",
        "subreddit_subscribers": 27219,
        "subreddit_type": "public",
        "thumbnail": "self",
        "title": "Speaking with my pay made me realize I have no healthy tools to deal with when life takes me down",
        "total_awards_received": 0,
        "treatment_tags": [],
        "upvote_ratio": 1.0,
        "url": "https://www.reddit.com/r/OpiatesRecovery/comments/j0xafb/speaking_with_my_pay_made_me_realize_i_have_no/",
        "whitelist_status": "no_ads",
        "wls": 0
    },
    {
        "all_awardings": [],
        "allow_live_comments": false,
        "author": "marcusc00",
        "author_flair_css_class": null,
        "author_flair_richtext": [],
        "author_flair_text": null,
        "author_flair_type": "text",
        "author_fullname": "t2_363a8lns",
        "author_patreon_flair": false,
        "author_premium": false,
        "awarders": [],
        "can_mod_post": false,
        "contest_mode": false,
        "created_utc": "2020-09-23 17:40:34",
        "domain": "self.OpiatesRecovery",
        "full_link": "https://www.reddit.com/r/OpiatesRecovery/comments/iyexgm/relapsed_again/",
        "gildings": {},
        "id": "iyexgm",
        "is_crosspostable": false,
        "is_meta": false,
        "is_original_content": false,
        "is_reddit_media_domain": false,
        "is_robot_indexable": true,
        "is_self": true,
        "is_video": false,
        "link_flair_background_color": "",
        "link_flair_richtext": [],
        "link_flair_text_color": "dark",
        "link_flair_type": "text",
        "locked": false,
        "media_only": false,
        "no_follow": true,
        "num_comments": 33,
        "num_crossposts": 0,
        "over_18": false,
        "parent_whitelist_status": "no_ads",
        "permalink": "/r/OpiatesRecovery/comments/iyexgm/relapsed_again/",
        "pinned": false,
        "pwls": 0,
        "retrieved_on": 1600882846,
        "score": 1,
        "selftext": "So I posted a few weeks ago that I was 1 week clean, and then another post saying I had relapsed. Well that relapse turned into a 6 day binge.\n\nSat my parents down ( live at home with them still ) told them how bad my problem is and handed over everything I had.\nSo today is the evening of day 1 and ive started to feel anxious and pretty down.\nFeel like crying and being on my own, but I am going to my best mates house for dinner with him and his wife. They know the situation and my mum also spoke to him and has spoken to him about how bad this had became. She doesn\u2019t understand how \u2018 pain killers \u2018 are so addictive, bless her. Ive had to really explain how much I am struggling and she understands now.\n\nIm going to check in daily on this post to keep myself aiming towards the next post. \n\nFeel like I\u2019m yearning for some sort of earthly connection too. Like I feel so trapped due to the use of phones and with covid restrictions getting worse again, its adding to my mental stress. I have a want to just throw my phone in the bin and be outside. \n\nAnyway, just venting",
        "send_replies": true,
        "spoiler": false,
        "stickied": false,
        "subreddit": "OpiatesRecovery",
        "subreddit_id": "t5_2tkk8",
        "subreddit_subscribers": 27166,
        "subreddit_type": "public",
        "thumbnail": "self",
        "title": "Relapsed.. again",
        "total_awards_received": 0,
        "treatment_tags": [],
        "upvote_ratio": 1.0,
        "url": "https://www.reddit.com/r/OpiatesRecovery/comments/iyexgm/relapsed_again/",
        "whitelist_status": "no_ads",
        "wls": 0
    },
    {
        "all_awardings": [],
        "allow_live_comments": false,
        "author": "Alarming-Scallion812",
        "author_flair_css_class": null,
        "author_flair_richtext": [],
        "author_flair_text": null,
        "author_flair_type": "text",
        "author_fullname": "t2_85vdb4ha",
        "author_patreon_flair": false,
        "author_premium": false,
        "awarders": [],
        "can_mod_post": false,
        "contest_mode": false,
        "created_utc": "2020-09-20 09:38:26",
        "domain": "self.OpiatesRecovery",
        "full_link": "https://www.reddit.com/r/OpiatesRecovery/comments/iwaxds/codeine_withdrawal_3_weeks_in/",
        "gildings": {},
        "id": "iwaxds",
        "is_crosspostable": false,
        "is_meta": false,
        "is_original_content": false,
        "is_reddit_media_domain": false,
        "is_robot_indexable": true,
        "is_self": true,
        "is_video": false,
        "link_flair_background_color": "",
        "link_flair_richtext": [],
        "link_flair_text_color": "dark",
        "link_flair_type": "text",
        "locked": false,
        "media_only": false,
        "no_follow": true,
        "num_comments": 30,
        "num_crossposts": 0,
        "over_18": false,
        "parent_whitelist_status": "no_ads",
        "permalink": "/r/OpiatesRecovery/comments/iwaxds/codeine_withdrawal_3_weeks_in/",
        "pinned": false,
        "pwls": 0,
        "retrieved_on": 1600594716,
        "score": 1,
        "selftext": " \n\nHi,\n\nApologies in advance for the long post here. I've been addicted to codeine for quite a few years now. In Ireland where I live you can get it over the counter and I have been abusing this for quite a while and it's escalated since covid. I had also taken stronger dosage ones that my Mam had been prescribed. I wasnt always on huge doses every day but I was taking it quite regularly for a long time. To cut a long story short it I realised the dosage I had been taking had stopped working to address any physical symptoms or pain so in order to get the same feeling from it I would have to increase the dose. I made the decision to quit cold turkey and naively I underestimated how difficult this would be. I guess I figured cause it was an over the counter drug and not a street one then there wouldnt be major withdrawal. The physical symptoms were actually manageable but it's been 3 weeks since I've had codeine and my anxiety is through the roof and I feel so low. My moods are fluctuating and I have this impending sense of dread. I feel quite restless like my mind cant relax and this is making me upset when I'm around my young son as I feel I cant enjoy being around him and then that makes me feel worse. My question after all this verbal diahorrea is, is what I am experiencing here part of the withdrawal and will it go away? It's like an alien feeling like I'm perceiving the world in a nightmarish way and it's frightening me. Any advice would be appreciated. Thanks all.",
        "send_replies": true,
        "spoiler": false,
        "stickied": false,
        "subreddit": "OpiatesRecovery",
        "subreddit_id": "t5_2tkk8",
        "subreddit_subscribers": 27102,
        "subreddit_type": "public",
        "thumbnail": "self",
        "title": "Codeine Withdrawal 3 weeks in",
        "total_awards_received": 0,
        "treatment_tags": [],
        "upvote_ratio": 1.0,
        "url": "https://www.reddit.com/r/OpiatesRecovery/comments/iwaxds/codeine_withdrawal_3_weeks_in/",
        "whitelist_status": "no_ads",
        "wls": 0
    },
    {
        "all_awardings": [],
        "allow_live_comments": false,
        "author": "Valuable_Piccolo_416",
        "author_flair_css_class": null,
        "author_flair_richtext": [],
        "author_flair_text": null,
        "author_flair_type": "text",
        "author_fullname": "t2_7p5dqzr5",
        "author_patreon_flair": false,
        "author_premium": false,
        "awarders": [],
        "can_mod_post": false,
        "contest_mode": false,
        "created_utc": "2020-09-17 19:38:28",
        "domain": "self.OpiatesRecovery",
        "full_link": "https://www.reddit.com/r/OpiatesRecovery/comments/iuqq19/paws_advice/",
        "gildings": {},
        "id": "iuqq19",
        "is_crosspostable": false,
        "is_meta": false,
        "is_original_content": false,
        "is_reddit_media_domain": false,
        "is_robot_indexable": true,
        "is_self": true,
        "is_video": false,
        "link_flair_background_color": "",
        "link_flair_richtext": [],
        "link_flair_text_color": "dark",
        "link_flair_type": "text",
        "locked": false,
        "media_only": false,
        "no_follow": true,
        "num_comments": 7,
        "num_crossposts": 0,
        "over_18": false,
        "parent_whitelist_status": "no_ads",
        "permalink": "/r/OpiatesRecovery/comments/iuqq19/paws_advice/",
        "pinned": false,
        "pwls": 0,
        "retrieved_on": 1600371519,
        "score": 1,
        "selftext": "I'm almost at the start of day 14 and each day get easier physically but harder mentally I feel like I just want to get some pain relief location is on covid lockdown not much to do been eating healthy exercise hydrating vitamins etc",
        "send_replies": true,
        "spoiler": false,
        "stickied": false,
        "subreddit": "OpiatesRecovery",
        "subreddit_id": "t5_2tkk8",
        "subreddit_subscribers": 27050,
        "subreddit_type": "public",
        "thumbnail": "self",
        "title": "Paws advice",
        "total_awards_received": 0,
        "treatment_tags": [],
        "upvote_ratio": 1.0,
        "url": "https://www.reddit.com/r/OpiatesRecovery/comments/iuqq19/paws_advice/",
        "whitelist_status": "no_ads",
        "wls": 0
    },
    {
        "all_awardings": [],
        "allow_live_comments": false,
        "author": "nopoint445",
        "author_flair_css_class": null,
        "author_flair_richtext": [],
        "author_flair_text": null,
        "author_flair_type": "text",
        "author_fullname": "t2_6nxmenoj",
        "author_patreon_flair": false,
        "author_premium": false,
        "awarders": [],
        "can_mod_post": false,
        "contest_mode": false,
        "created_utc": "2020-09-15 18:25:00",
        "domain": "self.OpiatesRecovery",
        "full_link": "https://www.reddit.com/r/OpiatesRecovery/comments/itehn8/serious_trouble/",
        "gildings": {},
        "id": "itehn8",
        "is_crosspostable": false,
        "is_meta": false,
        "is_original_content": false,
        "is_reddit_media_domain": false,
        "is_robot_indexable": true,
        "is_self": true,
        "is_video": false,
        "link_flair_background_color": "",
        "link_flair_richtext": [],
        "link_flair_text_color": "dark",
        "link_flair_type": "text",
        "locked": false,
        "media_only": false,
        "no_follow": true,
        "num_comments": 14,
        "num_crossposts": 0,
        "over_18": false,
        "parent_whitelist_status": "no_ads",
        "permalink": "/r/OpiatesRecovery/comments/itehn8/serious_trouble/",
        "pinned": false,
        "pwls": 0,
        "retrieved_on": 1600194311,
        "score": 1,
        "selftext": "I\u2019ve been trying to post this for a while. But every time I try it ends up way too long and I just am so disgusted in my pathetic sob story that I end up deleting it. But I need to maybe just get it out. Sorry if this is not the right place for this but I\u2019m losing my damn mind. \n\n2020 has been disastrous and yet not yet disastrous enough for me to be behaving this way... which makes me feel worse. Definitely since losing my job the depression and adhd have been out of control. \n\nWas never a drug user. Didn\u2019t even know what anything looked like honestly but then I met a guy. The love of my life. Thought we were endgame and that we would get married. Then, right after losing my new promotion due to Covid I found out that he is a recovering heroin addict and that he had been using the entirety of our relationship. Not knowing the signs, I obviously missed them. How stupid could I be? We broke up and I became obsessed with the heroin and opiates subs here on Reddit. I read books, watched documentaries and read through thousands of posts to try to understand him and this disease. We stayed in touch and got back together. Only for him to break up with me a few weeks later. Obviously was devastated. And with everything else I was dealing with I handled it terribly. Figured with some time and space maybe we could talk again one day. Maybe have a shot of repairing even a casual friendly relationship... something. Anything. \n\nAnd then shit hit the fan. My best friend moved away, I lost a family member, didn\u2019t get a job I worked my ass off for and someone hit and totaled my brand new car. Ended up in the hospital and in an even worse headspace. Which led me to argue with one of my other best friends and it ruined a 7 year friendship. Had another friend betray me and then got accused of doing something I didn\u2019t do. Had a final conversation with the ex and the ugly ending was now way worse... any chance I thought we had was officially gone. Done. Door sealed. He hates me. \n\nMy doctor prescribed oxys after the accident. I only had the flexeril filled after I was released from the hospital because I had always found ibuprofen to work better in the past for pain anyway and honestly because I had done too much research about opiates... but after all of this shit happened in the course of a week or two, I figured, fuck it, why the hell not. So I filled it. And I tried them. Didn\u2019t feel anything except tired. Got a headache and still took ibuprofen. Maybe I didn\u2019t take enough? No euphoric feeling... Tried again the next day. Same thing. Just tired. Still not taking enough maybe... but with no tolerance didn\u2019t want to take too much... up the anti. 15 mg... nothing but slightly annoyed. next day took more... 20... maybe slightly happy but not enough. Either more or maybe you only get that euphoria with heroin? I don\u2019t know... Was this really worth more than me? Did I suck that much to my ex? So now we\u2019re going on two almost three weeks of me trying to take more but being too scared to take too much... but yet still taking a dose every single day and upping it... being underwhelmed... just hoping I can understand. Now it\u2019s starting to numb out at least some of the emotional pain... but what the fuck am doing? It\u2019s like I\u2019m watching myself actively trying to destroy my life... from a distance with no control... like something has taken over from the inside and I\u2019m just watching this movie unfold screaming at myself to chill the fuck out and get a grip... but I can\u2019t. I\u2019ve lost so much... why bother. and then just to add the final punch to myself I go to my parents house and find more Oxys and hydros just waiting there from old prescriptions I never took... so now I have enough for this to be a real problem and I think I\u2019m in trouble. I hate myself right now. And you know what the kicker is? It\u2019s not going to bring anything or anyone back... not the dead, not my friends, not my job, and definitely not my ex. \n\nYes, I am trying to get to a therapist but I feel like even that won\u2019t help. I\u2019m still in the rubble of a life I was finally happy with at the beginning of this year and I don\u2019t want to have to rebuild it again. Why does this keep happening? And why I am so stupid that I\u2019m choosing to go down this path? It\u2019s like I\u2019ve given up. These losses have broken me.",
        "send_replies": true,
        "spoiler": false,
        "stickied": false,
        "subreddit": "OpiatesRecovery",
        "subreddit_id": "t5_2tkk8",
        "subreddit_subscribers": 27025,
        "subreddit_type": "public",
        "thumbnail": "self",
        "title": "Serious Trouble",
        "total_awards_received": 0,
        "treatment_tags": [],
        "upvote_ratio": 1.0,
        "url": "https://www.reddit.com/r/OpiatesRecovery/comments/itehn8/serious_trouble/",
        "whitelist_status": "no_ads",
        "wls": 0
    },
    {
        "all_awardings": [],
        "allow_live_comments": false,
        "author": "Dirty_D_Damnit",
        "author_flair_background_color": "#edeff1",
        "author_flair_css_class": "badge",
        "author_flair_richtext": [],
        "author_flair_template_id": "fce0f542-f2ba-11ea-9afe-0ef49a255fd7",
        "author_flair_text": "2 years",
        "author_flair_text_color": "dark",
        "author_flair_type": "text",
        "author_fullname": "t2_107ph3c7",
        "author_patreon_flair": false,
        "author_premium": false,
        "awarders": [],
        "can_mod_post": false,
        "contest_mode": false,
        "created_utc": "2020-09-10 13:14:51",
        "domain": "self.OpiatesRecovery",
        "full_link": "https://www.reddit.com/r/OpiatesRecovery/comments/iq31u6/thursday_september_10th_daily_check_in/",
        "gildings": {},
        "id": "iq31u6",
        "is_crosspostable": false,
        "is_meta": false,
        "is_original_content": false,
        "is_reddit_media_domain": false,
        "is_robot_indexable": true,
        "is_self": true,
        "is_video": false,
        "link_flair_background_color": "",
        "link_flair_richtext": [],
        "link_flair_text_color": "dark",
        "link_flair_type": "text",
        "locked": false,
        "media_only": false,
        "no_follow": true,
        "num_comments": 15,
        "num_crossposts": 0,
        "over_18": false,
        "parent_whitelist_status": "no_ads",
        "permalink": "/r/OpiatesRecovery/comments/iq31u6/thursday_september_10th_daily_check_in/",
        "pinned": false,
        "pwls": 0,
        "retrieved_on": 1599743702,
        "score": 1,
        "selftext": "Turns out I left work 45 minutes early yesterday lol woops. All of our clients were gone and that was the standard time to leave before covid so I assumed it was still the norm. Apparently I was wrong. Luckily my immediate superior is awesome and didn't give me any shit for it. Its what it is",
        "send_replies": true,
        "spoiler": false,
        "stickied": true,
        "subreddit": "OpiatesRecovery",
        "subreddit_id": "t5_2tkk8",
        "subreddit_subscribers": 26954,
        "subreddit_type": "public",
        "thumbnail": "self",
        "title": "Thursday September 10th Daily Check In",
        "total_awards_received": 0,
        "treatment_tags": [],
        "upvote_ratio": 1.0,
        "url": "https://www.reddit.com/r/OpiatesRecovery/comments/iq31u6/thursday_september_10th_daily_check_in/",
        "whitelist_status": "no_ads",
        "wls": 0
    },
    {
        "all_awardings": [],
        "allow_live_comments": false,
        "author": "FourKingJackAce",
        "author_flair_css_class": null,
        "author_flair_richtext": [],
        "author_flair_text": null,
        "author_flair_type": "text",
        "author_fullname": "t2_52tpzip8",
        "author_patreon_flair": false,
        "author_premium": false,
        "awarders": [],
        "can_mod_post": false,
        "contest_mode": false,
        "created_utc": "2020-09-09 17:14:45",
        "domain": "self.OpiatesRecovery",
        "full_link": "https://www.reddit.com/r/OpiatesRecovery/comments/ipk8ka/i_am_looking_for_a_good_place_to_detox_if_there/",
        "gildings": {},
        "id": "ipk8ka",
        "is_crosspostable": false,
        "is_meta": false,
        "is_original_content": false,
        "is_reddit_media_domain": false,
        "is_robot_indexable": true,
        "is_self": true,
        "is_video": false,
        "link_flair_background_color": "",
        "link_flair_richtext": [],
        "link_flair_text_color": "dark",
        "link_flair_type": "text",
        "locked": false,
        "media_only": false,
        "no_follow": true,
        "num_comments": 1,
        "num_crossposts": 0,
        "over_18": false,
        "parent_whitelist_status": "no_ads",
        "permalink": "/r/OpiatesRecovery/comments/ipk8ka/i_am_looking_for_a_good_place_to_detox_if_there/",
        "pinned": false,
        "pwls": 0,
        "retrieved_on": 1599671697,
        "score": 1,
        "selftext": "I have a very large habbit. Very. I went from a years long pharma oxycodone habit (7 or 8 years) to a 5 to 8 gram heroin habit, a few months ago when pills became scarce. Bot bags. Grams. Now, pills won't even get me out of withdrawals.  I can snort 3  30mg back to back and still be puking my guts out. So here i am burning through at least 600 dollars a day and those dollars are almost gone. I got the courage to call a couple rehab places fairly close only to be told that they didn't think that they could meet my needs. 2 different people told me to go to any ER and they would assess me and refer me somewhere.  No shit. I don't have insurance and don't want to spend a grand on an ER visit, if i can help it. One of the nicer ones said that it sounded like i did need to detox in a hospital setting and that some hospitals have in house programs.  The two hospitals she suggested, i called only to find that they suspended their program indefinitely, because of covid. \n\nI live in East Tennessee, but am willing to travel. Does anyone know of a hospital based detox that helped them get over the hump? Somewhere in Asheville, maybe? Hell. I would drive 10 hours. 12 hours. Longer, if it meant going to a good program that would keep me reasonably comfortable through the process. I know that pain will be involved,  but a couple trazadone and imodium isn't going to work for me. \n\nAny thoughts, suggestions or advice would be appreciated.  I am ready.  I just don't want to die, in the process.  Thanks for reading my rant.",
        "send_replies": true,
        "spoiler": false,
        "stickied": false,
        "subreddit": "OpiatesRecovery",
        "subreddit_id": "t5_2tkk8",
        "subreddit_subscribers": 26934,
        "subreddit_type": "public",
        "thumbnail": "self",
        "title": "I am looking for a good place to detox. If there is such a thing",
        "total_awards_received": 0,
        "treatment_tags": [],
        "upvote_ratio": 1.0,
        "url": "https://www.reddit.com/r/OpiatesRecovery/comments/ipk8ka/i_am_looking_for_a_good_place_to_detox_if_there/",
        "whitelist_status": "no_ads",
        "wls": 0
    },
    {
        "all_awardings": [],
        "allow_live_comments": false,
        "author": "s0771",
        "author_flair_css_class": null,
        "author_flair_richtext": [],
        "author_flair_text": null,
        "author_flair_type": "text",
        "author_fullname": "t2_5iqhahbm",
        "author_patreon_flair": false,
        "author_premium": false,
        "awarders": [],
        "can_mod_post": false,
        "contest_mode": false,
        "created_utc": "2020-09-06 18:55:30",
        "domain": "self.OpiatesRecovery",
        "full_link": "https://www.reddit.com/r/OpiatesRecovery/comments/inro0j/whrn_to_see_a_doctor_or_go_to_hospital/",
        "gildings": {},
        "id": "inro0j",
        "is_crosspostable": false,
        "is_meta": false,
        "is_original_content": false,
        "is_reddit_media_domain": false,
        "is_robot_indexable": true,
        "is_self": true,
        "is_video": false,
        "link_flair_background_color": "",
        "link_flair_richtext": [],
        "link_flair_text_color": "dark",
        "link_flair_type": "text",
        "locked": false,
        "media_only": false,
        "no_follow": true,
        "num_comments": 9,
        "num_crossposts": 0,
        "over_18": false,
        "parent_whitelist_status": "no_ads",
        "permalink": "/r/OpiatesRecovery/comments/inro0j/whrn_to_see_a_doctor_or_go_to_hospital/",
        "pinned": false,
        "pwls": 0,
        "retrieved_on": 1599418542,
        "score": 1,
        "selftext": "Been tapering off Valium and tramadol for 3 years of course with the occasional relapse.\n\nCovid and staying home is making me take this serious once and for all to stop all of it for good.\n\nBeen tapering Valium from 100 plus mg down to 5mg to 10mg and tramadol 1500mg down to zero but substitute kratom. Can't manage without the kratom tbh. \n\nSo I'm waking up every day in pain and naseua for over 2 years. Stomach or headache or neck stiff. Can't function unless I take kratom. 1 teaspoon gets me somewhat functional.\n\nSo when do I know it's just withdrawal symptoms perpetuating over and over that are keeping me in bed and not a serious other medical problem. Am I just being a hypochondriac and just push through? Like do I have cancer or something? Wtf? \n\n3 years of not being able to function. I'm at my ropes end here. Any opinions appreciated.",
        "send_replies": true,
        "spoiler": false,
        "stickied": false,
        "subreddit": "OpiatesRecovery",
        "subreddit_id": "t5_2tkk8",
        "subreddit_subscribers": 26875,
        "subreddit_type": "public",
        "thumbnail": "self",
        "title": "Whrn to see a doctor or go to hospital?",
        "total_awards_received": 0,
        "treatment_tags": [],
        "upvote_ratio": 1.0,
        "url": "https://www.reddit.com/r/OpiatesRecovery/comments/inro0j/whrn_to_see_a_doctor_or_go_to_hospital/",
        "whitelist_status": "no_ads",
        "wls": 0
    },
    {
        "all_awardings": [],
        "allow_live_comments": false,
        "author": "some-weird-username",
        "author_flair_css_class": null,
        "author_flair_richtext": [],
        "author_flair_text": null,
        "author_flair_type": "text",
        "author_fullname": "t2_3wiyzwn0",
        "author_patreon_flair": false,
        "author_premium": false,
        "awarders": [],
        "can_mod_post": false,
        "contest_mode": false,
        "created_utc": "2020-09-03 09:26:29",
        "domain": "self.OpiatesRecovery",
        "full_link": "https://www.reddit.com/r/OpiatesRecovery/comments/ilq7j3/i_need_advice_with_opiate_withdrawal/",
        "gildings": {},
        "id": "ilq7j3",
        "is_crosspostable": false,
        "is_meta": false,
        "is_original_content": false,
        "is_reddit_media_domain": false,
        "is_robot_indexable": true,
        "is_self": true,
        "is_video": false,
        "link_flair_background_color": "",
        "link_flair_richtext": [],
        "link_flair_text_color": "dark",
        "link_flair_type": "text",
        "locked": false,
        "media_only": false,
        "no_follow": true,
        "num_comments": 9,
        "num_crossposts": 0,
        "over_18": false,
        "parent_whitelist_status": "no_ads",
        "permalink": "/r/OpiatesRecovery/comments/ilq7j3/i_need_advice_with_opiate_withdrawal/",
        "pinned": false,
        "pwls": 0,
        "retrieved_on": 1599125200,
        "score": 1,
        "selftext": "So here\u2019s where I stand; I\u2019ve been using about 1-2 bundles of ECP heroin a day. I tried going cold turkey Friday being the first day. Friday no w/d symptoms. Saturday it came on bad and I took methadone which I\u2019m so mad at myself for, because that stays in your system for like a week or 2 so now I can\u2019t take any subs. I made it to yesterday, day 4, and it was still rough and I used. I\u2019m scared to check into a detox because of all the covid shit and I live with my mom, and she\u2019s in the high risk area. \n\nUsing yesterday definitely resets me to day one right? I don\u2019t know what I should do. Even if I check myself into a detox they can\u2019t give me subs so I\u2019m not going to get any relief. I\u2019m just so mad with myself and I don\u2019t know what to do. I guess I\u2019m just gonna have to white knuckle it. If anyone has any advice, or some hope, I could use it.",
        "send_replies": true,
        "spoiler": false,
        "stickied": false,
        "subreddit": "OpiatesRecovery",
        "subreddit_id": "t5_2tkk8",
        "subreddit_subscribers": 26813,
        "subreddit_type": "public",
        "thumbnail": "self",
        "title": "I need advice with opiate withdrawal",
        "total_awards_received": 0,
        "treatment_tags": [],
        "upvote_ratio": 1.0,
        "url": "https://www.reddit.com/r/OpiatesRecovery/comments/ilq7j3/i_need_advice_with_opiate_withdrawal/",
        "whitelist_status": "no_ads",
        "wls": 0
    },
    {
        "all_awardings": [],
        "allow_live_comments": false,
        "author": "OpiophileLBC",
        "author_flair_css_class": null,
        "author_flair_richtext": [],
        "author_flair_text": null,
        "author_flair_type": "text",
        "author_fullname": "t2_1xtcr8bd",
        "author_patreon_flair": false,
        "author_premium": false,
        "awarders": [],
        "can_mod_post": false,
        "contest_mode": false,
        "created_utc": "2020-09-28 13:57:40",
        "domain": "self.OpiatesRecovery",
        "full_link": "https://www.reddit.com/r/OpiatesRecovery/comments/j1cgu2/a_year_clean/",
        "gildings": {},
        "id": "j1cgu2",
        "is_crosspostable": false,
        "is_meta": false,
        "is_original_content": false,
        "is_reddit_media_domain": false,
        "is_robot_indexable": true,
        "is_self": true,
        "is_video": false,
        "link_flair_background_color": "",
        "link_flair_richtext": [],
        "link_flair_text_color": "dark",
        "link_flair_type": "text",
        "locked": false,
        "media_only": false,
        "no_follow": true,
        "num_comments": 6,
        "num_crossposts": 0,
        "over_18": false,
        "parent_whitelist_status": "no_ads",
        "permalink": "/r/OpiatesRecovery/comments/j1cgu2/a_year_clean/",
        "pinned": false,
        "pwls": 0,
        "retrieved_on": 1601301470,
        "score": 1,
        "selftext": "I sit back and reflect on the shit show of the last year. I went to treatment in October, a month after getting clean. From treatment, I went to court and got locked up from December to the end of April. During the time, COVID-19 hit and I was only\nReleased because of the virus.\n\nGot out, went back to treatment and finished up with that. Life\u2019s great. I still have struggles. I\u2019m still fighting 3 felony cases with multiple felonies on each one. I\u2019m also fight 3 other misdemeanor cases with multiple charges. The judge wants to give me 3 years.\n\nHopefully that changes, but I don\u2019t know. I go back to court Oct. 9th. I still struggle. I still have difficulties but if you would have told me a year ago that I\u2019d go through everything I did and stayed clean, I would have called you crazy.\n\nLife has its ups and downs but they can be dealt with. I\u2019m finally happy. I finally enjoy daily living and I finally enjoy being able to struggle and triumph over it.\n\nIf anyone ever needs help or anyone to talk to, I\u2019m always here. No judgments. No criticism. Just understand. \n\nI hole everyone has a good day.",
        "send_replies": true,
        "spoiler": false,
        "stickied": false,
        "subreddit": "OpiatesRecovery",
        "subreddit_id": "t5_2tkk8",
        "subreddit_subscribers": 27232,
        "subreddit_type": "public",
        "thumbnail": "self",
        "title": "A year clean",
        "total_awards_received": 0,
        "treatment_tags": [],
        "upvote_ratio": 1.0,
        "url": "https://www.reddit.com/r/OpiatesRecovery/comments/j1cgu2/a_year_clean/",
        "whitelist_status": "no_ads",
        "wls": 0
    },
    {
        "all_awardings": [],
        "allow_live_comments": false,
        "author": "former_FBI_agent",
        "author_flair_css_class": null,
        "author_flair_richtext": [],
        "author_flair_text": null,
        "author_flair_type": "text",
        "author_fullname": "t2_859o43af",
        "author_patreon_flair": false,
        "author_premium": false,
        "awarders": [],
        "can_mod_post": false,
        "contest_mode": false,
        "created_utc": "2020-09-24 14:58:40",
        "domain": "self.OpiatesRecovery",
        "full_link": "https://www.reddit.com/r/OpiatesRecovery/comments/iyysws/sobriety_during_2020/",
        "gildings": {},
        "id": "iyysws",
        "is_crosspostable": false,
        "is_meta": false,
        "is_original_content": false,
        "is_reddit_media_domain": false,
        "is_robot_indexable": true,
        "is_self": true,
        "is_video": false,
        "link_flair_background_color": "",
        "link_flair_richtext": [],
        "link_flair_text_color": "dark",
        "link_flair_type": "text",
        "locked": false,
        "media_only": false,
        "no_follow": true,
        "num_comments": 7,
        "num_crossposts": 0,
        "over_18": false,
        "parent_whitelist_status": "no_ads",
        "permalink": "/r/OpiatesRecovery/comments/iyysws/sobriety_during_2020/",
        "pinned": false,
        "pwls": 0,
        "retrieved_on": 1600959531,
        "score": 1,
        "selftext": "I'm curious what others think about sobriety during these times. Do you feel it is easier or harder? Are there any factors related to the pandemic that you've felt helped you or brought you down?\n\nI really had a close call when this started back in March. When I was younger I was really paranoid about the world ending. Really into conspiracy theories and spent almost all my money for a time on prep gear. I really thought it was going to end and I had terrible anxiety because of it. I fell back into my younger cynicism and fear.\n\nThere was a few days where I was overwhelmed with despair and thought about using, because the world was ending, so why not? I just feel like this year can bring up a lot of trauma for others and even going forward I feel we have some trauma just from this year that we need to address.",
        "send_replies": true,
        "spoiler": false,
        "stickied": false,
        "subreddit": "OpiatesRecovery",
        "subreddit_id": "t5_2tkk8",
        "subreddit_subscribers": 27179,
        "subreddit_type": "public",
        "thumbnail": "self",
        "title": "Sobriety during 2020",
        "total_awards_received": 0,
        "treatment_tags": [],
        "upvote_ratio": 1.0,
        "url": "https://www.reddit.com/r/OpiatesRecovery/comments/iyysws/sobriety_during_2020/",
        "whitelist_status": "no_ads",
        "wls": 0
    },
    {
        "all_awardings": [],
        "allow_live_comments": false,
        "author": "Zacchino",
        "author_flair_css_class": null,
        "author_flair_richtext": [],
        "author_flair_text": null,
        "author_flair_type": "text",
        "author_fullname": "t2_zwvgp",
        "author_patreon_flair": false,
        "author_premium": false,
        "awarders": [],
        "can_mod_post": false,
        "contest_mode": false,
        "created_utc": "2020-09-11 23:12:15",
        "domain": "self.OpiatesRecovery",
        "full_link": "https://www.reddit.com/r/OpiatesRecovery/comments/ir1hla/i_used_to_be_okay_with_my_flaws_nowdays_i_feel/",
        "gildings": {},
        "id": "ir1hla",
        "is_crosspostable": false,
        "is_meta": false,
        "is_original_content": false,
        "is_reddit_media_domain": false,
        "is_robot_indexable": true,
        "is_self": true,
        "is_video": false,
        "link_flair_background_color": "",
        "link_flair_richtext": [],
        "link_flair_text_color": "dark",
        "link_flair_type": "text",
        "locked": false,
        "media_only": false,
        "no_follow": true,
        "num_comments": 3,
        "num_crossposts": 0,
        "over_18": false,
        "parent_whitelist_status": "no_ads",
        "permalink": "/r/OpiatesRecovery/comments/ir1hla/i_used_to_be_okay_with_my_flaws_nowdays_i_feel/",
        "pinned": false,
        "pwls": 0,
        "retrieved_on": 1599865945,
        "score": 1,
        "selftext": "Hello everyone,\n\nI'm Posting out on the open here, open-hearted because I know nobody in my entourage can fathom the dreadful place I'm in.\n\nI have been mistakenly prescribed Oxycodone 5, maybe 6 years ago when I was just asking for Lyrica for my excruciating Fibromyalgia pains I had 60-70% of the days (debilitating pains in the left side of my body from the neck to the thigh).\n\nLatelt, I just had an \"accidental\" tappering the last couple weeks. I'm able to write this down because I just one-up my \"medication\".\n\nI'm tired, so tired, so harrassed by these horrible, flash-shaming thoughts and constant barking accusations, pinning me down in my bed all day.\n\nIt's the same rock-bottom I'm hitting as during these 2-3 Pandemic Curfew months, that I thought would be an exception without any consequences.\n\nMy memory is fading, but when I try I xan still remember, I used to be able to pretend being a responsible man, and now I loathe myself for all these enthousiastic, over-hyped tentatives I forced myself to portray around people. \n\nDuring this new low, I'm asking myself \"Why did I even try? All those lazy, half-assed attempts where I thought I was so cool and so smart and so charming... How could those girls even date me? At the peak of this mascarade I could date girls waaay out of my league but now I really understand why it never lasted more than a couple months. \n\nNow most if not all of them are engaged or married to guys who're happy, balanced, in shape, working a good job, having nice vacations, spending fun and relaxing Shabbat (religious week-ends), some are having kids I guess.\n\nI do my best to avoid any camera, but on each picture or video I see myself in, I objectively  look like an unhealthy, shapeless body of a praying mantis with the perverted gaze of a child-molester in disneyland who's face's been morbidly abstinent from light for a decade.\n\nBut the worst is that I don't recognize myself, and it's terrifying me to the point I don't want to see or be surrounded by anyone.\n\nI has a couple \"dream goals\" that vanished far away from the little capacities I have left in my body. Every time I think about those goals, I'm like \"that's a fucking hard reality check. I wasn't doing anything remotely logically close to make those projects happen, I was just chasing them in my mind and bragging about them with my lying mouth\".\n\nI'm scared like I've never been scared before, because for the first time I can clearly see I'm not worthy of anything in this life I'm living. I used to always be grateful but now I have this sunking chest, dreadful and heavy burden in my soul, that I'm not worthy enough, so much so that I'm in debt of everything I've done, so few right deeds and and so, so many wrong ones.\n\nI'm not in despair, I know it's a lie but this is so fucking hard, just taking a shower takes me 3h of napping for that simple effort. Getting groceries is excruciating, and working on the few projects I can handle feels like being tortured.\n\nI'm not roasting myself nor starting a pity party here. I'm just genuinely asking: does it stop? Is there hope?",
        "send_replies": true,
        "spoiler": false,
        "stickied": false,
        "subreddit": "OpiatesRecovery",
        "subreddit_id": "t5_2tkk8",
        "subreddit_subscribers": 26979,
        "subreddit_type": "public",
        "thumbnail": "self",
        "title": "I used to be okay with my flaws, nowdays I feel disgusting and miserable. Please help, I'll be very grateful for it really.",
        "total_awards_received": 0,
        "treatment_tags": [],
        "upvote_ratio": 1.0,
        "url": "https://www.reddit.com/r/OpiatesRecovery/comments/ir1hla/i_used_to_be_okay_with_my_flaws_nowdays_i_feel/",
        "whitelist_status": "no_ads",
        "wls": 0
    },
    {
        "all_awardings": [],
        "allow_live_comments": false,
        "author": "toasunlesssea",
        "author_flair_css_class": null,
        "author_flair_richtext": [],
        "author_flair_text": null,
        "author_flair_type": "text",
        "author_fullname": "t2_80squrvh",
        "author_patreon_flair": false,
        "author_premium": false,
        "awarders": [],
        "can_mod_post": false,
        "contest_mode": false,
        "created_utc": "2020-09-08 20:37:33",
        "domain": "self.OpiatesRecovery",
        "full_link": "https://www.reddit.com/r/OpiatesRecovery/comments/ip1n6s/trying_to_take_my_first_steps/",
        "gildings": {},
        "id": "ip1n6s",
        "is_crosspostable": false,
        "is_meta": false,
        "is_original_content": false,
        "is_reddit_media_domain": false,
        "is_robot_indexable": true,
        "is_self": true,
        "is_video": false,
        "link_flair_background_color": "",
        "link_flair_richtext": [],
        "link_flair_text_color": "dark",
        "link_flair_type": "text",
        "locked": false,
        "media_only": false,
        "no_follow": true,
        "num_comments": 11,
        "num_crossposts": 0,
        "over_18": false,
        "parent_whitelist_status": "no_ads",
        "permalink": "/r/OpiatesRecovery/comments/ip1n6s/trying_to_take_my_first_steps/",
        "pinned": false,
        "pwls": 0,
        "retrieved_on": 1599597466,
        "score": 1,
        "selftext": "Hi all,\n\n&amp;#x200B;\n\nI've finally become honest enough with myself to admit I need help. After years of abusing dihydrocodeine, the pandemic situation made my usage way, way worse these last few months. It's got to the point that I'm getting shakes, agitation and inability to sleep after 24 hours not using - used to be able to go about 2 or 3 days before I would have trouble. Now by 2 days I'm vomiting, shaking, feeling like I need to claw off my own skin. I can't handle this chemical dependency much longer. I need a plan to taper off.\n\nI have a few weeks supply with which to taper, but I'm scared, and new to this, and don't know what else I can do to make the WDs at least tolerable. If I could just sleep through the worst of it, that would probably be enough. What kind of complementary therapies has worked for you guys, in terms of both prescription and over the counter meds? What pitfalls are there to avoid? Any experience or suggestions are deeply, deeply appreciated. I want to get out of this. I'm so, so tired.",
        "send_replies": true,
        "spoiler": false,
        "stickied": false,
        "subreddit": "OpiatesRecovery",
        "subreddit_id": "t5_2tkk8",
        "subreddit_subscribers": 26912,
        "subreddit_type": "public",
        "thumbnail": "self",
        "title": "Trying to take my first steps",
        "total_awards_received": 0,
        "treatment_tags": [],
        "upvote_ratio": 1.0,
        "url": "https://www.reddit.com/r/OpiatesRecovery/comments/ip1n6s/trying_to_take_my_first_steps/",
        "whitelist_status": "no_ads",
        "wls": 0
    },
    {
        "all_awardings": [],
        "allow_live_comments": false,
        "author": "NYNicole81",
        "author_flair_css_class": null,
        "author_flair_richtext": [],
        "author_flair_text": null,
        "author_flair_type": "text",
        "author_fullname": "t2_78c8ycka",
        "author_patreon_flair": false,
        "author_premium": false,
        "awarders": [],
        "can_mod_post": false,
        "contest_mode": false,
        "created_utc": "2020-09-02 21:57:29",
        "domain": "self.OpiatesRecovery",
        "full_link": "https://www.reddit.com/r/OpiatesRecovery/comments/ilgk9a/anyone_use_the_app_in_the_rooms_for_virtual/",
        "gildings": {},
        "id": "ilgk9a",
        "is_crosspostable": false,
        "is_meta": false,
        "is_original_content": false,
        "is_reddit_media_domain": false,
        "is_robot_indexable": true,
        "is_self": true,
        "is_video": false,
        "link_flair_background_color": "",
        "link_flair_richtext": [],
        "link_flair_text_color": "dark",
        "link_flair_type": "text",
        "locked": false,
        "media_only": false,
        "no_follow": true,
        "num_comments": 0,
        "num_crossposts": 0,
        "over_18": false,
        "parent_whitelist_status": "no_ads",
        "permalink": "/r/OpiatesRecovery/comments/ilgk9a/anyone_use_the_app_in_the_rooms_for_virtual/",
        "pinned": false,
        "pwls": 0,
        "retrieved_on": 1599083860,
        "score": 1,
        "selftext": "I\u2019ve had this app a couple months. I love that there\u2019s NA meetings like 4x a day. The biggest complaint I have is that often times you can\u2019t hear the person speaking (the person in the box) even though the moderator clearly can. I\u2019ve complained and the issue comes and goes.\n\nAnyone else use this app? It\u2019s great for going to meetings during these pandemic times for sure.",
        "send_replies": true,
        "spoiler": false,
        "stickied": false,
        "subreddit": "OpiatesRecovery",
        "subreddit_id": "t5_2tkk8",
        "subreddit_subscribers": 26803,
        "subreddit_type": "public",
        "thumbnail": "self",
        "title": "Anyone use the app In The Rooms for Virtual Meetings?",
        "total_awards_received": 0,
        "treatment_tags": [],
        "upvote_ratio": 1.0,
        "url": "https://www.reddit.com/r/OpiatesRecovery/comments/ilgk9a/anyone_use_the_app_in_the_rooms_for_virtual/",
        "whitelist_status": "no_ads",
        "wls": 0
    },
    {
        "all_awardings": [],
        "allow_live_comments": false,
        "author": "throwawaydrugzzzz",
        "author_flair_css_class": null,
        "author_flair_richtext": [],
        "author_flair_text": null,
        "author_flair_type": "text",
        "author_fullname": "t2_82vltiek",
        "author_patreon_flair": false,
        "author_premium": false,
        "awarders": [],
        "can_mod_post": false,
        "contest_mode": false,
        "created_utc": "2020-09-19 11:28:24",
        "domain": "self.OpiatesRecovery",
        "full_link": "https://www.reddit.com/r/OpiatesRecovery/comments/ivquup/day_1_fuck_this_lifestyle/",
        "gildings": {},
        "id": "ivquup",
        "is_crosspostable": false,
        "is_meta": false,
        "is_original_content": false,
        "is_reddit_media_domain": false,
        "is_robot_indexable": true,
        "is_self": true,
        "is_video": false,
        "link_flair_background_color": "",
        "link_flair_richtext": [],
        "link_flair_text_color": "dark",
        "link_flair_type": "text",
        "locked": false,
        "media_only": false,
        "no_follow": true,
        "num_comments": 70,
        "num_crossposts": 0,
        "over_18": false,
        "parent_whitelist_status": "no_ads",
        "permalink": "/r/OpiatesRecovery/comments/ivquup/day_1_fuck_this_lifestyle/",
        "pinned": false,
        "pwls": 0,
        "retrieved_on": 1600514914,
        "score": 1,
        "selftext": "Fuck everything about this. Fuck the lying, fuck the constant sickness, fuck the scheming and running around, fuck the bloody noses and abscesses, fuck the isolation, fuck the anger, fuck the fronts, fuck the begging, fuck the wasted time.\n\nI keep using \"one last time\" and each time feels worse. I just have to be done. Day 1. Fuck it. Here goes nothing.",
        "send_replies": true,
        "spoiler": false,
        "stickied": false,
        "subreddit": "OpiatesRecovery",
        "subreddit_id": "t5_2tkk8",
        "subreddit_subscribers": 27080,
        "subreddit_type": "public",
        "thumbnail": "self",
        "title": "Day 1, fuck this lifestyle.",
        "total_awards_received": 0,
        "treatment_tags": [],
        "upvote_ratio": 1.0,
        "url": "https://www.reddit.com/r/OpiatesRecovery/comments/ivquup/day_1_fuck_this_lifestyle/",
        "whitelist_status": "no_ads",
        "wls": 0
    },
    {
        "all_awardings": [],
        "allow_live_comments": false,
        "author": "2drained",
        "author_flair_css_class": null,
        "author_flair_richtext": [],
        "author_flair_text": null,
        "author_flair_type": "text",
        "author_fullname": "t2_11nokdso",
        "author_patreon_flair": false,
        "author_premium": false,
        "awarders": [],
        "can_mod_post": false,
        "contest_mode": false,
        "created_utc": "2020-09-15 03:47:36",
        "domain": "self.OpiatesRecovery",
        "full_link": "https://www.reddit.com/r/OpiatesRecovery/comments/it13aj/goddamn_man_heroin_wd_makes_me_too_emotional/",
        "gildings": {},
        "id": "it13aj",
        "is_crosspostable": false,
        "is_meta": false,
        "is_original_content": false,
        "is_reddit_media_domain": false,
        "is_robot_indexable": true,
        "is_self": true,
        "is_video": false,
        "link_flair_background_color": "",
        "link_flair_richtext": [],
        "link_flair_text_color": "dark",
        "link_flair_type": "text",
        "locked": false,
        "media_only": false,
        "no_follow": true,
        "num_comments": 2,
        "num_crossposts": 0,
        "over_18": false,
        "parent_whitelist_status": "no_ads",
        "permalink": "/r/OpiatesRecovery/comments/it13aj/goddamn_man_heroin_wd_makes_me_too_emotional/",
        "pinned": false,
        "pwls": 0,
        "retrieved_on": 1600141667,
        "score": 1,
        "selftext": "going to detox/rehab on thursday and i was jotting down friends phone numbers... it made me realise that ive lost all my damn friends. i hit up an old homie and it made me ugly cry when he said hes cared abt me since primary school and hes always here for me. \n\nThe drug use and isolation has built up so much pain and anger, its so easy to bottle it up, but i need to let it all out so bad.\n\njust a rant. i have suboxone for until detox so im physically doing ok.",
        "send_replies": true,
        "spoiler": false,
        "stickied": false,
        "subreddit": "OpiatesRecovery",
        "subreddit_id": "t5_2tkk8",
        "subreddit_subscribers": 27022,
        "subreddit_type": "public",
        "thumbnail": "self",
        "title": "Goddamn man heroin wd makes me too emotional",
        "total_awards_received": 0,
        "treatment_tags": [],
        "upvote_ratio": 1.0,
        "url": "https://www.reddit.com/r/OpiatesRecovery/comments/it13aj/goddamn_man_heroin_wd_makes_me_too_emotional/",
        "whitelist_status": "no_ads",
        "wls": 0
    },
    {
        "all_awardings": [],
        "allow_live_comments": false,
        "author": "linkdead13",
        "author_flair_css_class": null,
        "author_flair_richtext": [],
        "author_flair_text": null,
        "author_flair_type": "text",
        "author_fullname": "t2_37dn9",
        "author_patreon_flair": false,
        "author_premium": false,
        "awarders": [],
        "can_mod_post": false,
        "contest_mode": false,
        "created_utc": "2020-09-13 12:04:05",
        "domain": "self.OpiatesRecovery",
        "full_link": "https://www.reddit.com/r/OpiatesRecovery/comments/irx28h/32_days_clean_from_methadone/",
        "gildings": {},
        "id": "irx28h",
        "is_crosspostable": false,
        "is_meta": false,
        "is_original_content": false,
        "is_reddit_media_domain": false,
        "is_robot_indexable": true,
        "is_self": true,
        "is_video": false,
        "link_flair_background_color": "",
        "link_flair_richtext": [],
        "link_flair_text_color": "dark",
        "link_flair_type": "text",
        "locked": false,
        "media_only": false,
        "no_follow": false,
        "num_comments": 60,
        "num_crossposts": 0,
        "over_18": false,
        "parent_whitelist_status": "no_ads",
        "permalink": "/r/OpiatesRecovery/comments/irx28h/32_days_clean_from_methadone/",
        "pinned": false,
        "pwls": 0,
        "retrieved_on": 1600035100,
        "score": 29,
        "selftext": "So I'm 32 days clean from a methadone Cold Turkey.  I was wondering when my body will stop dragging ass? Everything just seems like a chore. Been eating healthy and doing some isolation strength training but I my energy levels are shot.",
        "send_replies": true,
        "spoiler": false,
        "stickied": false,
        "subreddit": "OpiatesRecovery",
        "subreddit_id": "t5_2tkk8",
        "subreddit_subscribers": 26998,
        "subreddit_type": "public",
        "thumbnail": "self",
        "title": "32 Days clean from methadone.",
        "total_awards_received": 0,
        "treatment_tags": [],
        "upvote_ratio": 0.94,
        "url": "https://www.reddit.com/r/OpiatesRecovery/comments/irx28h/32_days_clean_from_methadone/",
        "whitelist_status": "no_ads",
        "wls": 0
    },
    {
        "all_awardings": [],
        "allow_live_comments": false,
        "author": "Astoce",
        "author_flair_css_class": null,
        "author_flair_richtext": [],
        "author_flair_text": null,
        "author_flair_type": "text",
        "author_fullname": "t2_4v0wqkn4",
        "author_patreon_flair": false,
        "author_premium": false,
        "awarders": [],
        "can_mod_post": false,
        "contest_mode": false,
        "created_utc": "2020-09-24 19:45:33",
        "domain": "self.OpiatesRecovery",
        "full_link": "https://www.reddit.com/r/OpiatesRecovery/comments/iz4akl/will_i_withdrawal_really_really_bad/",
        "gildings": {},
        "id": "iz4akl",
        "is_crosspostable": false,
        "is_meta": false,
        "is_original_content": false,
        "is_reddit_media_domain": false,
        "is_robot_indexable": true,
        "is_self": true,
        "is_video": false,
        "link_flair_background_color": "",
        "link_flair_richtext": [],
        "link_flair_text_color": "dark",
        "link_flair_type": "text",
        "locked": false,
        "media_only": false,
        "no_follow": true,
        "num_comments": 9,
        "num_crossposts": 0,
        "over_18": false,
        "parent_whitelist_status": "no_ads",
        "permalink": "/r/OpiatesRecovery/comments/iz4akl/will_i_withdrawal_really_really_bad/",
        "pinned": false,
        "pwls": 0,
        "retrieved_on": 1600976744,
        "score": 1,
        "selftext": "I\u2019ve tired quitting and tapering down but I rather just cold turkey to get it over with. I been taking 10-20 mg of Percocet since late February early March with stopping all together spread out maybe 3 weeks to a month. What fucked me up I think is when my cat died 2 months ago today I didn\u2019t stop daily at all. I took half a 10 last night and woke up a couple hours later feeling horrible. I can\u2019t take benzos ever again due to past addiction. I been sober for 3 years since I was 18 and this quarantine really made me relapse this time on opiates. I\u2019m on probation which I get off in 2 months so thc isn\u2019t a option either. I been feeling like I have the flu all day and been sleeping almost all day feeling really fatigued. I feel a lot better as of now besides diarrhea. Any help would be greatly appreciated thanks.",
        "send_replies": true,
        "spoiler": false,
        "stickied": false,
        "subreddit": "OpiatesRecovery",
        "subreddit_id": "t5_2tkk8",
        "subreddit_subscribers": 27184,
        "subreddit_type": "public",
        "thumbnail": "self",
        "title": "Will I withdrawal really really bad?",
        "total_awards_received": 0,
        "treatment_tags": [],
        "upvote_ratio": 1.0,
        "url": "https://www.reddit.com/r/OpiatesRecovery/comments/iz4akl/will_i_withdrawal_really_really_bad/",
        "whitelist_status": "no_ads",
        "wls": 0
    },
    {
        "all_awardings": [],
        "allow_live_comments": false,
        "author": "s1mpl3f1rst",
        "author_flair_css_class": null,
        "author_flair_richtext": [],
        "author_flair_text": null,
        "author_flair_type": "text",
        "author_fullname": "t2_577zhsl9",
        "author_patreon_flair": false,
        "author_premium": false,
        "awarders": [],
        "can_mod_post": false,
        "contest_mode": false,
        "created_utc": "2020-09-10 07:07:40",
        "domain": "self.OpiatesRecovery",
        "full_link": "https://www.reddit.com/r/OpiatesRecovery/comments/ipyiej/recovery_28_months_in/",
        "gildings": {},
        "id": "ipyiej",
        "is_crosspostable": false,
        "is_meta": false,
        "is_original_content": false,
        "is_reddit_media_domain": false,
        "is_robot_indexable": true,
        "is_self": true,
        "is_video": false,
        "link_flair_background_color": "",
        "link_flair_richtext": [],
        "link_flair_text_color": "dark",
        "link_flair_type": "text",
        "locked": false,
        "media_only": false,
        "no_follow": true,
        "num_comments": 14,
        "num_crossposts": 0,
        "over_18": false,
        "parent_whitelist_status": "no_ads",
        "permalink": "/r/OpiatesRecovery/comments/ipyiej/recovery_28_months_in/",
        "pinned": false,
        "pwls": 0,
        "retrieved_on": 1599721670,
        "score": 1,
        "selftext": "I\u2019m forty years old. I was an alcoholic and opiate addict for over twenty years. My addiction took me to the psych ward, jail, rehab multiple times, living in a trap house, living in a shed, homelessness, and the loss of everything that was once important to me.\n\nI got sober on May 1st of 2018. I had to. I was on a path to death if I didn\u2019t. If the drugs didn\u2019t kill me I was surely going to kill myself. My life had lost all meaning. I was a hollow shell of the bright and principled young man I had once been. I was weighed down by trauma, guilt, and the shame of who I\u2019d become. \n\nWhen I got sober it was tough. I had to really get honest with myself and others and I had to finally confront the trauma that had haunted me. I had to accept and move past the shame and guilt. These things were not easy and they took over 150 therapy sessions to work through. During that time I also had to learn how to live a sober life. It seems like such a simple thing, but for some of us our addictions are the only thing we know as we\u2019ve been trapped by them since our youth. \n\nI also had to deal with the daily stressors of life that normally would\u2019ve been my triggers. My home flooded and I lost everything with no insurance to cover it. My car blew the engine. My sister went into kidney failure. Other people betrayed my trust when I confided my recovery to them. These events where all devastating to me in my early recovery. \n\nFor a long time I lived in perpetual misery as happiness seemed elusive. Nothing could bring me joy. I accepted it as my punishment for the life I led and continued to stay sober one day at a time. Slowly things began to get better. I learned how to live a sober life and how to cope in healthy ways. I got a job and then a better one. But still I couldn\u2019t find contentment. \n\nI moved and changed all my people, places, and things. I went through quarantine. I went through a period of unemployment and then under employment. I saw the birth of my fifth niece (the first i was sober for). I got a decent job with real opportunities. I began to share my story in an effort to help others. I began to walk for exercise and to destress. And, somewhere along the way little glimpses of joy and happiness began to peek in. \n\nSobriety is a journey. Each day is one at a time slowly building something greater. Rome wasn\u2019t built in a day. My addictions didn\u2019t happen in a day. While my recovery isn\u2019t over and in truth never will be I\u2019m finally beginning to see the fruits of my labors. I may never have the life I once I dreamed of. But, I can dream a new dream now. I have hope again.",
        "send_replies": true,
        "spoiler": false,
        "stickied": false,
        "subreddit": "OpiatesRecovery",
        "subreddit_id": "t5_2tkk8",
        "subreddit_subscribers": 26950,
        "subreddit_type": "public",
        "thumbnail": "self",
        "title": "Recovery 28 months in",
        "total_awards_received": 0,
        "treatment_tags": [],
        "upvote_ratio": 1.0,
        "url": "https://www.reddit.com/r/OpiatesRecovery/comments/ipyiej/recovery_28_months_in/",
        "whitelist_status": "no_ads",
        "wls": 0
    },
    {
        "all_awardings": [],
        "allow_live_comments": false,
        "author": "digital-buddha93",
        "author_flair_css_class": null,
        "author_flair_richtext": [],
        "author_flair_text": null,
        "author_flair_type": "text",
        "author_fullname": "t2_7wn6pfmw",
        "author_patreon_flair": false,
        "author_premium": false,
        "awarders": [],
        "can_mod_post": false,
        "contest_mode": false,
        "created_utc": "2020-09-04 08:15:13",
        "domain": "self.OpiatesRecovery",
        "full_link": "https://www.reddit.com/r/OpiatesRecovery/comments/imc4xp/how_do_i_break_bad_habits_and_replace_them_with/",
        "gildings": {},
        "id": "imc4xp",
        "is_crosspostable": false,
        "is_meta": false,
        "is_original_content": false,
        "is_reddit_media_domain": false,
        "is_robot_indexable": true,
        "is_self": true,
        "is_video": false,
        "link_flair_background_color": "",
        "link_flair_richtext": [],
        "link_flair_text_color": "dark",
        "link_flair_type": "text",
        "locked": false,
        "media_only": false,
        "no_follow": true,
        "num_comments": 6,
        "num_crossposts": 0,
        "over_18": false,
        "parent_whitelist_status": "no_ads",
        "permalink": "/r/OpiatesRecovery/comments/imc4xp/how_do_i_break_bad_habits_and_replace_them_with/",
        "pinned": false,
        "pwls": 0,
        "retrieved_on": 1599207324,
        "score": 1,
        "selftext": "I'm not necessarily a gut wrenching opiate addict, matter of fact I really cleaned up compared to a few years ago, and was clean for a few months and finally though I was done; then the quarantine hit and I got back into it for a few months, quit again for a few months, and now just picked up again because I was feeling depressed one day last week (pissed that I picked up). I notice that I go in waves, I have a few really good months and then dabble in it for a few weeks before going clean again. Ideally, I would like just stop completely. Now that school is starting up again, a lot of my time is used up with that and this is when I would really like to stop using - because I notice that when I use during school, I'm extremely tired, stressed out, don't get enough sleep, struggling to focus, lazy, etc. \n\nWhen I'm not using and I'm going to school, my mind is fresh and clean everything is so much better - also because my time is occupied, I'm being constructive and don't have the urge to use because all of my time is dedicated to studying, learning or doing other positive stuff, I get a good night sleep, wake up early, well rested, etc.\n\nWhen I use, I stay up late, wake up super late, groggy, get irritated easily, eat like shit, smoke weed, disregard my social life, etc. etc.\n\nI'd love to begin some good habits and make a routine of it. Since school just started, a lot of my time is now occupied with that. I'm about to start learning Japanese also and am very happy about that (going to be hard, but it will be good for me), and I would love to start reading more and begin a workout program I've been meaning to start  since a few weeks ago.\n\nI'd love to start some habits, even something like gratitude or meditating, some easily.  What suggestions do you guys have? What positive habits did you guys incorporate in your life when you stopped using/helped you stop using? What habits really stuck and change your perspective, attitude, feelings, drive, etc. for the better? \n\nOpen to all suggestions!",
        "send_replies": true,
        "spoiler": false,
        "stickied": false,
        "subreddit": "OpiatesRecovery",
        "subreddit_id": "t5_2tkk8",
        "subreddit_subscribers": 26834,
        "subreddit_type": "public",
        "thumbnail": "self",
        "title": "How do I break bad habits and replace them with good ones?",
        "total_awards_received": 0,
        "treatment_tags": [],
        "upvote_ratio": 1.0,
        "url": "https://www.reddit.com/r/OpiatesRecovery/comments/imc4xp/how_do_i_break_bad_habits_and_replace_them_with/",
        "whitelist_status": "no_ads",
        "wls": 0
    }
]