[
    {
        "all_awardings": [],
        "allow_live_comments": false,
        "author": "aliferestarted",
        "author_flair_css_class": null,
        "author_flair_richtext": [],
        "author_flair_text": null,
        "author_flair_type": "text",
        "author_fullname": "t2_3jesdphi",
        "author_patreon_flair": false,
        "author_premium": false,
        "awarders": [],
        "can_mod_post": false,
        "contest_mode": false,
        "created_utc": "2020-01-28 20:53:05",
        "domain": "self.addiction",
        "edited": 1580245780,
        "full_link": "https://www.reddit.com/r/addiction/comments/evbf27/im_a_sex_addict_and_its_destroying_me/",
        "gildings": {},
        "id": "evbf27",
        "is_crosspostable": true,
        "is_meta": false,
        "is_original_content": false,
        "is_reddit_media_domain": false,
        "is_robot_indexable": true,
        "is_self": true,
        "is_video": false,
        "link_flair_background_color": "",
        "link_flair_richtext": [],
        "link_flair_text_color": "dark",
        "link_flair_type": "text",
        "locked": false,
        "media_only": false,
        "no_follow": true,
        "num_comments": 16,
        "num_crossposts": 0,
        "over_18": false,
        "parent_whitelist_status": "no_ads",
        "permalink": "/r/addiction/comments/evbf27/im_a_sex_addict_and_its_destroying_me/",
        "pinned": false,
        "pwls": 0,
        "retrieved_on": 1580250246,
        "score": 4,
        "selftext": "I dont know how I havent gotten an std or had anything worse happen. But I go to asia a lot, and spend money on seeking out girls, prostitutes etc. most of those encounters suck, then if I find a girl who wants to stay with me, she ends up just being my toy I have to use all the time, until shes worn out or sick of me.\n\nI hate constantly obsessing over needing a fix, I cant focus on any life goals, I've basically put my life on hold for a decade, constantly seeking out girls, with so many failures or lost interests. all this effort I could have put in to making money to be a financially secure partner, instead I have no work ethic and no passion for anything, \n\nexcept sex.\n\nI'm always transient living in hotels or hostels, usually in asia because of girls and because of social anxiety back home in the us, and because it's cheaper to live and I can never find a way to settle down and just work on one thing.\n\nI'm only briefly in the US, and was going to leave, but then the corona virus hit, I'm not too keen to go, yet at the same time my living situation ends in a week, and I really have no idea how to establish myself, especially in an area with absolutely no transportation and any big city is 2 hours drive away.\n\n\nI realized I do have a problem when a girl I met, decided to come over, and later I found out she was working in a gogo bar, having sex with others. I didnt use protection with her and then still didnt after she told me this. Luckily my hiv test came back negative, but I havent done the 3 month test yet.\n\nI'm 30, and always have this burning urge to release. maybe no impulse control. and almost impossible not to want to/try to have sex with any woman, instead of just a friendship. I think this even ruined a friendship, when I couldnt stop flirting with my friend's wife...she did seem to be quite receptive though it was weird.. I distanced myself from them.\n\nI also noticed I hardly have any male friends. and the girls who are my friends, we have an ambiguous nature...maybe I have poor boundaries or am too needy, and they find it as I'm interested in them? or I invoke empathy in others easily because I'm a disaster.\n\ntherapy isnt really an option unless there's some cheap online type. I really dont know what else to do. I cant even give myself a stable living...nor do I really want to. cant stand being locked into something.",
        "send_replies": true,
        "spoiler": false,
        "stickied": false,
        "subreddit": "addiction",
        "subreddit_id": "t5_2qwvc",
        "subreddit_subscribers": 38118,
        "subreddit_type": "public",
        "suggested_sort": "confidence",
        "thumbnail": "self",
        "title": "I'm a sex addict, and it's destroying me.",
        "total_awards_received": 0,
        "url": "https://www.reddit.com/r/addiction/comments/evbf27/im_a_sex_addict_and_its_destroying_me/",
        "whitelist_status": "no_ads",
        "wls": 0
    },
    {
        "all_awardings": [],
        "allow_live_comments": false,
        "author": "DomusRetreat",
        "author_flair_css_class": null,
        "author_flair_richtext": [],
        "author_flair_text": null,
        "author_flair_type": "text",
        "author_fullname": "t2_52mt3wtk",
        "author_patreon_flair": false,
        "author_premium": false,
        "awarders": [],
        "can_mod_post": false,
        "contest_mode": false,
        "created_utc": "2020-01-30 17:46:40",
        "domain": "self.addiction",
        "full_link": "https://www.reddit.com/r/addiction/comments/ew98n9/opioid_pandemic_more_people_knowingly_use_fentanyl/",
        "gildings": {},
        "id": "ew98n9",
        "is_crosspostable": true,
        "is_meta": false,
        "is_original_content": false,
        "is_reddit_media_domain": false,
        "is_robot_indexable": true,
        "is_self": true,
        "is_video": false,
        "link_flair_background_color": "",
        "link_flair_richtext": [],
        "link_flair_text_color": "dark",
        "link_flair_type": "text",
        "locked": false,
        "media_only": false,
        "no_follow": true,
        "num_comments": 2,
        "num_crossposts": 0,
        "over_18": false,
        "parent_whitelist_status": "no_ads",
        "permalink": "/r/addiction/comments/ew98n9/opioid_pandemic_more_people_knowingly_use_fentanyl/",
        "pinned": false,
        "pwls": 0,
        "retrieved_on": 1580406406,
        "score": 1,
        "selftext": "  We are seeing more and more patients coming in for medically assisted fentanyl detox. We need to start providing accessible individualized mental health care or this tragedy will continue escalating.",
        "send_replies": true,
        "spoiler": false,
        "stickied": false,
        "subreddit": "addiction",
        "subreddit_id": "t5_2qwvc",
        "subreddit_subscribers": 38169,
        "subreddit_type": "public",
        "suggested_sort": "confidence",
        "thumbnail": "self",
        "title": "Opioid Pandemic: more people knowingly use fentanyl",
        "total_awards_received": 0,
        "url": "https://www.reddit.com/r/addiction/comments/ew98n9/opioid_pandemic_more_people_knowingly_use_fentanyl/",
        "whitelist_status": "no_ads",
        "wls": 0
    },
    {
        "all_awardings": [],
        "allow_live_comments": false,
        "author": "muffinlover22",
        "author_flair_css_class": null,
        "author_flair_richtext": [],
        "author_flair_text": null,
        "author_flair_type": "text",
        "author_fullname": "t2_x0cs841",
        "author_patreon_flair": false,
        "author_premium": true,
        "awarders": [],
        "can_mod_post": false,
        "contest_mode": false,
        "created_utc": "2020-01-07 00:24:02",
        "domain": "self.addiction",
        "full_link": "https://www.reddit.com/r/addiction/comments/el347m/therapist_experience_in_treating_substance_use/",
        "gildings": {},
        "id": "el347m",
        "is_crosspostable": true,
        "is_meta": false,
        "is_original_content": false,
        "is_reddit_media_domain": false,
        "is_robot_indexable": true,
        "is_self": true,
        "is_video": false,
        "link_flair_background_color": "",
        "link_flair_richtext": [],
        "link_flair_text_color": "dark",
        "link_flair_type": "text",
        "locked": false,
        "media_only": false,
        "no_follow": true,
        "num_comments": 1,
        "num_crossposts": 0,
        "over_18": false,
        "parent_whitelist_status": "no_ads",
        "permalink": "/r/addiction/comments/el347m/therapist_experience_in_treating_substance_use/",
        "pinned": false,
        "pwls": 0,
        "retrieved_on": 1578356647,
        "score": 1,
        "selftext": "This is a paper I wrote from my experience as a therapist working in the field of substance abuse:\n\nAddicts experience something breathtaking when they can stretch their vision of themselves from the immediate present back to the past that shaped them and forward to a future that\u2019s attainable and satisfying \u2013 Marc Lewis\n \nHow do you convince someone that their ability to make decisions is compromised as a result of something in their brain that is influencing the determination of their decisions before they even make them? This phenomenon becomes more prevalent on a daily basis when working with those who are suffering with substance use disorders. The predicament arises in the fact that because individuals are conscious, they believe they are in complete control over the decisions that they make. These decisions that are made, to the individual, are grounded in reason and rational thinking that is aimed with their best interest in mind. Unfortunately, these decisions have the capacity for self-destruction because due to the troubled history that each person has encountered. Memory has an integral role in decisions. Memory utilizes the past to understand the present to anticipate the future. If an individual\u2019s past has had trauma and many forms of distress, their memory is going to ensure that their decisions are protective in nature. This means that decisions will be geared towards the avoidance of pain, avoidance of discomfort, the avoidance of stress, and ultimately, the avoidance of change. This is troubling because when exploring healthy life changes with someone, a therapist will encourage that individual to identify changes that can be made that will hopefully improve that person\u2019s quality of life. That is where the challenge arises. Ideally, someone can gain insight and harness motivation to change to make positive life adjustments. The thing is, this does not always work out because something stops that individual from drawing power from their insight and turning it into behaviors that are conducive to a new way of life. This leads to frustration, shame, guilt, and eventually depression as someone who has all of the desire to make changes, just cannot put it together to make a difference. One begins to learn that the unconscious mind often has a completely different agenda than the individual. One learns that there is comfort in the chaos because it is familiar, even to the point where the chaos leads to complete isolation, socially, physically, and emotionally.\n\u200bWhen looking at the benefits of using substances/alcohol, it cannot be ignored that the effects of the high, produce such a powerful feeling of safety and security. The high is a safe experience and no matter how much pain an individual encounters, the high is there to shield them from the full impact of the situation. It is impossible to isolate addiction to one singular event in time, however, different forms of trauma are the one trait that all of my clients have experienced. I have learned that addiction always begins with pain and always ends with pain. The high feels like that surge of warmth and protection that comes from the embrace of a loved one or the love that was missing for an individual who never had the opportunity to experience it. It is no surprise that opioids are the endorphins that are released in the human body when a mother is holding and begins to soothe her distressed infant. Unfortunately, the high turns on the user and the individual becomes even more trapped in walls of isolation that are reinforced by bricks of shame, fear, and despair, but this is still a state of being that is desired because life on life\u2019s terms is too overwhelming and unbearable. The frustrating part of addiction is the desperation to get clean when using, but also the desperation to get high when clean. Where does someone turn when stuck in this persistent state of hopeless of always knowing where they want to be, but never being where they are?\n\u200bThe effects of the environment on the individual are impactful. Fortunately, this is something that can be utilized to foster change. I have heard that the goal of psychotherapy should always be security. This is a challenge in itself because if someone has grown up in a toxic environment with abuse or neglect, the body is going to not allow the individual to feel secure and thus change is ultimately prevented. I have seen and explored this problem through my work and through my own experience. The answer has to be connection. Connection to a person, who provides unconditional positive regard, like Carl Rogers emphasized. This person can be the therapist or another person, who can provide the stability and unwavering support that conveys the message that I am here with you no matter what your emotions and feelings tell you. The therapist/person has to show the individual through their personality and support, that they can be the safety net the person needs. This happens through sending cues of safety that help the other person start to turn off that flight or fight response system or the withdrawal system. This is not an easy process, but through consistent support, it can be accomplished. If an environment caused an individual to make decisions that are protective to adapt to that environment, an environment can also be fostered to illustrate to that person that they don\u2019t always have to protect themselves and that there is so much power in vulnerability. Through trust and support, a person can learn how to tell his or her body \u201ccalm down, were not in danger,\u201d and allow themselves to experience the freedoms that connection can offer. Through co-regulation (learning how to manage emotional states with someone else) with someone, a person can eventually learn self-regulation (self-soothe). They can learn that they can manage the pain that is inevitable in life. People will always experience pain in life, that is a reality. The growth starts when people lead that they don\u2019t have to face the pain alone. Through connections with other people, those suffering with substance use disorders can learn that they do not need use drugs to get their needs met because they can get those needs through other people, naturally. Change will always be hard, but through support change doesn\u2019t have to about suffering and can lead to new meaning.",
        "send_replies": true,
        "spoiler": false,
        "steward_reports": [],
        "stickied": false,
        "subreddit": "addiction",
        "subreddit_id": "t5_2qwvc",
        "subreddit_subscribers": 37343,
        "subreddit_type": "public",
        "suggested_sort": "confidence",
        "thumbnail": "self",
        "title": "Therapist experience in treating substance use",
        "total_awards_received": 0,
        "url": "https://www.reddit.com/r/addiction/comments/el347m/therapist_experience_in_treating_substance_use/",
        "whitelist_status": "no_ads",
        "wls": 0
    },
    {
        "all_awardings": [],
        "allow_live_comments": false,
        "author": "Spirited_Sheepherder",
        "author_flair_css_class": null,
        "author_flair_richtext": [],
        "author_flair_text": null,
        "author_flair_type": "text",
        "author_fullname": "t2_4rsfi8t1",
        "author_patreon_flair": false,
        "author_premium": false,
        "awarders": [],
        "can_mod_post": false,
        "contest_mode": false,
        "created_utc": "2020-01-01 06:45:49",
        "domain": "self.addiction",
        "full_link": "https://www.reddit.com/r/addiction/comments/eifa4z/my_sister_is_struggling_with_addiction_and_i_dont/",
        "gildings": {},
        "id": "eifa4z",
        "is_crosspostable": true,
        "is_meta": false,
        "is_original_content": false,
        "is_reddit_media_domain": false,
        "is_robot_indexable": true,
        "is_self": true,
        "is_video": false,
        "link_flair_background_color": "",
        "link_flair_richtext": [],
        "link_flair_text_color": "dark",
        "link_flair_type": "text",
        "locked": false,
        "media_only": false,
        "no_follow": true,
        "num_comments": 2,
        "num_crossposts": 0,
        "over_18": false,
        "parent_whitelist_status": "no_ads",
        "permalink": "/r/addiction/comments/eifa4z/my_sister_is_struggling_with_addiction_and_i_dont/",
        "pinned": false,
        "pwls": 0,
        "retrieved_on": 1577861149,
        "score": 1,
        "selftext": "I come from a very tight knit family and this past year everything has been shattered. I'm the youngest of 4 sisters and one by one they've all disappeared from me. I know I sound really melodramatic, but it's New Years day I've been sobbing at my computer for the past hour looking at old messages and I just feel broken and empty inside and I need some place to tell my story. I'm going to give everyone pseudonyms for anonymity. Oldest sister will be Jackie, second oldest will be Evette, third oldest will be Nancy.\n\nMy mom was diagnosed with stage 4 cancer when I was 16. We were told she had only 2 months to live and we all prepared for the worst, but it didn't happen. I became her sole caretaker and dedicated every day to seeing to her health and she's still alive today. It hasn't been easy, but with the support from my family I've gone on. \n\nMy oldest sister, Jackie, has been dealing with addiction my whole life and as a result I've had to cut her out of my life 6 years ago when she attacked me with a knife and broke my ankle and wrist. I adopted her 2 kids when I was 18 and it hasn't been easy, but with the support from my family I've gone on.\n\nAt 20 my second oldest sister, Evette, my best friend had a mental breakdown after which she was diagnosed with schizophrenia. Mental illness changed her to the point where she was unrecognizable. She became violent, she heard her voices tell her mean things about us and thought nobody wanted her or loved her. We grew distant and she spent the next few years in and out of mental hospitals as I or my other sister took care of her young son as necessary.\n\nLate 2018-early 2019 Jackie began to get back into my life. I was dead against it, but my mom really wanted her around and there was nothing I could really do. I stayed away from her and was a recluse when she was around. Around this same time I was in a very toxic abusive relationship that absorbed me in a lot of ways, and my sister being around pushed me away from them to him who was isolating me from my family.\n\nUnbeknownst to me while I was dealing with my abusive relationship Jackie was introducing Evette and Nancy to the drugs that had consumed her for so long, which she was supposedly off of.\n\nFebruary 2019 Evette dies in her sleep. At the time I thought it was due to complications from her asthma, it's only recently that I've found out that it was a drug complication between the drugs she was given by Jackie and the anti-psychotics she was on for her schizophrenia. Jackie and Nancy were there at the time of her death doing the same drugs when Evette said she wasn't feeling well. Nancy told her to lay down and got her a damp cloth and then began arguing with Jackie over something while Evette was dying in the other room. The police are called and Jackie sneaks out of the house (she had a warrant), does more drugs and ODs. She lives, but loses her housing because of her relapse. She's set to appear in court, but instead leaves the state.\n\nNancy, the only other sister I have, falls further into drug use, again unbeknownst to me. She begins neglecting her kids, cheating on her husband, starting arguments with everyone close to her. Our relationship becomes strained due to these arguments that happen every time we're together and I distance myself further from her - still in the middle of this abusive relationship that's encouraging my isolation.\n\nThe rest of us make plans to move upstate, back where we came from to be close to family - the same place Jackie left to, only Nancy doesn't want to leave. She denies she's cheating on her husband, but it seems clear she doesn't want to leave this guy shes been hanging around with a lot, someone with his own kids he's abandoned, as well as a failed marriage and a drug problem. She also seems to be having a mental breakdown, she's talking a lot more about god and needing to save people and having a lot of questionable people around her claiming she wants to save them. Her behavior has become more erratic since the death of Evette. I believe that if we leave she'll follow quickly behind, realizing that we're serious, so we leave the state, leaving her in our home giving her a month to come up behind us. She's now away from all of us as well as her kids.\n\nShe doesn't come behind us, she doesn't pay the rent of our house, she ends up evicted. Us, on the other hand, back up state end up struggling to find housing with the eviction on our record from Nancy not leaving or paying rent. We've been here since July and we're still homeless, meanwhile both my mom and her husband are bleeding money to send back to her so that she has a hotel to sleep in and food to eat.\n\nHer husband and kids end up going to his home state, he's still trying to get her to come back, but apparently now she hates him and is trying to get my mom to take her kids away from him. I really don't know what's going on with her, to be honest. I haven't spoken to her since July and I was so upset with her I don't think I even said goodbye. Last thing I heard was that her husband got into her facebook account and saw all the messages she was sending this guy she supposedly wasn't involved with, saying how she loves him and how now that both of their marriages aren't working out they can be together. Apparently he's ignoring her now and hasn't replied to a message since November.\n\nI know she's on drugs. I know she's not herself and hasn't been since Evette died. I'm terrified at the thought of her being on the streets alone. I heard from a friend she has on the streets that she was raped while sleeping outside. She can come back at any moment. We don't have a home yet, either, but we're not on the streets, and both my mother and I and her husband have offered to pay for a ticket to get her here so that she's no longer in this scenario, but consistently she hasn't come. I don't know what to do, but every once in a while on a night like this where I'm thinking of this past year and how much of a failure it was and how miserable and depressed I am that this is what my life has become I begin to worry about her, or I'll look back on old conversations or messages from her and I'm wrought with such grief. I just don't know what to do and I don't know where to turn.\n\n&gt; At 25 yrs I have an amazing family who are my world. They support me in everything I do and I couldn't be more thankful for them.\n\n&gt; Three little cubs call me Mama Bear, my one and only has my heart &amp; together they give me the drive to keep striving for greater things.\n\nThis was her just about a year and a half ago, and now she hasn't seen her kids since July. When we call her husband my nieces and nephews will hear my voice or my moms voice and yell \"mommy!\" because they think we're her. I just..... I don't know, man. I have a lot weighing on me. Sometimes I feel like I'm all out of motivation to even be anymore. I want things to be different, but I don't know how to make that happen.",
        "send_replies": true,
        "spoiler": false,
        "steward_reports": [],
        "stickied": false,
        "subreddit": "addiction",
        "subreddit_id": "t5_2qwvc",
        "subreddit_subscribers": 37129,
        "subreddit_type": "public",
        "suggested_sort": "confidence",
        "thumbnail": "self",
        "title": "My sister is struggling with addiction and I don't know what to do",
        "total_awards_received": 0,
        "url": "https://www.reddit.com/r/addiction/comments/eifa4z/my_sister_is_struggling_with_addiction_and_i_dont/",
        "whitelist_status": "no_ads",
        "wls": 0
    },
    {
        "all_awardings": [],
        "allow_live_comments": false,
        "author": "PM_ME_YOUR_TUTURUS",
        "author_flair_css_class": null,
        "author_flair_richtext": [],
        "author_flair_text": null,
        "author_flair_type": "text",
        "author_fullname": "t2_4f4z2jfa",
        "author_patreon_flair": false,
        "author_premium": false,
        "awarders": [],
        "can_mod_post": false,
        "contest_mode": false,
        "created_utc": "2020-01-26 07:46:31",
        "domain": "self.addiction",
        "full_link": "https://www.reddit.com/r/addiction/comments/eu3wlf/the_high_functioning_addict/",
        "gildings": {},
        "id": "eu3wlf",
        "is_crosspostable": true,
        "is_meta": false,
        "is_original_content": false,
        "is_reddit_media_domain": false,
        "is_robot_indexable": true,
        "is_self": true,
        "is_video": false,
        "link_flair_background_color": "",
        "link_flair_richtext": [],
        "link_flair_text_color": "dark",
        "link_flair_type": "text",
        "locked": false,
        "media_only": false,
        "no_follow": true,
        "num_comments": 8,
        "num_crossposts": 0,
        "over_18": false,
        "parent_whitelist_status": "no_ads",
        "permalink": "/r/addiction/comments/eu3wlf/the_high_functioning_addict/",
        "pinned": false,
        "pwls": 0,
        "retrieved_on": 1580024793,
        "score": 1,
        "selftext": "Ever since I can remember, life seemed to be a tumultuous pendulum between intense suffering and a semblance of normalcy that made me think that everything would be alright.\n\nI've never really felt happy. Whether it was watching my alcoholic father try to shoot himself in front of me when I was still an elementary school child, watching my remaining family members throw glass plates and bottles at each other in frenzied fits of rage, or sitting on a playground full of other children who could not even begin to comprehend the things I'd seen at home, I was a very sad girl.\n\nOne of my parents abandoned me, and my father died of other causes shortly after his suicidal idealization came to light.  I grew up in a very isolated, small town, where things like this were common and most people would succumb to drugs or alcohol by their teen years due to boredom or some sort of family trauma. Yet, I was always very different from my peers. I found out right as I was about to graduate high school that I had high functioning Autism- what is formerly known as Asperger's syndrome. \n\nIf you don't have autism, you cannot really imagine what life is like on a day to day basis with the condition. I'll try to create a fairly accurate picture of the experience for you, with words as my canvas. The world around you is very overwhelming, constantly bustling with so many sounds, sights, and people, that your head feels like it's going to explode if you stay in the commotion much longer. Whenever you speak, the things you say simply don't come out right- whether this manifests itself in some sort of vocal deficiency, an inability to create tone/inflection, or articulating the wrong things entirely that may be inappropriate in the social situation. Executive functioning issues galore.\n\nI had hyper fixated interests, constantly bouncing from one specific hobby to another. I was bullied heavily for having strange obsessions, or meticulously ranting on and on about whatever I found interesting. So I learned to be quiet. My first month of high school, as a newly minted teenager, I was molested by an older boy who took advantage of my shyness. I found that I had been silent for so long, I could not find the words to describe how disgusted I felt with myself after he touched me. I had no concept of what it meant to be sexual, still clung to whatever innocence I had left, but I knew in those moments that I felt sick, and I was tainted. Other women at my school told me that I was a whore and I should get killed because I must have been lying about this.\n\nDepression ensnared me even harder after that. I thought there was no way out. Then, I learned about the benefits of marijuana, and after failing on 6 different antidepressants, I was desperate for this new experiment. I was 16 years old and living with a sort of foster family at the time, and one of my foster sister's friends told us that she knew where to get some pot. I remember the dim glow of fairy lights, the soft cushioning of the rugs beneath my legs, as the girl told me to just take a hit and give it time to set in. I kept scowling and saying it must have been fake, because I didn't feel anything. Then when I felt that first high kick in, I knew I had found something magical. Something tantalizing, enticing, and intense that took away all that pain. Within minutes I was rolling on the floor giggling and enjoying some Pink Floyd.\n\nThat was 4 years ago, and since then many terrible and tragic things have made my life even more difficult than in those idyllic teenage years. My first two relationships ended up being with abusive older men. One of my boyfriend's friend's raped me. My ex didn't believe me, manipulated me for months, isolated me from everything, made me quit school for awhile, did not allow me to have a house key and controlled my every movement, blackmailed me, emotionally abused me, posted photos of me naked online, and eventually hit me. Throughout all this I had my one joy in life, weed. I stopped going to high school during my last month, despite being an AP/honor student because I was smoking all day, everyday. Got fired from my minimum wage job for it too.\n\nI've tried to 'move on'. Attempted so many times to do the whole self-care professional help shtick that everyone treats as the dogma of mental wellness. I've been to three universities, and I'm an outcast no matter where I go. I've had over 10 therapists throughout my lifetime, and with each cycle I went through with a new therapist, I tried my damnedest to put faith in the process. However, I just ended up wasting abhorrent amounts of money with no results. I've been a guinea pig for nearly every legal psychiatric drug except lithium, lamictal, anti-psychotics, benzos, and MAOIs. \n\nI ended up developing complex PTSD due to childhood abuse and then later abuse and inappropriate conduct by medical professionals. Being in any environment where a doctor can lay a hand on me or touch me in any way sends me into a panic. This prevents me from going anywhere except my psychiatrist, who berates me for my PTSD and told me that I need to stop using drugs (AKA, Weed) to cope with my chronic joint pain and anxiety symptoms, while prescribing useless antidepressants that don't help me.\n\nDuring these past 4 years, I've managed to taste a little of what normal people consider to be stability and success. I have a pretty high GPA doing two difficult majors, but I can barely keep up with my work and frequently drop classes. I've had a prestigious internship and some noteworthy volunteer research positions. I've been active in clubs like student government, debate, and even some greek life and club sports for a short time. All the while having constant mental breakdowns, not fitting in, disappointing supervisors due to missing so many days due to depression or social anxiety, struggling to keep up with the constant grind of assignments, constant fatigue and low energy. Yet, none of this has made me feel fulfilled. I am so depressed and anxious all the time. Unless I'm smoking pot.\n\nNo one understands how fucked up and alone I feel on a daily basis. I went through a brief lull where I thought hey, perhaps things are getting better, when I met boyfriend number three online in an autism community. I began to experience emotions like love for the first time, a new high that was distinct from my almost daily weed binges. The whole long distance thing didn't bother me, I was willing to go for it. Because no one had ever loved me before, in any context, I was dying to drink from this newfound cup of life. We've met in person twice now, and the physical connection was immense. \n\nI felt little rushes of happiness when we were together, but they were only brief flickers, dying out like every other temporary sense of contentment I've ever experienced. While we say we love each other, and say we care, we quarrel constantly. He is an ex-alcoholic and does not approve of my use of weed, nor my fascination with researching drugs and trying to find anything to cure me. The weeks we spent together he made me go completely sober from any drugs, and I would lie awake in bed at night and wish I would die because I had absolutely nothing to keep me sane. \n\nMy boyfriend has called me a drug addict, told me to get a grip, told me the things I say are disturbing- in regards to me openly discussing my desire to simply not exist anymore- and tells me that I need to go to counseling and that I am the only thing stopping myself from getting better. I've hurt him with the things that I've said, whilst taking the mental beating for, \"not trying hard enough and not just getting up and doing things'. Over time I have watched my beautiful relationship erode into an ugly mess. I've started to gravitate towards harder drugs, including acid and shrooms, and am getting desperate for another taste of what a 'new high' would feel like.\n\nWeed is starting to not do as much for me anymore, and sometimes has even made me worse depending on the THC content. But I'm still clinging to the illusion that I can always feel good on weed. If I have to go even two weeks without it, I break down. There is nothing else that has the potential to pull me out of an episode like this drug can.\n\nI've found myself drinking all night on a terrible LSD comedown, wishing it would do something to help me, but those anti-depressant or pleasant effects don't seem to hit me at all. My boyfriend and I got into an argument, I'm scared to leave my room even if I must, and I sure as hell haven't studied. I seem to loop through the same three websites, constantly alone, but seeking some sort of gratification in this digitized disaster.  \n\n\nPeople think I \"cope well\" with the academic issues, the autism, the trauma. But they couldn't be further from the truth. I'm really just a high functioning addict.",
        "send_replies": true,
        "spoiler": false,
        "stickied": false,
        "subreddit": "addiction",
        "subreddit_id": "t5_2qwvc",
        "subreddit_subscribers": 38019,
        "subreddit_type": "public",
        "suggested_sort": "confidence",
        "thumbnail": "self",
        "title": "The high functioning addict",
        "total_awards_received": 0,
        "url": "https://www.reddit.com/r/addiction/comments/eu3wlf/the_high_functioning_addict/",
        "whitelist_status": "no_ads",
        "wls": 0
    }
]