[
    {
        "all_awardings": [],
        "allow_live_comments": false,
        "author": "ProjectBrooklyn",
        "author_flair_css_class": null,
        "author_flair_richtext": [],
        "author_flair_text": null,
        "author_flair_type": "text",
        "author_fullname": "t2_3xa39mxm",
        "author_patreon_flair": false,
        "author_premium": false,
        "awarders": [],
        "can_mod_post": false,
        "contest_mode": false,
        "created_utc": "2020-01-29 15:14:59",
        "domain": "self.Coronavirus",
        "full_link": "https://www.reddit.com/r/Coronavirus/comments/evo5pm/people_are_going_to_die_in_the_after_math_of_this/",
        "gildings": {},
        "id": "evo5pm",
        "is_crosspostable": true,
        "is_meta": false,
        "is_original_content": false,
        "is_reddit_media_domain": false,
        "is_robot_indexable": true,
        "is_self": true,
        "is_video": false,
        "link_flair_background_color": "#0dd3bb",
        "link_flair_richtext": [],
        "link_flair_template_id": "9b144962-417c-11ea-92d6-0ebca4fbec87",
        "link_flair_text": "Discussion",
        "link_flair_text_color": "light",
        "link_flair_type": "text",
        "locked": false,
        "media_only": false,
        "no_follow": true,
        "num_comments": 5,
        "num_crossposts": 0,
        "over_18": false,
        "permalink": "/r/Coronavirus/comments/evo5pm/people_are_going_to_die_in_the_after_math_of_this/",
        "pinned": false,
        "retrieved_on": 1580310900,
        "score": 1,
        "selftext": "Now please give a different opinion if you think I am wrong. \n\nI think the world is going to change after this virus is cured. China is already in upset from losing so much food and being sanctioned. Now add that a chunk of their country is essentially being shut down and the money to try and solve this crisis and you have a wonderful recipie for an economic crash if not collapse. \n\nThat cant be good for the world. If China suddenly starts demanding back all the money other countries owe them a few thinges could happen.\n\n1. They pay if off and fall into their own economic depression.\n2. They tell China to fuck off and that sets the stage for atleast a proxy war if not an actual one.\n\nMaybe I'm blowing things out of proportion but I do believe that the suffering the coronavirus brings will last long after the vaccine is found.",
        "send_replies": true,
        "spoiler": false,
        "stickied": false,
        "subreddit": "Coronavirus",
        "subreddit_id": "t5_2x4yx",
        "subreddit_subscribers": 27222,
        "subreddit_type": "public",
        "suggested_sort": "top",
        "thumbnail": "self",
        "title": "People are going to die in the after math of this virus.",
        "total_awards_received": 0,
        "url": "https://www.reddit.com/r/Coronavirus/comments/evo5pm/people_are_going_to_die_in_the_after_math_of_this/"
    },
    {
        "all_awardings": [],
        "allow_live_comments": false,
        "author": "MeBoyo1",
        "author_flair_css_class": null,
        "author_flair_richtext": [],
        "author_flair_text": null,
        "author_flair_type": "text",
        "author_fullname": "t2_9isz8ov",
        "author_patreon_flair": false,
        "author_premium": false,
        "awarders": [],
        "can_mod_post": false,
        "contest_mode": false,
        "created_utc": "2020-01-28 13:25:12",
        "domain": "self.Coronavirus",
        "full_link": "https://www.reddit.com/r/Coronavirus/comments/ev5kgm/heres_the_one_free_thing_you_can_do_at_home_to/",
        "gildings": {},
        "id": "ev5kgm",
        "is_crosspostable": true,
        "is_meta": false,
        "is_original_content": false,
        "is_reddit_media_domain": false,
        "is_robot_indexable": true,
        "is_self": true,
        "is_video": false,
        "link_flair_background_color": "",
        "link_flair_richtext": [],
        "link_flair_text_color": "dark",
        "link_flair_type": "text",
        "locked": false,
        "media_only": false,
        "no_follow": true,
        "num_comments": 28,
        "num_crossposts": 0,
        "over_18": false,
        "permalink": "/r/Coronavirus/comments/ev5kgm/heres_the_one_free_thing_you_can_do_at_home_to/",
        "pinned": false,
        "retrieved_on": 1580217914,
        "score": 1,
        "selftext": "Get enough sleep!  \n\nAccording to Dr. Matthew Walker's book \"Why We Sleep\" (available via your local library or available for purchase online), routinely sleeping 8 hours per night rather than 6 to 7 hrs a night:\n\n1. Allows your **immune system** to work\n\n2. Cuts risk of cancer in half\n\n3. Helps prevent Alzheimer\u2019s risk\n\n4. Stabilizes blood sugar to avoid pre-diabetes\n\n5. Supports stronger, non-blocked arteries\n\n6. Reduces chance of heart disease, heart failure, and stroke\n\n7. Dramatically **lowers risk of depression &amp; anxiety**\n\n8. Normalizes the \"I'm hungry\" and \u201cI\u2019m full\u201d hormones, thus supporting weight loss from fat\n\n9. Reduces risk of car wrecks (sleepiness causes more wrecks than alcohol &amp; drugs)\n\n10. Maximizes life span\n\nI suspect there are many redditors out there who are staying awake long into the night, obsessing over the virus risk, and what to do about it. I read this book a few months ago and it changed my life.  For the first time in several years, I forced myself to get an 8 hour \"sleep opportunity\" (in bed, lights out, phone off) each night and noticed a remarkable improvement in how I felt within the first few days.  I now schedule my sleep and I will not forego sleep just to watch some TV show or movie, or just to read another thread on reddit.\n\nThe book also explains how people are very bad at judging how drowsy they are.  He and his team have studied numerous people, including those who claim \"I'm just fine on 5 hours a night,\" and have proven in a laboratory setting that their cognitive function is impaired by their lack of sufficient sleep. \n\nSimply getting enough sleep (and having good sleep habits:  no TV in the bedroom, no screen time in the final hour or two before bed, having a standard \"go to bed\" time every time and a standard \"get up\" time every morning, sleeping when it is dark, etc. - as explained in the book) can have dramatic effects on improving life and cutting your risk of illness.",
        "send_replies": true,
        "spoiler": false,
        "stickied": false,
        "subreddit": "Coronavirus",
        "subreddit_id": "t5_2x4yx",
        "subreddit_subscribers": 22218,
        "subreddit_type": "public",
        "suggested_sort": "top",
        "thumbnail": "self",
        "title": "Here's the one free thing you can do at home to protect yourself from Wumonia and all other flus and illnesses.",
        "total_awards_received": 0,
        "url": "https://www.reddit.com/r/Coronavirus/comments/ev5kgm/heres_the_one_free_thing_you_can_do_at_home_to/"
    },
    {
        "all_awardings": [],
        "allow_live_comments": false,
        "author": "Lamenameman",
        "author_flair_css_class": null,
        "author_flair_richtext": [],
        "author_flair_text": null,
        "author_flair_type": "text",
        "author_fullname": "t2_iu6g6",
        "author_patreon_flair": false,
        "author_premium": false,
        "awarders": [],
        "can_mod_post": false,
        "contest_mode": false,
        "created_utc": "2020-01-27 15:49:48",
        "domain": "self.Coronavirus",
        "full_link": "https://www.reddit.com/r/Coronavirus/comments/eupn6m/please_share_some_good_news_thats_happening/",
        "gildings": {},
        "id": "eupn6m",
        "is_crosspostable": true,
        "is_meta": false,
        "is_original_content": false,
        "is_reddit_media_domain": false,
        "is_robot_indexable": true,
        "is_self": true,
        "is_video": false,
        "link_flair_background_color": "",
        "link_flair_richtext": [],
        "link_flair_text_color": "dark",
        "link_flair_type": "text",
        "locked": false,
        "media_only": false,
        "no_follow": true,
        "num_comments": 22,
        "num_crossposts": 0,
        "over_18": false,
        "permalink": "/r/Coronavirus/comments/eupn6m/please_share_some_good_news_thats_happening/",
        "pinned": false,
        "retrieved_on": 1580140190,
        "score": 1,
        "selftext": "I think im gonna get depressed and die of depression before the actual virus. Please share good news on what's happening even if it's minor wins.",
        "send_replies": true,
        "spoiler": false,
        "stickied": false,
        "subreddit": "Coronavirus",
        "subreddit_id": "t5_2x4yx",
        "subreddit_subscribers": 15307,
        "subreddit_type": "public",
        "thumbnail": "self",
        "title": "Please share some good news that's happening around Coronavirus.",
        "total_awards_received": 0,
        "url": "https://www.reddit.com/r/Coronavirus/comments/eupn6m/please_share_some_good_news_thats_happening/"
    },
    {
        "all_awardings": [],
        "allow_live_comments": false,
        "author": "humansources",
        "author_flair_css_class": null,
        "author_flair_richtext": [],
        "author_flair_text": null,
        "author_flair_type": "text",
        "author_fullname": "t2_1eex2074",
        "author_patreon_flair": false,
        "author_premium": false,
        "awarders": [],
        "can_mod_post": false,
        "contest_mode": false,
        "created_utc": "2020-01-30 10:22:13",
        "domain": "self.Coronavirus",
        "full_link": "https://www.reddit.com/r/Coronavirus/comments/ew3b65/best_way_to_contract_the_coronavirus_this_weekend/",
        "gildings": {},
        "id": "ew3b65",
        "is_crosspostable": true,
        "is_meta": false,
        "is_original_content": false,
        "is_reddit_media_domain": false,
        "is_robot_indexable": true,
        "is_self": true,
        "is_video": false,
        "link_flair_background_color": "#46d160",
        "link_flair_richtext": [],
        "link_flair_template_id": "eb219716-417c-11ea-b8a5-0e5c49d43cad",
        "link_flair_text": "Containment measures",
        "link_flair_text_color": "light",
        "link_flair_type": "text",
        "locked": false,
        "media_only": false,
        "no_follow": true,
        "num_comments": 1,
        "num_crossposts": 0,
        "over_18": false,
        "permalink": "/r/Coronavirus/comments/ew3b65/best_way_to_contract_the_coronavirus_this_weekend/",
        "pinned": false,
        "retrieved_on": 1580379734,
        "score": 1,
        "selftext": " \n\nLooking for the best way to contract the coronavirus this coming weekend.\n\nI figure, go to a place with a relatively tropical climate with a significantly  older population where their immune systems might be inherently compromised. Since I live in the states, someplace like Miami sounds great.\n\nI\u2019m also looking for a location that will have a significantly larger poor population, a population kind-of known for transiency, and with a large population with ties to other countries.\n\nA measurable drug culture that is accented with poor hygiene. Southern Florida fits the bill.\n\nHaving an international airport would be a plus. Kind-of like a Miami International Airport.\n\nInternational cruise line hub ? - BONUS !!!\n\nNext, I want to find a more specific location, hopefully in the shadow of a depressed community, that will have, let\u2019s say \\~ 65,000 excited people crammed into an extremely tight area where we all share the same handrails, restrooms, air, and food courts. Someplace like the Hard Rock Stadium in Miami Gardens, Florida.\n\nAnd together, let\u2019s move around A LOT in a confined space. Hey look ! Touchdown !!! - *High five !*\n\nLet\u2019s make sure that this is a once-in-a-lifetime event. Something you wouldn\u2019t want to miss - even if you were slightly sick. I mean, come on, you spent a lot of money for the tickets, possibly came from a different country to get there. Something like a Super Bowl.\n\nOh yeah, immediately after, go back to your hometown by using the same common transportation vehicles. No matter where that might be. Got to tell all of your co-workers, neighbors &amp; friends just how much of a good time we had.\n\nHello coronavirus ! Hello San Francisco ! Hello Kansas City ! Hello World !\n\nGot the feeling America will never forget Super Bowl LIV  for as long as we live !\n\nX marks this spot...",
        "send_replies": true,
        "spoiler": false,
        "stickied": false,
        "subreddit": "Coronavirus",
        "subreddit_id": "t5_2x4yx",
        "subreddit_subscribers": 30894,
        "subreddit_type": "public",
        "suggested_sort": "top",
        "thumbnail": "self",
        "title": "~ Best Way to Contract the Coronavirus This Weekend ~",
        "total_awards_received": 0,
        "url": "https://www.reddit.com/r/Coronavirus/comments/ew3b65/best_way_to_contract_the_coronavirus_this_weekend/"
    },
    {
        "all_awardings": [],
        "allow_live_comments": false,
        "author": "holistic-healing",
        "author_flair_css_class": null,
        "author_flair_richtext": [],
        "author_flair_text": null,
        "author_flair_type": "text",
        "author_fullname": "t2_5jqpcvgr",
        "author_patreon_flair": false,
        "author_premium": false,
        "awarders": [],
        "can_mod_post": false,
        "contest_mode": false,
        "created_utc": "2020-01-29 03:49:07",
        "domain": "self.Coronavirus",
        "full_link": "https://www.reddit.com/r/Coronavirus/comments/evhaym/first_line_of_defense_ways_to_keep_your_immune/",
        "gildings": {},
        "id": "evhaym",
        "is_crosspostable": true,
        "is_meta": false,
        "is_original_content": false,
        "is_reddit_media_domain": false,
        "is_robot_indexable": true,
        "is_self": true,
        "is_video": false,
        "link_flair_background_color": "#0dd3bb",
        "link_flair_richtext": [],
        "link_flair_template_id": "9b144962-417c-11ea-92d6-0ebca4fbec87",
        "link_flair_text": "Discussion",
        "link_flair_text_color": "light",
        "link_flair_type": "text",
        "locked": false,
        "media_only": false,
        "no_follow": true,
        "num_comments": 35,
        "num_crossposts": 0,
        "over_18": false,
        "permalink": "/r/Coronavirus/comments/evhaym/first_line_of_defense_ways_to_keep_your_immune/",
        "pinned": false,
        "post_hint": "self",
        "preview": {
            "enabled": false,
            "images": [
                {
                    "id": "rdLvw-pDi1-MC1vQYfeBljvlrfPeSLHnfet3Tk5-V_M",
                    "resolutions": [
                        {
                            "height": 81,
                            "url": "https://external-preview.redd.it/Q1eTEG1q9pIftqrzI96dXPaK8XS4JjRifl1Ry9TfSys.jpg?width=108&amp;crop=smart&amp;auto=webp&amp;s=df8026a93ff5af90726affe9d8aebc5ba730787f",
                            "width": 108
                        },
                        {
                            "height": 162,
                            "url": "https://external-preview.redd.it/Q1eTEG1q9pIftqrzI96dXPaK8XS4JjRifl1Ry9TfSys.jpg?width=216&amp;crop=smart&amp;auto=webp&amp;s=842295e3b2bc2688ec290f9e7f706b75a7253578",
                            "width": 216
                        },
                        {
                            "height": 240,
                            "url": "https://external-preview.redd.it/Q1eTEG1q9pIftqrzI96dXPaK8XS4JjRifl1Ry9TfSys.jpg?width=320&amp;crop=smart&amp;auto=webp&amp;s=04f6a0154e004d4a9606e4b52ce9f599ac9d8c7a",
                            "width": 320
                        }
                    ],
                    "source": {
                        "height": 360,
                        "url": "https://external-preview.redd.it/Q1eTEG1q9pIftqrzI96dXPaK8XS4JjRifl1Ry9TfSys.jpg?auto=webp&amp;s=351d5e741f20181ca0ede0df982c7e391dbed12b",
                        "width": 480
                    },
                    "variants": {}
                }
            ]
        },
        "retrieved_on": 1580270909,
        "score": 8,
        "selftext": "Of course the obvious things such as washing your hands, not touching your face, etc. go without saying. But also:\n\nLook more into the wim hof method breathing technique, video below:\n\nhttps://youtu.be/gKgUE76udK4\n\nFurthermore, make sure to stay well hydrated and don\u2019t eat questionable meat. You\u2019ll never hear someone say stop eating so much fruits and veggies!! \ud83d\ude09\n\nEchinacea tea or pills are also a great way to keep your self healthy. \n\nFinally, don\u2019t stress, exercise, and maintain a positive outlook! Regardless of your situation your mentally can have a significant impact on your health and happiness. Close reddit and open a meditation app and sit for ten minutes with a guided meditation or do some pushups or something to get your heart rate up! If you do not exercise regularly then you\u2019re way more likely to be depressed. Try starting small, crawl, walk, and then you\u2019ll naturally run. The hardest part can be just starting! \n\nSomethings just happen and you have no control, but if you\u2019re scrolling through this feed looking for things to be worried about, guess what, you\u2019ll find it! \n\nIt\u2019s absolutely terrible what is happening in China, but I also think it\u2019s terrible that some people here are increasing their anxiety when they have little to worry about. \n\nThe world is not ending, billions live in China and they are not infected. Sure this has not reached the end and the peak is soon to come, but stay positive, take whatever precautions you feel necessary, and stay focused on your health without worrying and ruining your life! \ud83d\ude04\n\nMay you all be in good health:\nmind, body, and spirit.",
        "send_replies": true,
        "spoiler": false,
        "stickied": false,
        "subreddit": "Coronavirus",
        "subreddit_id": "t5_2x4yx",
        "subreddit_subscribers": 25245,
        "subreddit_type": "public",
        "suggested_sort": "top",
        "thumbnail": "self",
        "title": "First line of defense: Ways to keep your immune system healthy.",
        "total_awards_received": 0,
        "url": "https://www.reddit.com/r/Coronavirus/comments/evhaym/first_line_of_defense_ways_to_keep_your_immune/"
    },
    {
        "all_awardings": [],
        "allow_live_comments": false,
        "author": "Lamenameman",
        "author_flair_css_class": null,
        "author_flair_richtext": [],
        "author_flair_text": null,
        "author_flair_type": "text",
        "author_fullname": "t2_iu6g6",
        "author_patreon_flair": false,
        "author_premium": false,
        "awarders": [],
        "can_mod_post": false,
        "contest_mode": false,
        "created_utc": "2020-01-27 15:49:48",
        "domain": "self.Coronavirus",
        "full_link": "https://www.reddit.com/r/Coronavirus/comments/eupn6m/please_share_some_good_news_thats_happening/",
        "gildings": {},
        "id": "eupn6m",
        "is_crosspostable": true,
        "is_meta": false,
        "is_original_content": false,
        "is_reddit_media_domain": false,
        "is_robot_indexable": true,
        "is_self": true,
        "is_video": false,
        "link_flair_background_color": "",
        "link_flair_richtext": [],
        "link_flair_text_color": "dark",
        "link_flair_type": "text",
        "locked": false,
        "media_only": false,
        "no_follow": true,
        "num_comments": 22,
        "num_crossposts": 0,
        "over_18": false,
        "permalink": "/r/Coronavirus/comments/eupn6m/please_share_some_good_news_thats_happening/",
        "pinned": false,
        "retrieved_on": 1580140190,
        "score": 1,
        "selftext": "I think im gonna get depressed and die of depression before the actual virus. Please share good news on what's happening even if it's minor wins.",
        "send_replies": true,
        "spoiler": false,
        "stickied": false,
        "subreddit": "Coronavirus",
        "subreddit_id": "t5_2x4yx",
        "subreddit_subscribers": 15307,
        "subreddit_type": "public",
        "thumbnail": "self",
        "title": "Please share some good news that's happening around Coronavirus.",
        "total_awards_received": 0,
        "url": "https://www.reddit.com/r/Coronavirus/comments/eupn6m/please_share_some_good_news_thats_happening/"
    },
    {
        "all_awardings": [],
        "allow_live_comments": false,
        "author": "pranjalnaik93",
        "author_flair_css_class": null,
        "author_flair_richtext": [],
        "author_flair_text": null,
        "author_flair_type": "text",
        "author_fullname": "t2_1s40zve9",
        "author_patreon_flair": false,
        "author_premium": false,
        "awarders": [],
        "can_mod_post": false,
        "contest_mode": false,
        "created_utc": "2020-01-30 06:56:07",
        "domain": "self.Coronavirus",
        "full_link": "https://www.reddit.com/r/Coronavirus/comments/ew1doj/coronavirus_is_showing_us_how_selfish_and/",
        "gildings": {},
        "id": "ew1doj",
        "is_crosspostable": true,
        "is_meta": false,
        "is_original_content": false,
        "is_reddit_media_domain": false,
        "is_robot_indexable": true,
        "is_self": true,
        "is_video": false,
        "link_flair_background_color": "#dadada",
        "link_flair_richtext": [],
        "link_flair_template_id": "7728479c-417c-11ea-9fbb-0ee06f072661",
        "link_flair_text": "General",
        "link_flair_text_color": "dark",
        "link_flair_type": "text",
        "locked": false,
        "media_only": false,
        "no_follow": true,
        "num_comments": 8,
        "num_crossposts": 0,
        "over_18": false,
        "permalink": "/r/Coronavirus/comments/ew1doj/coronavirus_is_showing_us_how_selfish_and/",
        "pinned": false,
        "retrieved_on": 1580367368,
        "score": 1,
        "selftext": "Have seen so many negative videos and comments on the internet within last few days. Hopefully, human spirit prevails.",
        "send_replies": true,
        "spoiler": false,
        "stickied": false,
        "subreddit": "Coronavirus",
        "subreddit_id": "t5_2x4yx",
        "subreddit_subscribers": 30342,
        "subreddit_type": "public",
        "suggested_sort": "top",
        "thumbnail": "self",
        "title": "Coronavirus is showing us how selfish and apathetic human race can be. Probably the most dangerous symptom of the virus.",
        "total_awards_received": 0,
        "url": "https://www.reddit.com/r/Coronavirus/comments/ew1doj/coronavirus_is_showing_us_how_selfish_and/"
    },
    {
        "all_awardings": [],
        "allow_live_comments": false,
        "author": "PhunkyMunky76",
        "author_flair_css_class": null,
        "author_flair_richtext": [],
        "author_flair_text": null,
        "author_flair_type": "text",
        "author_fullname": "t2_z73pex5",
        "author_patreon_flair": false,
        "author_premium": false,
        "awarders": [],
        "can_mod_post": false,
        "contest_mode": false,
        "created_utc": "2020-01-30 04:01:14",
        "domain": "self.Coronavirus",
        "full_link": "https://www.reddit.com/r/Coronavirus/comments/evzd4v/even_if_this_virus_doesnt_turn_out_like_spanish/",
        "gildings": {},
        "id": "evzd4v",
        "is_crosspostable": true,
        "is_meta": false,
        "is_original_content": false,
        "is_reddit_media_domain": false,
        "is_robot_indexable": true,
        "is_self": true,
        "is_video": false,
        "link_flair_background_color": "#0dd3bb",
        "link_flair_richtext": [],
        "link_flair_template_id": "9b144962-417c-11ea-92d6-0ebca4fbec87",
        "link_flair_text": "Discussion",
        "link_flair_text_color": "light",
        "link_flair_type": "text",
        "locked": false,
        "media_only": false,
        "no_follow": true,
        "num_comments": 20,
        "num_crossposts": 0,
        "over_18": false,
        "permalink": "/r/Coronavirus/comments/evzd4v/even_if_this_virus_doesnt_turn_out_like_spanish/",
        "pinned": false,
        "retrieved_on": 1580356876,
        "score": 1,
        "selftext": "Heed the warning and plan and prepare for emergencies. Things like this don\u2019t have to cause panic. Half of panic is not knowing what to do, not being ready, and apathy. Feeling helpless. I\u2019ll tell you a secret... you are absolutely not helpless! \n\nMother Nature is a harsh mistress. Bubonic Plague: 350-375 million dead in the 14th century alone. Mt. Vesuvius: 16k dead. 2004 Tsunami: 250k + dead. These are just extremes and relatively rare. Chances are that you\u2019ll never personally be victim of such an event, but we all know they happen. The vast majority of emergencies will be things that happen on a much smaller scale. Wildfires; floods; earthquakes; job loss. The good thing is, you can do something about this! \n\nI\u2019m not going to tell you what to get, or give you great websites to to peruse... I\u2019m merely going to encourage you to take what I say/type into serious consideration. You\u2019ll have to do the work on your own, and by doing so you will learn far more than I can convey here. Should you decide that preparing for emergencies is for you, I don\u2019t want you to go broke doing it. Just do what you can, when you can, and remember that something, no matter how small, is better than nothing. \n\nSo, what can you do? Well, let\u2019s look at quarantines, what you do with that bleeds over to many situations that are less dramatic. Buy some extra food. Nothing serious or different, just work on building an extra few weeks worth of what you normally eat. Nothing more needed. With an extra few weeks worth of food, you\u2019ll make it through any shorter term emergency that doesn\u2019t require you to evacuate. So, job loss, major snow storms, pandemic quarantine, whatever. \n\nBut what do you do when you need to evacuate? You need a bag you can grab and go with. A bag that\u2019s already packed. Some call it a \u201cbug out bag\u201d or a \u201cgo bag\u201d but there\u2019s a lot of stigma with using such terms. Just call it an evacuation bag. Sounds reasonable, right? In this bag you\u2019ll want some easily made food, maybe some energy bars, a way to carry water... you can Google it and learn all you need to about it. Remember that YOUR needs should be considered and anything you read about what someone else does is merely suggestion or guidance. Do what you need. Don\u2019t go crazy lol. \n\nLEARN YOUR SPACE! Know your surface streets, alternate routes, etc. Know where gas stations are, where you can buy food at, where the nearest rest area is at. Just knowing how to get around can save you a lot of anxiety and frustration should you have to evacuate. \n\nAnd finally, only worry about what affects you in your area. If you live in the Midwest of the United States, you don\u2019t have to worry about a tsunami. Tornados though... \n\nThe bottom line here is that instead of scouring the news and feeling panicked, you can do something. You can take some power from that; you aren\u2019t powerless. You\u2019re not helpless. If you are too broke to buy stuff, then plan. Planning costs you nothing, scouting evacuation routes costs you nothing. Getting to know your city costs you nothing. You can do something. And it doesn\u2019t mean you are some batshit crazy \u201cPrepper\u201d, it means you acknowledge the fact that shit happens and you are doing things to mitigate it. \n\nGood luck, whatever you do and thank you for reading this. :)",
        "send_replies": true,
        "spoiler": false,
        "stickied": false,
        "subreddit": "Coronavirus",
        "subreddit_id": "t5_2x4yx",
        "subreddit_subscribers": 29765,
        "subreddit_type": "public",
        "suggested_sort": "top",
        "thumbnail": "self",
        "title": "Even if this virus doesn\u2019t turn out like Spanish Flu, and I hope it doesn\u2019t, let this... warning from nature have its effect on you.",
        "total_awards_received": 0,
        "url": "https://www.reddit.com/r/Coronavirus/comments/evzd4v/even_if_this_virus_doesnt_turn_out_like_spanish/"
    },
    {
        "all_awardings": [],
        "allow_live_comments": false,
        "author": "Molding_Silicone",
        "author_flair_css_class": null,
        "author_flair_richtext": [],
        "author_flair_text": null,
        "author_flair_type": "text",
        "author_fullname": "t2_4yvemunl",
        "author_patreon_flair": false,
        "author_premium": false,
        "awarders": [],
        "can_mod_post": false,
        "contest_mode": false,
        "created_utc": "2020-01-30 21:49:53",
        "domain": "self.Coronavirus",
        "edited": 1580421301,
        "full_link": "https://www.reddit.com/r/Coronavirus/comments/ewczfu/i_feel_like_people_really_want_the_coronavirus_to/",
        "gildings": {},
        "id": "ewczfu",
        "is_crosspostable": true,
        "is_meta": false,
        "is_original_content": false,
        "is_reddit_media_domain": false,
        "is_robot_indexable": true,
        "is_self": true,
        "is_video": false,
        "link_flair_background_color": "#dadada",
        "link_flair_richtext": [],
        "link_flair_template_id": "7728479c-417c-11ea-9fbb-0ee06f072661",
        "link_flair_text": "General",
        "link_flair_text_color": "dark",
        "link_flair_type": "text",
        "locked": false,
        "media_only": false,
        "no_follow": true,
        "num_comments": 169,
        "num_crossposts": 0,
        "over_18": false,
        "permalink": "/r/Coronavirus/comments/ewczfu/i_feel_like_people_really_want_the_coronavirus_to/",
        "pinned": false,
        "retrieved_on": 1580422998,
        "score": 0,
        "selftext": "Generally speaking, I think people enjoy a global-scale event or large disaster because our lives are, for the most part, boring. A global pandemic means all of the little things that used to bother you suddenly don't matter anymore, and it brings a little excitement to your daily life.\n\nNothing is going to happen. It's going to fizzle out over the next few weeks, and all the fear mongers on this sub are going to be left standing there feeling bored and disappointed. The virus is not engineered by weapons manufacturers. \n\nYes, a city was quarantined. It's what they had to do to deal with it. If your car got a flat tire, would you pull over and fix it, or would you keep driving like nothing's wrong? It doesn't mean that a flat tire is going to make your whole car explode, or that some malicious force put the hole in your tire. It's just what you have to do in that situation. \n\nYes some people got out. It's becoming pretty apparent, however, that there will be no outbreaks in other countries. In countries that have the capacity to treat victims, there is basically no risk to human life.\n\nEveryone relax.\n\nIf coronavirus was going to be a thing, there would have been a larger scale outbreak in another country by now. Sorry to be the bearer of bad news.",
        "send_replies": true,
        "spoiler": false,
        "stickied": false,
        "subreddit": "Coronavirus",
        "subreddit_id": "t5_2x4yx",
        "subreddit_subscribers": 33494,
        "subreddit_type": "public",
        "suggested_sort": "top",
        "thumbnail": "self",
        "title": "I feel like people really want the coronavirus to be a thing, but it's not going to be a thing.",
        "total_awards_received": 0,
        "url": "https://www.reddit.com/r/Coronavirus/comments/ewczfu/i_feel_like_people_really_want_the_coronavirus_to/"
    },
    {
        "all_awardings": [],
        "allow_live_comments": false,
        "author": "UnfallenTDS",
        "author_flair_css_class": null,
        "author_flair_richtext": [],
        "author_flair_text": null,
        "author_flair_type": "text",
        "author_fullname": "t2_bzz6qcr",
        "author_patreon_flair": false,
        "author_premium": false,
        "awarders": [],
        "can_mod_post": false,
        "contest_mode": false,
        "created_utc": "2020-01-30 21:16:37",
        "domain": "self.Coronavirus",
        "full_link": "https://www.reddit.com/r/Coronavirus/comments/ewcggc/is_god_playing_plague_inc/",
        "gildings": {},
        "id": "ewcggc",
        "is_crosspostable": true,
        "is_meta": false,
        "is_original_content": false,
        "is_reddit_media_domain": false,
        "is_robot_indexable": true,
        "is_self": true,
        "is_video": false,
        "link_flair_background_color": "#dadada",
        "link_flair_richtext": [],
        "link_flair_template_id": "7728479c-417c-11ea-9fbb-0ee06f072661",
        "link_flair_text": "General",
        "link_flair_text_color": "dark",
        "link_flair_type": "text",
        "locked": false,
        "media_metadata": {
            "k99u4g4bfzd41": {
                "e": "Image",
                "id": "k99u4g4bfzd41",
                "m": "image/png",
                "p": [
                    {
                        "u": "https://external-preview.redd.it/k99u4g4bfzd41.png?width=108&amp;crop=smart&amp;auto=webp&amp;s=cfbbf068466d61e3bf4cdb2c3d2a0b098e3f2145",
                        "x": 108,
                        "y": 55
                    },
                    {
                        "u": "https://external-preview.redd.it/k99u4g4bfzd41.png?width=216&amp;crop=smart&amp;auto=webp&amp;s=45f9795797458c8faba6420eb64631041b5c72b1",
                        "x": 216,
                        "y": 111
                    },
                    {
                        "u": "https://external-preview.redd.it/k99u4g4bfzd41.png?width=320&amp;crop=smart&amp;auto=webp&amp;s=594ae33a8cb0b5d492ef7728b9852f7c1c435f5f",
                        "x": 320,
                        "y": 164
                    },
                    {
                        "u": "https://external-preview.redd.it/k99u4g4bfzd41.png?width=640&amp;crop=smart&amp;auto=webp&amp;s=80147f4a43422ae89b8e9d6223360f7c6318ee13",
                        "x": 640,
                        "y": 329
                    }
                ],
                "s": {
                    "u": "https://preview.redd.it/k99u4g4bfzd41.png?width=808&amp;format=png&amp;auto=webp&amp;s=fb92000971a1db66e52defcb30273416dd2611bb",
                    "x": 808,
                    "y": 416
                },
                "status": "valid"
            }
        },
        "media_only": false,
        "no_follow": true,
        "num_comments": 11,
        "num_crossposts": 0,
        "over_18": false,
        "permalink": "/r/Coronavirus/comments/ewcggc/is_god_playing_plague_inc/",
        "pinned": false,
        "retrieved_on": 1580420039,
        "score": 0,
        "selftext": "&amp;#x200B;\n\nWhy do I feel like God got bored and decided to play a game?  I also wonder how long this virus was in the human population before it was discovered.  It could already be too late! \n\n&amp;#x200B;\n\nhttps://preview.redd.it/k99u4g4bfzd41.png?width=808&amp;format=png&amp;auto=webp&amp;s=fb92000971a1db66e52defcb30273416dd2611bb",
        "send_replies": true,
        "spoiler": false,
        "stickied": false,
        "subreddit": "Coronavirus",
        "subreddit_id": "t5_2x4yx",
        "subreddit_subscribers": 33285,
        "subreddit_type": "public",
        "suggested_sort": "top",
        "thumbnail": "self",
        "thumbnail_height": 72,
        "thumbnail_width": 140,
        "title": "Is God playing Plague Inc",
        "total_awards_received": 0,
        "url": "https://www.reddit.com/r/Coronavirus/comments/ewcggc/is_god_playing_plague_inc/"
    },
    {
        "all_awardings": [],
        "allow_live_comments": false,
        "author": "teabit",
        "author_flair_css_class": null,
        "author_flair_richtext": [],
        "author_flair_text": null,
        "author_flair_type": "text",
        "author_fullname": "t2_1hjr15s",
        "author_patreon_flair": false,
        "author_premium": false,
        "awarders": [],
        "can_mod_post": false,
        "contest_mode": false,
        "created_utc": "2020-01-30 07:40:19",
        "domain": "self.Coronavirus",
        "full_link": "https://www.reddit.com/r/Coronavirus/comments/ew1ttc/asking_from_hubei_hows_things_going_in_us/",
        "gildings": {},
        "id": "ew1ttc",
        "is_crosspostable": true,
        "is_meta": false,
        "is_original_content": false,
        "is_reddit_media_domain": false,
        "is_robot_indexable": true,
        "is_self": true,
        "is_video": false,
        "link_flair_background_color": "#a06324",
        "link_flair_richtext": [],
        "link_flair_template_id": "afe1f674-427a-11ea-b916-0e5700d8117f",
        "link_flair_text": "Question",
        "link_flair_text_color": "dark",
        "link_flair_type": "text",
        "locked": false,
        "media_only": false,
        "no_follow": true,
        "num_comments": 51,
        "num_crossposts": 0,
        "over_18": false,
        "permalink": "/r/Coronavirus/comments/ew1ttc/asking_from_hubei_hows_things_going_in_us/",
        "pinned": false,
        "retrieved_on": 1580370021,
        "score": 1,
        "selftext": "Hey guys, I\u2019m a Chinese who works in US but stuck in Hubei for now due to traffic lockdown. I\u2019m healthy for now, but there are 11 confirmed infected patients living inside a hospital 1 KM away. My whole city has 100+ confirmed infection now. I\u2019m stuck at home and bored.\n\nSomehow I\u2019m able to login to reddit using my t-mobile SIM card, but I don\u2019t have access to most US news websites. I heard there are 5 confirmed infection around US, but I feel a lot of panic when reading posts in reddit. Is there a lot of news coverage? Do you guys get translated Chinese daily update announcements? Are you guys doing OK?",
        "send_replies": true,
        "spoiler": false,
        "stickied": false,
        "subreddit": "Coronavirus",
        "subreddit_id": "t5_2x4yx",
        "subreddit_subscribers": 30470,
        "subreddit_type": "public",
        "suggested_sort": "top",
        "thumbnail": "self",
        "title": "Asking from Hubei: how\u2019s things going in US?",
        "total_awards_received": 0,
        "url": "https://www.reddit.com/r/Coronavirus/comments/ew1ttc/asking_from_hubei_hows_things_going_in_us/"
    },
    {
        "all_awardings": [],
        "allow_live_comments": false,
        "author": "Prestonisevil",
        "author_flair_css_class": null,
        "author_flair_richtext": [],
        "author_flair_text": null,
        "author_flair_type": "text",
        "author_fullname": "t2_1u17mx5",
        "author_patreon_flair": false,
        "author_premium": true,
        "awarders": [],
        "can_mod_post": false,
        "contest_mode": false,
        "created_utc": "2020-01-28 18:17:30",
        "domain": "self.Coronavirus",
        "full_link": "https://www.reddit.com/r/Coronavirus/comments/ev96n0/im_bored_af_rn_and_am_wondering_if_a_full_face/",
        "gildings": {},
        "id": "ev96n0",
        "is_crosspostable": true,
        "is_meta": false,
        "is_original_content": false,
        "is_reddit_media_domain": false,
        "is_robot_indexable": true,
        "is_self": true,
        "is_video": false,
        "link_flair_background_color": "#46d160",
        "link_flair_richtext": [],
        "link_flair_template_id": "eb219716-417c-11ea-b8a5-0e5c49d43cad",
        "link_flair_text": "Containment measures",
        "link_flair_text_color": "light",
        "link_flair_type": "text",
        "locked": false,
        "media_only": false,
        "no_follow": true,
        "num_comments": 25,
        "num_crossposts": 0,
        "over_18": false,
        "permalink": "/r/Coronavirus/comments/ev96n0/im_bored_af_rn_and_am_wondering_if_a_full_face/",
        "pinned": false,
        "retrieved_on": 1580237401,
        "score": 1,
        "selftext": "I live in Canada so not really worried just bored and curious lol",
        "send_replies": true,
        "spoiler": false,
        "stickied": false,
        "subreddit": "Coronavirus",
        "subreddit_id": "t5_2x4yx",
        "subreddit_subscribers": 23349,
        "subreddit_type": "public",
        "suggested_sort": "top",
        "thumbnail": "self",
        "title": "I'm bored af rn and am wondering if a full face gas mask would protect against the virus no? It seems like it would be overkill but I'm not sure...",
        "total_awards_received": 0,
        "url": "https://www.reddit.com/r/Coronavirus/comments/ev96n0/im_bored_af_rn_and_am_wondering_if_a_full_face/"
    },
    {
        "all_awardings": [],
        "allow_live_comments": false,
        "author": "janyawall",
        "author_flair_css_class": null,
        "author_flair_richtext": [],
        "author_flair_text": null,
        "author_flair_type": "text",
        "author_fullname": "t2_5j394jzz",
        "author_patreon_flair": false,
        "author_premium": false,
        "awarders": [],
        "can_mod_post": false,
        "contest_mode": false,
        "created_utc": "2020-01-28 06:50:23",
        "domain": "self.Coronavirus",
        "full_link": "https://www.reddit.com/r/Coronavirus/comments/ev1zzh/american_currently_living_in_hangzhou_china/",
        "gildings": {},
        "id": "ev1zzh",
        "is_crosspostable": true,
        "is_meta": false,
        "is_original_content": false,
        "is_reddit_media_domain": false,
        "is_robot_indexable": true,
        "is_self": true,
        "is_video": false,
        "link_flair_background_color": "",
        "link_flair_richtext": [],
        "link_flair_text_color": "dark",
        "link_flair_type": "text",
        "locked": false,
        "media_only": false,
        "no_follow": true,
        "num_comments": 25,
        "num_crossposts": 0,
        "over_18": false,
        "permalink": "/r/Coronavirus/comments/ev1zzh/american_currently_living_in_hangzhou_china/",
        "pinned": false,
        "retrieved_on": 1580194224,
        "score": 1,
        "selftext": "I just want to give some insight on whats going on here and what those around me think based on whats been told to me. I live a 10 hour drive from Wuhan, but people are being affected everywhere in China except for one province, if I'm not mistaken.  I am currently living in China as an Au Pair. For the CNY, my host family wanted to spend the 2 weeks celebrating at their villa which is about an hour outside of the city. I had heard about the coronavirus once before we left but I hadn't thought much of it. No one really did until a few days ago. My host mom came to me and told me that we would be staying at the villa for awhile longer until things get better because it is safer here. Their villa is inside of a gated community and the property management announced yesterday that no one is allowed inside and that if we need something they will have it safely delivered. I thought that was strange since i'm sure that if an infected person were to touch our goods then it's kind of useless to do that, right ?  I don't know how many of you have seen the video of the nurse from Wuhan admitting that the real number of those infected is 90k or more, but for those of you that haven't, you should watch it. I showed this video to my host mom and she said that many Chinese people had already seen it. She didn't say whether she believed the claim or not, but her face said it all. I absolutely believe it. If this virus is as contagious as they're saying it is then I think there is no way the number of people infected in China has only reached 3,000 since the start of all of this back in December. Everyone is taking this very seriously here. The children that I teach English to, their school has been closed until February 17th and if this gets worse, i'm sure they'll be closed much longer. None of us have left the villa for about a week now. If anyone is interested in any updates, I'd be glad to come on here and share. Since I'm stuck inside for a little while, I am bored and don't have much to when the kids are doing their own thing..",
        "send_replies": true,
        "spoiler": false,
        "stickied": false,
        "subreddit": "Coronavirus",
        "subreddit_id": "t5_2x4yx",
        "subreddit_subscribers": 20438,
        "subreddit_type": "public",
        "suggested_sort": "top",
        "thumbnail": "self",
        "title": "american currently living in hangzhou, china during the coronavirus outbreak.",
        "total_awards_received": 0,
        "url": "https://www.reddit.com/r/Coronavirus/comments/ev1zzh/american_currently_living_in_hangzhou_china/"
    },
    {
        "all_awardings": [],
        "allow_live_comments": false,
        "author": "Solonduin",
        "author_flair_css_class": null,
        "author_flair_richtext": [],
        "author_flair_text": null,
        "author_flair_type": "text",
        "author_fullname": "t2_tlha0xi",
        "author_patreon_flair": false,
        "author_premium": false,
        "awarders": [],
        "can_mod_post": false,
        "contest_mode": false,
        "created_utc": "2020-01-26 22:57:36",
        "domain": "i.redd.it",
        "full_link": "https://www.reddit.com/r/Coronavirus/comments/euel7m/i_was_bored_so_i_called_my_coronavirus/",
        "gildings": {},
        "id": "euel7m",
        "is_crosspostable": true,
        "is_meta": false,
        "is_original_content": false,
        "is_reddit_media_domain": true,
        "is_robot_indexable": true,
        "is_self": false,
        "is_video": false,
        "link_flair_background_color": "",
        "link_flair_richtext": [],
        "link_flair_text_color": "dark",
        "link_flair_type": "text",
        "locked": false,
        "media_only": false,
        "no_follow": true,
        "num_comments": 0,
        "num_crossposts": 0,
        "over_18": false,
        "permalink": "/r/Coronavirus/comments/euel7m/i_was_bored_so_i_called_my_coronavirus/",
        "pinned": false,
        "post_hint": "image",
        "preview": {
            "enabled": true,
            "images": [
                {
                    "id": "PnkDdYweBl9idookCakSZQsLRDV-txl7SW__gMKAqnk",
                    "resolutions": [
                        {
                            "height": 84,
                            "url": "https://preview.redd.it/zwbpzr5xd7d41.png?width=108&amp;crop=smart&amp;auto=webp&amp;s=09e1304080766bd6d4cbdbb47a3d2a2ffa525d31",
                            "width": 108
                        },
                        {
                            "height": 168,
                            "url": "https://preview.redd.it/zwbpzr5xd7d41.png?width=216&amp;crop=smart&amp;auto=webp&amp;s=40be92e2d56b151a97d08701c6c460124c7f4ec0",
                            "width": 216
                        },
                        {
                            "height": 250,
                            "url": "https://preview.redd.it/zwbpzr5xd7d41.png?width=320&amp;crop=smart&amp;auto=webp&amp;s=8b56a88620ed85e61717407c417ffb801ef95c82",
                            "width": 320
                        },
                        {
                            "height": 500,
                            "url": "https://preview.redd.it/zwbpzr5xd7d41.png?width=640&amp;crop=smart&amp;auto=webp&amp;s=0fb682612b24c4099291580e122d509ee1671012",
                            "width": 640
                        }
                    ],
                    "source": {
                        "height": 702,
                        "url": "https://preview.redd.it/zwbpzr5xd7d41.png?auto=webp&amp;s=d0d7aa24636fd4997bdc3c8b5c6e8eab4980cd65",
                        "width": 898
                    },
                    "variants": {}
                }
            ]
        },
        "retrieved_on": 1580079458,
        "score": 1,
        "selftext": "",
        "send_replies": true,
        "spoiler": false,
        "stickied": false,
        "subreddit": "Coronavirus",
        "subreddit_id": "t5_2x4yx",
        "subreddit_subscribers": 11223,
        "subreddit_type": "public",
        "thumbnail": "image",
        "thumbnail_height": 109,
        "thumbnail_width": 140,
        "title": "I was bored so I called my Coronavirus",
        "total_awards_received": 0,
        "url": "https://i.redd.it/zwbpzr5xd7d41.png"
    },
    {
        "all_awardings": [],
        "allow_live_comments": false,
        "author": "Molding_Silicone",
        "author_flair_css_class": null,
        "author_flair_richtext": [],
        "author_flair_text": null,
        "author_flair_type": "text",
        "author_fullname": "t2_4yvemunl",
        "author_patreon_flair": false,
        "author_premium": false,
        "awarders": [],
        "can_mod_post": false,
        "contest_mode": false,
        "created_utc": "2020-01-30 21:49:53",
        "domain": "self.Coronavirus",
        "edited": 1580421301,
        "full_link": "https://www.reddit.com/r/Coronavirus/comments/ewczfu/i_feel_like_people_really_want_the_coronavirus_to/",
        "gildings": {},
        "id": "ewczfu",
        "is_crosspostable": true,
        "is_meta": false,
        "is_original_content": false,
        "is_reddit_media_domain": false,
        "is_robot_indexable": true,
        "is_self": true,
        "is_video": false,
        "link_flair_background_color": "#dadada",
        "link_flair_richtext": [],
        "link_flair_template_id": "7728479c-417c-11ea-9fbb-0ee06f072661",
        "link_flair_text": "General",
        "link_flair_text_color": "dark",
        "link_flair_type": "text",
        "locked": false,
        "media_only": false,
        "no_follow": true,
        "num_comments": 169,
        "num_crossposts": 0,
        "over_18": false,
        "permalink": "/r/Coronavirus/comments/ewczfu/i_feel_like_people_really_want_the_coronavirus_to/",
        "pinned": false,
        "retrieved_on": 1580422998,
        "score": 0,
        "selftext": "Generally speaking, I think people enjoy a global-scale event or large disaster because our lives are, for the most part, boring. A global pandemic means all of the little things that used to bother you suddenly don't matter anymore, and it brings a little excitement to your daily life.\n\nNothing is going to happen. It's going to fizzle out over the next few weeks, and all the fear mongers on this sub are going to be left standing there feeling bored and disappointed. The virus is not engineered by weapons manufacturers. \n\nYes, a city was quarantined. It's what they had to do to deal with it. If your car got a flat tire, would you pull over and fix it, or would you keep driving like nothing's wrong? It doesn't mean that a flat tire is going to make your whole car explode, or that some malicious force put the hole in your tire. It's just what you have to do in that situation. \n\nYes some people got out. It's becoming pretty apparent, however, that there will be no outbreaks in other countries. In countries that have the capacity to treat victims, there is basically no risk to human life.\n\nEveryone relax.\n\nIf coronavirus was going to be a thing, there would have been a larger scale outbreak in another country by now. Sorry to be the bearer of bad news.",
        "send_replies": true,
        "spoiler": false,
        "stickied": false,
        "subreddit": "Coronavirus",
        "subreddit_id": "t5_2x4yx",
        "subreddit_subscribers": 33494,
        "subreddit_type": "public",
        "suggested_sort": "top",
        "thumbnail": "self",
        "title": "I feel like people really want the coronavirus to be a thing, but it's not going to be a thing.",
        "total_awards_received": 0,
        "url": "https://www.reddit.com/r/Coronavirus/comments/ewczfu/i_feel_like_people_really_want_the_coronavirus_to/"
    },
    {
        "all_awardings": [],
        "allow_live_comments": false,
        "author": "JustanormalPerson__",
        "author_flair_css_class": null,
        "author_flair_richtext": [],
        "author_flair_text": null,
        "author_flair_type": "text",
        "author_fullname": "t2_36wz6wur",
        "author_patreon_flair": false,
        "author_premium": false,
        "awarders": [],
        "can_mod_post": false,
        "contest_mode": false,
        "created_utc": "2020-01-28 02:35:56",
        "domain": "self.Coronavirus",
        "full_link": "https://www.reddit.com/r/Coronavirus/comments/euz577/in_an_alternate_reality/",
        "gildings": {},
        "id": "euz577",
        "is_crosspostable": true,
        "is_meta": false,
        "is_original_content": false,
        "is_reddit_media_domain": false,
        "is_robot_indexable": true,
        "is_self": true,
        "is_video": false,
        "link_flair_background_color": "",
        "link_flair_richtext": [],
        "link_flair_text_color": "dark",
        "link_flair_type": "text",
        "locked": false,
        "media_only": false,
        "no_follow": true,
        "num_comments": 0,
        "num_crossposts": 0,
        "over_18": false,
        "permalink": "/r/Coronavirus/comments/euz577/in_an_alternate_reality/",
        "pinned": false,
        "retrieved_on": 1580178957,
        "score": 1,
        "selftext": "Its December 30th 2019 5:10 Pm, You decide to go on your dads computer who got a job at nasa a month earlier, You see he had plague inc installed, You Fire up plague inc, You name your virus coronavirus after your biology class talked about sar s and The common cold, You model your virus 90% off of sars and let the rest mutate, You fall asleep at how boring this game is, Your friend asks you if you want to go to wuhan china too meet his dad, You accept, You notice a feast going on (Its January 1st) You eating something from there, Your stomach feels a bit weird, You think nothing of it, You develop phenomena like symptoms, You go to the hospital, The doctor dismisses you for the common cold, You go back to your town in the united states and you died",
        "send_replies": true,
        "spoiler": false,
        "stickied": false,
        "subreddit": "Coronavirus",
        "subreddit_id": "t5_2x4yx",
        "subreddit_subscribers": 18981,
        "subreddit_type": "public",
        "suggested_sort": "top",
        "thumbnail": "self",
        "title": "In an alternate reality...",
        "total_awards_received": 0,
        "url": "https://www.reddit.com/r/Coronavirus/comments/euz577/in_an_alternate_reality/"
    },
    {
        "all_awardings": [],
        "allow_live_comments": false,
        "author": "RishabHtheHuman",
        "author_flair_css_class": null,
        "author_flair_richtext": [],
        "author_flair_text": null,
        "author_flair_type": "text",
        "author_fullname": "t2_4z3l91vy",
        "author_patreon_flair": false,
        "author_premium": false,
        "awarders": [],
        "can_mod_post": false,
        "contest_mode": false,
        "created_utc": "2020-01-28 13:39:15",
        "domain": "self.Coronavirus",
        "full_link": "https://www.reddit.com/r/Coronavirus/comments/ev5q15/what_i_understand_from_india/",
        "gildings": {},
        "id": "ev5q15",
        "is_crosspostable": true,
        "is_meta": false,
        "is_original_content": false,
        "is_reddit_media_domain": false,
        "is_robot_indexable": true,
        "is_self": true,
        "is_video": false,
        "link_flair_background_color": "#0dd3bb",
        "link_flair_richtext": [],
        "link_flair_template_id": "9b144962-417c-11ea-92d6-0ebca4fbec87",
        "link_flair_text": "Discussion",
        "link_flair_text_color": "light",
        "link_flair_type": "text",
        "locked": false,
        "media_only": false,
        "no_follow": true,
        "num_comments": 21,
        "num_crossposts": 0,
        "over_18": false,
        "permalink": "/r/Coronavirus/comments/ev5q15/what_i_understand_from_india/",
        "pinned": false,
        "retrieved_on": 1580218756,
        "score": 1,
        "selftext": "The Novel coronavirus(2019 -nCoV) originated from Wuhang, China has been spreading exponentially. \n\nThe Government of India decided to screen people entering India, about 2,000 per day, from China, in a population of 1.5+ billion people in closely packed areas, and\"catch-up\" With them. \n\nThese numbers run 24\u00d77 .  No data of the number of employees, their timings, how many calls they take everyday etc etc. No data. \n\nI call them to question them about this pain-in-the-ass virus. The employee tells me to talk to a doctor. I asked simple questions to a doctor, he replies with his disinterested in doing his JOB, and tells me to contact him later. \n\nThe questions are a few easy ones. \n\nIf the Government of India allowed 20,000 people after screening them, mostly involving temperature and symptoms check, who are infected with a virus which has an incubation period of 2-14 days, doesn't show symptoms until then and can spread through human contact,would there not be potential virus infected people, spreading it, roaming around within the country? \n\nWhat precautions and last measures are the government taking to ensure safety if an outbreak happens? \n\n\nCalled them again. \nNo preparations made in case of an outbreak. \n\n\nThere is a 50% chance the virus can transmit during the incubation period. \n\n29,000+ people entered India from China, with a higher probability than normal, of the virus. \n\nThe probability of a person not calling, or calling the government late, after the symptoms arise must also be taken. \n\n\n                    P(DISEASE IN INDIA)= ((P(PERSON FROM CHINA WITH VIRUS) \n\n*\n\nP(PROBABILITY OF DISEASE SPREADING AFTER SYMPTOMS ARISE, BEFORE INFORMING AUTHORITIES) ))      /2\n\n\nThe above is just my try at math. \n\nRishabh",
        "send_replies": true,
        "spoiler": false,
        "stickied": false,
        "subreddit": "Coronavirus",
        "subreddit_id": "t5_2x4yx",
        "subreddit_subscribers": 22291,
        "subreddit_type": "public",
        "suggested_sort": "top",
        "thumbnail": "self",
        "title": "What I understand from India.",
        "total_awards_received": 0,
        "url": "https://www.reddit.com/r/Coronavirus/comments/ev5q15/what_i_understand_from_india/"
    }
]