[
    {
        "all_awardings": [],
        "allow_live_comments": false,
        "author": "rawrnonymous",
        "author_flair_css_class": null,
        "author_flair_richtext": [],
        "author_flair_text": null,
        "author_flair_type": "text",
        "author_fullname": "t2_5dxze9rh",
        "author_patreon_flair": false,
        "author_premium": false,
        "awarders": [],
        "can_mod_post": false,
        "contest_mode": false,
        "created_utc": "2020-01-29 16:12:35",
        "domain": "self.Coronavirus",
        "full_link": "https://www.reddit.com/r/Coronavirus/comments/evox8k/mispronunciation_of_coronavirus/",
        "gildings": {},
        "id": "evox8k",
        "is_crosspostable": true,
        "is_meta": false,
        "is_original_content": false,
        "is_reddit_media_domain": false,
        "is_robot_indexable": true,
        "is_self": true,
        "is_video": false,
        "link_flair_background_color": "#a06324",
        "link_flair_richtext": [],
        "link_flair_template_id": "afe1f674-427a-11ea-b916-0e5700d8117f",
        "link_flair_text": "Question",
        "link_flair_text_color": "dark",
        "link_flair_type": "text",
        "locked": false,
        "media_only": false,
        "no_follow": true,
        "num_comments": 13,
        "num_crossposts": 0,
        "over_18": false,
        "permalink": "/r/Coronavirus/comments/evox8k/mispronunciation_of_coronavirus/",
        "pinned": false,
        "retrieved_on": 1580314356,
        "score": 1,
        "selftext": "Does anyone else think it would sound more apt if it was pronounced Coronavirus as in coronary/coroner instead of pronouncing it like the alcoholic beverage Corona?",
        "send_replies": true,
        "spoiler": false,
        "stickied": false,
        "subreddit": "Coronavirus",
        "subreddit_id": "t5_2x4yx",
        "subreddit_subscribers": 27403,
        "subreddit_type": "public",
        "suggested_sort": "top",
        "thumbnail": "self",
        "title": "Mispronunciation of Coronavirus",
        "total_awards_received": 0,
        "url": "https://www.reddit.com/r/Coronavirus/comments/evox8k/mispronunciation_of_coronavirus/"
    },
    {
        "all_awardings": [],
        "allow_live_comments": false,
        "author": "CLO_Junkie",
        "author_flair_css_class": null,
        "author_flair_richtext": [],
        "author_flair_text": null,
        "author_flair_type": "text",
        "author_fullname": "t2_46kxb4d4",
        "author_patreon_flair": false,
        "author_premium": true,
        "awarders": [],
        "can_mod_post": false,
        "contest_mode": false,
        "created_utc": "2020-01-29 15:48:56",
        "domain": "self.Coronavirus",
        "full_link": "https://www.reddit.com/r/Coronavirus/comments/evolnz/preparedness_sticky/",
        "gildings": {},
        "id": "evolnz",
        "is_crosspostable": true,
        "is_meta": false,
        "is_original_content": false,
        "is_reddit_media_domain": false,
        "is_robot_indexable": true,
        "is_self": true,
        "is_video": false,
        "link_flair_background_color": "",
        "link_flair_richtext": [],
        "link_flair_text_color": "dark",
        "link_flair_type": "text",
        "locked": false,
        "media_only": false,
        "no_follow": true,
        "num_comments": 835,
        "num_crossposts": 0,
        "over_18": false,
        "permalink": "/r/Coronavirus/comments/evolnz/preparedness_sticky/",
        "pinned": false,
        "retrieved_on": 1580312938,
        "score": 1,
        "selftext": "\\*\\*Masks\\*\\*\n\n&amp;#x200B;\n\nFace masks may provide some protection at a population level, but results are inconclusive. Vaccinations and hand hygiene are proven methods of reducing respiratory virus numbers.\n\n&amp;#x200B;\n\nThe First Randomized, Controlled Clinical Trial of Mask Use in Households to Prevent Respiratory Virus Transmission\n\n[https://www.ijidonline.com/article/S1201-9712%2808%2901008-4/fulltext](https://www.ijidonline.com/article/S1201-9712%2808%2901008-4/fulltext)\n\n&amp;#x200B;\n\nThis RCT study shows that appropriate and consistent mask use is at least plausible in reducing influenza transmission.\n\n&amp;#x200B;\n\nFacemasks and Hand Hygiene to Prevent Influenza Transmission in Households: A Cluster Randomized Trial\n\n[https://annals.org/aim/fullarticle/744899/facemasks-hand-hygiene-prevent-influenza-transmission-households-cluster-randomized-trial](https://annals.org/aim/fullarticle/744899/facemasks-hand-hygiene-prevent-influenza-transmission-households-cluster-randomized-trial)\n\n&amp;#x200B;\n\nA random cluster trial but includes hand hygiene which is shown to be effective.\n\n&amp;#x200B;\n\nFacemasks, Hand Hygiene, and Influenza among Young Adults: A Randomized Intervention Trial\n\n[https://journals.plos.org/plosone/article?id=10.1371/journal.pone.0029744](https://journals.plos.org/plosone/article?id=10.1371/journal.pone.0029744)\n\n&amp;#x200B;\n\nThis intervention study compared masks+hand hygiene, masks only, and a control. Masks only were inconclusive.\n\n&amp;#x200B;\n\nModeling the Effectiveness of Respiratory Protective Devices in Reducing Influenza Outbreak\n\n[https://onlinelibrary.wiley.com/doi/full/10.1111/risa.13181](https://onlinelibrary.wiley.com/doi/full/10.1111/risa.13181)\n\n&amp;#x200B;\n\nThis is a risk model showing that if there was 80% compliance with face masks that an outbreak could be eliminated.\n\n&amp;#x200B;\n\nBest for last:\n\nEffectiveness of personal protective measures in reducing pandemic influenza transmission: A systematic review and meta-analysis\n\n[https://www.sciencedirect.com/science/article/pii/S1755436516300858?via%3Dihub](https://www.sciencedirect.com/science/article/pii/S1755436516300858?via%3Dihub)\n\nHere's a meta-analysis concluding that face masks only are not significantly protective.\n\n&amp;#x200B;\n\n\\*\\*General Preparedness\\*\\*\n\n&amp;#x200B;\n\nEmergency Plans:\n\nMore than a collection of names, phone numbers, and street addresses, an Emergency Action Plan  is an instruction manual for how to stay healthy, stay informed, and stay in contact in an emergency. Because an Emergency Action Plan affects everyone in your household, the whole household should be involved in making and practicing the plan.\n\n[https://www.cdc.gov/cpr/prepareyourhealth/PlanAhead.htm](https://www.cdc.gov/cpr/prepareyourhealth/PlanAhead.htm)\n\n&amp;#x200B;\n\nGet Your Household Ready for Pandemic Flu (another respiratory virus):\n\nCDC has developed recommended actions for preventing the spread of flu in household settings. Practice everyday preventive actions at all times. Plan for additional community non-pharmaceutical intervention actions that may be recommended by public health officials, if a flu pandemic occurs. The Before, During, and After sections of this guide offer suggested strategies to help you plan for and implement these recommendations.\n\n[https://www.cdc.gov/nonpharmaceutical-interventions/pdf/gr-pan-flu-ind-house.pdf](https://www.cdc.gov/nonpharmaceutical-interventions/pdf/gr-pan-flu-ind-house.pdf)\n\n&amp;#x200B;\n\nFood\n\nFollowing a disaster, there may be power outages that could last for several days. Stock canned foods, dry mixes and other staples that do not require refrigeration, cooking, water or special preparation. Be sure to include a manual can opener and eating utensils.\n\n[https://www.ready.gov/food](https://www.ready.gov/food)\n\n&amp;#x200B;\n\nPersonal Needs\n\nPersonal needs include provisions, supplies, and equipment necessary to protect the health and safety of your family in an emergency.\n\n[https://www.cdc.gov/cpr/prepareyourhealth/PersonalNeeds.htm](https://www.cdc.gov/cpr/prepareyourhealth/PersonalNeeds.htm)\n\n&amp;#x200B;\n\nPrescriptions\n\nMany people depend on daily  medications. Nearly half of Americans take at least one prescription drug, and one in four Americans take three or more medications. A pandemic or large-scale natural disaster, such as a hurricane, could make it difficult to get prescription and over-the-counter medicines so you and your family may need to rely on a prepared emergency supply.\n\n[https://www.cdc.gov/cpr/prepareyourhealth/Prescriptions.htm](https://www.cdc.gov/cpr/prepareyourhealth/Prescriptions.htm)\n\n&amp;#x200B;\n\nEmergency Kit Checklist for Kids and Families\n\nAn emergency kit has all of the things that you and your family may need during an emergency in which you may have to stay inside for longer than usual or the electricity could go out. Making a family emergency kit can be fun for the family to do together.\n\n[https://www.cdc.gov/childrenindisasters/checklists/kids-and-families.html](https://www.cdc.gov/childrenindisasters/checklists/kids-and-families.html)",
        "send_replies": true,
        "spoiler": false,
        "stickied": false,
        "subreddit": "Coronavirus",
        "subreddit_id": "t5_2x4yx",
        "subreddit_subscribers": 27326,
        "subreddit_type": "public",
        "suggested_sort": "top",
        "thumbnail": "self",
        "title": "Preparedness sticky",
        "total_awards_received": 0,
        "url": "https://www.reddit.com/r/Coronavirus/comments/evolnz/preparedness_sticky/"
    },
    {
        "all_awardings": [],
        "allow_live_comments": false,
        "author": "TheSaviorKing",
        "author_flair_css_class": null,
        "author_flair_richtext": [],
        "author_flair_text": null,
        "author_flair_type": "text",
        "author_fullname": "t2_5joqu3ps",
        "author_patreon_flair": false,
        "author_premium": false,
        "awarders": [],
        "can_mod_post": false,
        "contest_mode": false,
        "created_utc": "2020-01-28 11:20:35",
        "domain": "self.Coronavirus",
        "full_link": "https://www.reddit.com/r/Coronavirus/comments/ev4ber/i_can_easily_solve_any_type_of_virus_problems_in/",
        "gildings": {},
        "id": "ev4ber",
        "is_crosspostable": true,
        "is_meta": false,
        "is_original_content": false,
        "is_reddit_media_domain": false,
        "is_robot_indexable": true,
        "is_self": true,
        "is_video": false,
        "link_flair_background_color": "#dadada",
        "link_flair_richtext": [],
        "link_flair_template_id": "7728479c-417c-11ea-9fbb-0ee06f072661",
        "link_flair_text": "General",
        "link_flair_text_color": "dark",
        "link_flair_type": "text",
        "locked": false,
        "media_only": false,
        "no_follow": true,
        "num_comments": 7,
        "num_crossposts": 0,
        "over_18": false,
        "permalink": "/r/Coronavirus/comments/ev4ber/i_can_easily_solve_any_type_of_virus_problems_in/",
        "pinned": false,
        "post_hint": "self",
        "preview": {
            "enabled": false,
            "images": [
                {
                    "id": "LQT4xOojYVSaouySKcXZEWKre2dvoFDJob1pliDdKK0",
                    "resolutions": [
                        {
                            "height": 108,
                            "url": "https://external-preview.redd.it/SRI0mXwk_X3cHWs6XlHjTbaETQZ2xhyt9h_geRRZ6-Q.jpg?width=108&amp;crop=smart&amp;auto=webp&amp;s=c09fa1a6daa64b76981d6bd34709f4f63019f33f",
                            "width": 108
                        }
                    ],
                    "source": {
                        "height": 200,
                        "url": "https://external-preview.redd.it/SRI0mXwk_X3cHWs6XlHjTbaETQZ2xhyt9h_geRRZ6-Q.jpg?auto=webp&amp;s=a40db3634375125d8b00a11c4c676e4351ee595b",
                        "width": 200
                    },
                    "variants": {}
                }
            ]
        },
        "retrieved_on": 1580210436,
        "score": 1,
        "selftext": "**I Can Easily Solve Any Type Of Virus Problems In Human Body**\n\nFinally something worthy to talk about. Only the real savior can  solve this problem, but I am not going to help for free, it must come  with something in return.\n\nThe corona virus or fruit bat virus or whatever type of virus  happening in Wuhan, China is way too difficult for many beings able to  handle it. But to me, it just too easy, why? Because I have mastered  everything in this Earth game and the Universe.\n\n**There are only 2 type of virus in human body:**\n\n\u2013 One is the stupid virus can be treated with drug.\n\n\u2013 Two is the smart virus cannot be treated with drug, but must with a special method.  \nThis  type of virus can be called as the divine virus, even beings with super  abilities still can easily be dead if they do not know the way.\n\nBase on the media &amp; news, the Wuhan China virus is the second  type. So you better forget about using vaccine, drugs or what ever  method to destroy it, because that smart virus can easily hidding inside  the human body even after any artificial drug go in.\n\nI do not agree with what Chinese Administrator &amp; Government handle the problems.\n\nFirst, they do not know how to deal with the virus at mass quantity,  so why let people come in the hospitals and allow them do the test.\n\nIf the person do not have that virus, then it is fine.\n\nIf the person have that virus, then how they can help them while they do not know the 100% working treatment.\n\nAt the end of day, it is only increase the problems.\n\nThe best temporary solution is stop do the test positive/negative  virus at the hospital, and tell citizens stay at home. And give out the  guideline for everybody through paper, television, radio, internet.  \n\n\nThe doctor &amp; facilities are limited, while the patients/people is at least 100 times bigger.\n\nThis is not a battle you can deal with quantity, this battle you must deal with knowledge &amp; wisdom.\n\nIf the situation is really desperate and cannot be solved, why don\u2019t  you push bounty reward for whoever able to solve the problems? It is  better to use the brain of billions people than rely on on few  politicians and \u201chealth expert\u201d.\n\nI have said I can easily solve this epic virus problems, but it must come with something in return.\n\nI will give the people special guideline &amp; method to deal with all kind of virus not just this Wuhan virus alone.  \n\n\nFor the mechanism &amp; purpose of virus are all the same, you must  able to understand the natural language, understand the creator God of  virus &amp; planet Earth if they want to solve this problem. This  ancient virus is above the level of normal humans &amp; most any beings  with super abilities.\n\nThis fiction ancient virus only appear in novel but now hell yes appear on 3D normal Earth as well.\n\nIf any secret societies, governments, group want to solve this  problem permanently, then find me at freejoy.aimoo.com or  theworld.data.blog. I am only available from now to before February 20th 2020.\n\nBut remember there is no such thing as free lunch, I cannot giving  out knowledge for free for it go against divine law &amp; orders. But no  working no charging !!!\n\nBest Regard,\n\n**The Savior Messiah Mahdi Maitreya Whatever-Name**\n\nSource: [https://theworld.data.blog/](https://theworld.data.blog/)",
        "send_replies": false,
        "spoiler": false,
        "stickied": false,
        "subreddit": "Coronavirus",
        "subreddit_id": "t5_2x4yx",
        "subreddit_subscribers": 21597,
        "subreddit_type": "public",
        "suggested_sort": "top",
        "thumbnail": "self",
        "title": "I Can Easily Solve Any Type Of Virus Problems In Human Body Including Wuhan Virus",
        "total_awards_received": 0,
        "url": "https://www.reddit.com/r/Coronavirus/comments/ev4ber/i_can_easily_solve_any_type_of_virus_problems_in/"
    }
]