[
    {
        "all_awardings": [],
        "allow_live_comments": false,
        "author": "Heraklines",
        "author_flair_css_class": null,
        "author_flair_richtext": [],
        "author_flair_text": null,
        "author_flair_type": "text",
        "author_fullname": "t2_kjg7o",
        "author_patreon_flair": false,
        "author_premium": false,
        "awarders": [],
        "can_mod_post": false,
        "contest_mode": false,
        "created_utc": "2020-01-29 13:21:31",
        "domain": "self.Coronavirus",
        "full_link": "https://www.reddit.com/r/Coronavirus/comments/evmslv/on_the_bright_side_we_dont_need_the_trade_war/",
        "gildings": {},
        "id": "evmslv",
        "is_crosspostable": true,
        "is_meta": false,
        "is_original_content": false,
        "is_reddit_media_domain": false,
        "is_robot_indexable": true,
        "is_self": true,
        "is_video": false,
        "link_flair_background_color": "#0dd3bb",
        "link_flair_richtext": [],
        "link_flair_template_id": "9b144962-417c-11ea-92d6-0ebca4fbec87",
        "link_flair_text": "Discussion",
        "link_flair_text_color": "light",
        "link_flair_type": "text",
        "locked": false,
        "media_only": false,
        "no_follow": true,
        "num_comments": 23,
        "num_crossposts": 0,
        "over_18": false,
        "permalink": "/r/Coronavirus/comments/evmslv/on_the_bright_side_we_dont_need_the_trade_war/",
        "pinned": false,
        "retrieved_on": 1580304092,
        "score": 1,
        "selftext": "China has commited economic suicide for a \\*simple flu\\*.",
        "send_replies": true,
        "spoiler": false,
        "stickied": false,
        "subreddit": "Coronavirus",
        "subreddit_id": "t5_2x4yx",
        "subreddit_subscribers": 26900,
        "subreddit_type": "public",
        "suggested_sort": "top",
        "thumbnail": "self",
        "title": "On the bright side, we don't need the trade war anymore...",
        "total_awards_received": 0,
        "url": "https://www.reddit.com/r/Coronavirus/comments/evmslv/on_the_bright_side_we_dont_need_the_trade_war/"
    },
    {
        "all_awardings": [],
        "allow_live_comments": false,
        "author": "Frosty-Frolics",
        "author_flair_css_class": null,
        "author_flair_richtext": [],
        "author_flair_text": null,
        "author_flair_type": "text",
        "author_fullname": "t2_5hk9a3ca",
        "author_patreon_flair": false,
        "author_premium": false,
        "awarders": [],
        "can_mod_post": false,
        "contest_mode": false,
        "created_utc": "2020-01-31 17:11:54",
        "domain": "self.Coronavirus",
        "full_link": "https://www.reddit.com/r/Coronavirus/comments/ewri96/coronavirus_my_brother_is_flying_to_taipei_and_he/",
        "gildings": {},
        "id": "ewri96",
        "is_crosspostable": true,
        "is_meta": false,
        "is_original_content": false,
        "is_reddit_media_domain": false,
        "is_robot_indexable": true,
        "is_self": true,
        "is_video": false,
        "link_flair_background_color": "#a06324",
        "link_flair_richtext": [],
        "link_flair_template_id": "afe1f674-427a-11ea-b916-0e5700d8117f",
        "link_flair_text": "Question",
        "link_flair_text_color": "dark",
        "link_flair_type": "text",
        "locked": false,
        "media_only": false,
        "no_follow": true,
        "num_comments": 19,
        "num_crossposts": 0,
        "over_18": false,
        "permalink": "/r/Coronavirus/comments/ewri96/coronavirus_my_brother_is_flying_to_taipei_and_he/",
        "pinned": false,
        "retrieved_on": 1580490714,
        "score": 1,
        "selftext": " My brother is a 22 year old Portuguese musician and he is about to fly to Taipei this Monday. He is going to perform and teach for 18 days.\n\nHowever, he has had a bad case of asthma all his life and takes medication that weakens his immune system. As you might expect, me and the rest of the family are terribly worried about this trip of his, considering the recent coronavirus outbreak.\n\nHe is himself unsure if he should go. While this would be a great boost and opportunity for his career, we really fear for his safety. His doctor told him he should be ok, but another doctor said travelling to Asia now would be, in his case, \"suicidal\".\n\nThese are Portuguese doctors and, to be honest, are not aware of how the situation is in Taiwan. Therefore I would like to ask you for your advice.\n\nHe would be taking a special mask, purifying cream, and taking all sorts of precautions. But if it were your brother, how would you feel about him travelling to Taiwan right now?\n\nThanks in advance!",
        "send_replies": true,
        "spoiler": false,
        "stickied": false,
        "subreddit": "Coronavirus",
        "subreddit_id": "t5_2x4yx",
        "subreddit_subscribers": 36949,
        "subreddit_type": "public",
        "suggested_sort": "top",
        "thumbnail": "self",
        "title": "Coronavirus: My brother is flying to Taipei and he has fragile health. Is he safe?",
        "total_awards_received": 0,
        "url": "https://www.reddit.com/r/Coronavirus/comments/ewri96/coronavirus_my_brother_is_flying_to_taipei_and_he/"
    },
    {
        "all_awardings": [],
        "allow_live_comments": false,
        "author": "jaywayri",
        "author_flair_css_class": null,
        "author_flair_richtext": [],
        "author_flair_text": null,
        "author_flair_type": "text",
        "author_fullname": "t2_4lc70gle",
        "author_patreon_flair": false,
        "author_premium": false,
        "awarders": [],
        "can_mod_post": false,
        "contest_mode": false,
        "created_utc": "2020-01-31 12:13:42",
        "domain": "self.Coronavirus",
        "full_link": "https://www.reddit.com/r/Coronavirus/comments/ewnlle/corona_virus_reporting_demonstrates_the_failure/",
        "gildings": {},
        "id": "ewnlle",
        "is_crosspostable": true,
        "is_meta": false,
        "is_original_content": false,
        "is_reddit_media_domain": false,
        "is_robot_indexable": true,
        "is_self": true,
        "is_video": false,
        "link_flair_background_color": "",
        "link_flair_richtext": [],
        "link_flair_text_color": "dark",
        "link_flair_type": "text",
        "locked": false,
        "media_only": false,
        "no_follow": true,
        "num_comments": 8,
        "num_crossposts": 0,
        "over_18": false,
        "permalink": "/r/Coronavirus/comments/ewnlle/corona_virus_reporting_demonstrates_the_failure/",
        "pinned": false,
        "retrieved_on": 1580472823,
        "score": 1,
        "selftext": "A big part of the anxiety is the lack of information coming from government and especially media. Then you go online and you find tonnes of stuff, some of which does actually get reported in the media a couple of days later. \n\nI think this highlights the big issue we have with media these days. Normally we\u2019re exposed to so much unverified crap. The media will run anything they can, as fast as they can, if they think it will get the clicks. If it turns out to be wrong they retract at a later date. Long after it matters. But when something like a pandemic comes a long, they appear to be super careful to report only what they can verify. And only as long as it supports the advice of government/health organisations. This is smart because if they jump the gun and cause panic, they can do more harm than the virus, and they will be dragged over the coals when it all comes out. \n\nSo we\u2019re used to being flooded with information from the media. Now we\u2019re not. So we assume \u201cthey\u201d must be hiding something. They may very well be. The Chinese government certainly seems to be. But I think western media is doing what they\u2019re supposed to be doing normally. Fact checking before reporting. It feels strange.",
        "send_replies": true,
        "spoiler": false,
        "stickied": false,
        "subreddit": "Coronavirus",
        "subreddit_id": "t5_2x4yx",
        "subreddit_subscribers": 36026,
        "subreddit_type": "public",
        "suggested_sort": "top",
        "thumbnail": "self",
        "title": "Corona Virus reporting demonstrates the failure of mainstream media.",
        "total_awards_received": 0,
        "url": "https://www.reddit.com/r/Coronavirus/comments/ewnlle/corona_virus_reporting_demonstrates_the_failure/"
    },
    {
        "all_awardings": [],
        "allow_live_comments": false,
        "author": "moonrox14",
        "author_flair_css_class": null,
        "author_flair_richtext": [],
        "author_flair_text": null,
        "author_flair_type": "text",
        "author_fullname": "t2_3rgpdn1v",
        "author_patreon_flair": false,
        "author_premium": false,
        "awarders": [],
        "can_mod_post": false,
        "contest_mode": false,
        "created_utc": "2020-01-30 23:42:27",
        "domain": "self.Coronavirus",
        "full_link": "https://www.reddit.com/r/Coronavirus/comments/ewesmb/traveling_to_nyc_in_two_weeks_and_staying_in_an/",
        "gildings": {},
        "id": "ewesmb",
        "is_crosspostable": true,
        "is_meta": false,
        "is_original_content": false,
        "is_reddit_media_domain": false,
        "is_robot_indexable": true,
        "is_self": true,
        "is_video": false,
        "link_flair_background_color": "#a06324",
        "link_flair_richtext": [],
        "link_flair_template_id": "afe1f674-427a-11ea-b916-0e5700d8117f",
        "link_flair_text": "Question",
        "link_flair_text_color": "dark",
        "link_flair_type": "text",
        "locked": false,
        "media_only": false,
        "no_follow": true,
        "num_comments": 27,
        "num_crossposts": 0,
        "over_18": false,
        "permalink": "/r/Coronavirus/comments/ewesmb/traveling_to_nyc_in_two_weeks_and_staying_in_an/",
        "pinned": false,
        "retrieved_on": 1580429775,
        "score": 1,
        "selftext": "So first of all, I\u2019m sure a similar question has been asked many times and I realize I might get some backlash but honestly I\u2019m just looking for some advice here. \n\nTraveling to NYC in a couple weeks with a few friends. We booked well before this whole outbreak. Although I don\u2019t want to immediately jump the gun and cancel my booking, my mind has started wandering. My host is Chinese (says on her profile), and although I\u2019m in no way assuming that she has the virus or that she\u2019s even traveled to China recently at all, is it wrong of me to want to verify just to be safe? Also would it be wrong to ask about guests staying at this AirBnB before me? And if so... how should I even word that? I don\u2019t want to come off as insensitive or racist but I also don\u2019t want to risk mine or my friends\u2019 health. \n\nI sincerely apologize if this comes off entirely ignorant or insensitive.",
        "send_replies": true,
        "spoiler": false,
        "stickied": false,
        "subreddit": "Coronavirus",
        "subreddit_id": "t5_2x4yx",
        "subreddit_subscribers": 33892,
        "subreddit_type": "public",
        "suggested_sort": "top",
        "thumbnail": "self",
        "title": "Traveling to NYC in two weeks and staying in an AirBnB. Advice?",
        "total_awards_received": 0,
        "url": "https://www.reddit.com/r/Coronavirus/comments/ewesmb/traveling_to_nyc_in_two_weeks_and_staying_in_an/"
    },
    {
        "all_awardings": [],
        "allow_live_comments": false,
        "author": "Ugmaka",
        "author_flair_css_class": null,
        "author_flair_richtext": [],
        "author_flair_text": null,
        "author_flair_type": "text",
        "author_fullname": "t2_4oop1isc",
        "author_patreon_flair": false,
        "author_premium": false,
        "awarders": [],
        "can_mod_post": false,
        "contest_mode": false,
        "created_utc": "2020-01-27 13:15:49",
        "domain": "self.Coronavirus",
        "full_link": "https://www.reddit.com/r/Coronavirus/comments/eunqqm/thailand_paramedics_wearing_full_biohazard/",
        "gildings": {},
        "id": "eunqqm",
        "is_crosspostable": true,
        "is_meta": false,
        "is_original_content": false,
        "is_reddit_media_domain": false,
        "is_robot_indexable": true,
        "is_self": true,
        "is_video": false,
        "link_flair_background_color": "",
        "link_flair_richtext": [],
        "link_flair_text_color": "dark",
        "link_flair_type": "text",
        "locked": false,
        "media_only": false,
        "no_follow": true,
        "num_comments": 1,
        "num_crossposts": 0,
        "over_18": false,
        "permalink": "/r/Coronavirus/comments/eunqqm/thailand_paramedics_wearing_full_biohazard/",
        "pinned": false,
        "retrieved_on": 1580130950,
        "score": 1,
        "selftext": "Yesterday in Chiang Mai while riding shot gun in traffic, an ambulance was making its way through, as I looked at the ambulance behind us, I noticed the two paramedics in full blown white biohazard coveralls wearing N95 masks. \n\nNo reason for me to panic, but that was a very eerie sight. And since Chiang Mai is a very popular Chinese tourist destination, I hope it will not be a frequent sight.\n\nPs. Airport screening will not do much with the current incubation periods",
        "send_replies": true,
        "spoiler": false,
        "stickied": false,
        "subreddit": "Coronavirus",
        "subreddit_id": "t5_2x4yx",
        "subreddit_subscribers": 14439,
        "subreddit_type": "public",
        "thumbnail": "self",
        "title": "Thailand, Paramedics wearing full biohazard coveralls",
        "total_awards_received": 0,
        "url": "https://www.reddit.com/r/Coronavirus/comments/eunqqm/thailand_paramedics_wearing_full_biohazard/"
    },
    {
        "all_awardings": [],
        "allow_live_comments": false,
        "author": "matera111",
        "author_flair_css_class": null,
        "author_flair_richtext": [],
        "author_flair_text": null,
        "author_flair_type": "text",
        "author_fullname": "t2_4mx990vm",
        "author_patreon_flair": false,
        "author_premium": false,
        "awarders": [],
        "can_mod_post": false,
        "contest_mode": false,
        "created_utc": "2020-01-26 04:58:17",
        "domain": "i.redd.it",
        "full_link": "https://www.reddit.com/r/Coronavirus/comments/eu2emj/just_got_my_new_gun_and_piled_up_ammo_for_the/",
        "gildings": {},
        "id": "eu2emj",
        "is_crosspostable": true,
        "is_meta": false,
        "is_original_content": false,
        "is_reddit_media_domain": true,
        "is_robot_indexable": true,
        "is_self": false,
        "is_video": false,
        "link_flair_background_color": "",
        "link_flair_richtext": [],
        "link_flair_text_color": "dark",
        "link_flair_type": "text",
        "locked": false,
        "media_only": false,
        "no_follow": true,
        "num_comments": 11,
        "num_crossposts": 0,
        "over_18": false,
        "permalink": "/r/Coronavirus/comments/eu2emj/just_got_my_new_gun_and_piled_up_ammo_for_the/",
        "pinned": false,
        "retrieved_on": 1580014698,
        "score": 1,
        "selftext": "",
        "send_replies": true,
        "spoiler": false,
        "stickied": false,
        "subreddit": "Coronavirus",
        "subreddit_id": "t5_2x4yx",
        "subreddit_subscribers": 7168,
        "subreddit_type": "public",
        "thumbnail": "image",
        "title": "Just got my new GUN. And piled up Ammo for the possible marshall law and pandemonium. Get yours while you can.",
        "total_awards_received": 0,
        "url": "https://i.redd.it/p8dcdtvd12d41.jpg"
    },
    {
        "all_awardings": [],
        "allow_live_comments": false,
        "author": "are_you_good",
        "author_flair_css_class": null,
        "author_flair_richtext": [],
        "author_flair_text": null,
        "author_flair_type": "text",
        "author_fullname": "t2_3ayxcakh",
        "author_patreon_flair": false,
        "author_premium": false,
        "awarders": [],
        "can_mod_post": false,
        "contest_mode": false,
        "created_utc": "2020-01-31 18:42:51",
        "domain": "self.Coronavirus",
        "full_link": "https://www.reddit.com/r/Coronavirus/comments/ewsulj/be_careful_what_you_believe_on_this_sub/",
        "gildings": {},
        "id": "ewsulj",
        "is_crosspostable": true,
        "is_meta": false,
        "is_original_content": false,
        "is_reddit_media_domain": false,
        "is_robot_indexable": true,
        "is_self": true,
        "is_video": false,
        "link_flair_background_color": "",
        "link_flair_richtext": [],
        "link_flair_text_color": "dark",
        "link_flair_type": "text",
        "locked": false,
        "media_only": false,
        "no_follow": true,
        "num_comments": 199,
        "num_crossposts": 0,
        "over_18": false,
        "permalink": "/r/Coronavirus/comments/ewsulj/be_careful_what_you_believe_on_this_sub/",
        "pinned": false,
        "retrieved_on": 1580496176,
        "score": 1,
        "selftext": "I see alot of people making irrational posts and making crazy claims that have no real evidence. I think alot of the posts on here actually do more harm than good. Keep your heads up everyone especially those in China. All we can do is practice good infection control and have faith.",
        "send_replies": true,
        "spoiler": false,
        "stickied": false,
        "subreddit": "Coronavirus",
        "subreddit_id": "t5_2x4yx",
        "subreddit_subscribers": 37206,
        "subreddit_type": "public",
        "suggested_sort": "top",
        "thumbnail": "self",
        "title": "Be careful what you believe on this sub.",
        "total_awards_received": 0,
        "url": "https://www.reddit.com/r/Coronavirus/comments/ewsulj/be_careful_what_you_believe_on_this_sub/"
    },
    {
        "all_awardings": [],
        "allow_live_comments": false,
        "author": "jaywayri",
        "author_flair_css_class": null,
        "author_flair_richtext": [],
        "author_flair_text": null,
        "author_flair_type": "text",
        "author_fullname": "t2_4lc70gle",
        "author_patreon_flair": false,
        "author_premium": false,
        "awarders": [],
        "can_mod_post": false,
        "contest_mode": false,
        "created_utc": "2020-01-31 12:13:42",
        "domain": "self.Coronavirus",
        "full_link": "https://www.reddit.com/r/Coronavirus/comments/ewnlle/corona_virus_reporting_demonstrates_the_failure/",
        "gildings": {},
        "id": "ewnlle",
        "is_crosspostable": true,
        "is_meta": false,
        "is_original_content": false,
        "is_reddit_media_domain": false,
        "is_robot_indexable": true,
        "is_self": true,
        "is_video": false,
        "link_flair_background_color": "",
        "link_flair_richtext": [],
        "link_flair_text_color": "dark",
        "link_flair_type": "text",
        "locked": false,
        "media_only": false,
        "no_follow": true,
        "num_comments": 8,
        "num_crossposts": 0,
        "over_18": false,
        "permalink": "/r/Coronavirus/comments/ewnlle/corona_virus_reporting_demonstrates_the_failure/",
        "pinned": false,
        "retrieved_on": 1580472823,
        "score": 1,
        "selftext": "A big part of the anxiety is the lack of information coming from government and especially media. Then you go online and you find tonnes of stuff, some of which does actually get reported in the media a couple of days later. \n\nI think this highlights the big issue we have with media these days. Normally we\u2019re exposed to so much unverified crap. The media will run anything they can, as fast as they can, if they think it will get the clicks. If it turns out to be wrong they retract at a later date. Long after it matters. But when something like a pandemic comes a long, they appear to be super careful to report only what they can verify. And only as long as it supports the advice of government/health organisations. This is smart because if they jump the gun and cause panic, they can do more harm than the virus, and they will be dragged over the coals when it all comes out. \n\nSo we\u2019re used to being flooded with information from the media. Now we\u2019re not. So we assume \u201cthey\u201d must be hiding something. They may very well be. The Chinese government certainly seems to be. But I think western media is doing what they\u2019re supposed to be doing normally. Fact checking before reporting. It feels strange.",
        "send_replies": true,
        "spoiler": false,
        "stickied": false,
        "subreddit": "Coronavirus",
        "subreddit_id": "t5_2x4yx",
        "subreddit_subscribers": 36026,
        "subreddit_type": "public",
        "suggested_sort": "top",
        "thumbnail": "self",
        "title": "Corona Virus reporting demonstrates the failure of mainstream media.",
        "total_awards_received": 0,
        "url": "https://www.reddit.com/r/Coronavirus/comments/ewnlle/corona_virus_reporting_demonstrates_the_failure/"
    },
    {
        "all_awardings": [],
        "allow_live_comments": false,
        "author": "aaaandthatsit",
        "author_flair_css_class": null,
        "author_flair_richtext": [],
        "author_flair_text": null,
        "author_flair_type": "text",
        "author_fullname": "t2_54usdfzm",
        "author_patreon_flair": false,
        "author_premium": false,
        "awarders": [],
        "can_mod_post": false,
        "contest_mode": false,
        "created_utc": "2020-01-29 22:18:14",
        "domain": "self.Coronavirus",
        "full_link": "https://www.reddit.com/r/Coronavirus/comments/evue7b/final_answer_do_we_need_to_be_worried/",
        "gildings": {},
        "id": "evue7b",
        "is_crosspostable": true,
        "is_meta": false,
        "is_original_content": false,
        "is_reddit_media_domain": false,
        "is_robot_indexable": true,
        "is_self": true,
        "is_video": false,
        "link_flair_background_color": "",
        "link_flair_richtext": [],
        "link_flair_text_color": "dark",
        "link_flair_type": "text",
        "locked": false,
        "media_only": false,
        "no_follow": true,
        "num_comments": 11,
        "num_crossposts": 0,
        "over_18": false,
        "permalink": "/r/Coronavirus/comments/evue7b/final_answer_do_we_need_to_be_worried/",
        "pinned": false,
        "retrieved_on": 1580336299,
        "score": 1,
        "selftext": "Sometimes I think it\u2019s just like the flu and on other times i\u2019m extremely scared. Airports are stopping flights to China, we don\u2019t know sh*t about this thing, we don\u2019t know if the person who were diagnosed with it are fine now even in Europe and in America. \nMy hypochondriac a*s is shaking right now, not gonna lie. The need for answers is really important right now :/\nSo, what do you guys think ? It can only harm young, old and sick people? Even if it\u2019s the case, it\u2019s already awful :(",
        "send_replies": true,
        "spoiler": false,
        "stickied": false,
        "subreddit": "Coronavirus",
        "subreddit_id": "t5_2x4yx",
        "subreddit_subscribers": 28643,
        "subreddit_type": "public",
        "suggested_sort": "top",
        "thumbnail": "self",
        "title": "final answer : do we need to be worried?",
        "total_awards_received": 0,
        "url": "https://www.reddit.com/r/Coronavirus/comments/evue7b/final_answer_do_we_need_to_be_worried/"
    },
    {
        "all_awardings": [],
        "allow_live_comments": false,
        "author": "ydsung12",
        "author_flair_css_class": null,
        "author_flair_richtext": [],
        "author_flair_text": null,
        "author_flair_type": "text",
        "author_fullname": "t2_162ne0",
        "author_patreon_flair": false,
        "author_premium": false,
        "awarders": [],
        "can_mod_post": false,
        "contest_mode": false,
        "created_utc": "2020-01-29 18:56:16",
        "domain": "self.Coronavirus",
        "full_link": "https://www.reddit.com/r/Coronavirus/comments/evr951/quick_rant_about_the_tourists_who_spread_the_virus/",
        "gildings": {},
        "id": "evr951",
        "is_crosspostable": true,
        "is_meta": false,
        "is_original_content": false,
        "is_reddit_media_domain": false,
        "is_robot_indexable": true,
        "is_self": true,
        "is_video": false,
        "link_flair_background_color": "#dadada",
        "link_flair_richtext": [],
        "link_flair_template_id": "7728479c-417c-11ea-9fbb-0ee06f072661",
        "link_flair_text": "General",
        "link_flair_text_color": "dark",
        "link_flair_type": "text",
        "locked": false,
        "media_only": false,
        "no_follow": true,
        "num_comments": 59,
        "num_crossposts": 0,
        "over_18": false,
        "permalink": "/r/Coronavirus/comments/evr951/quick_rant_about_the_tourists_who_spread_the_virus/",
        "pinned": false,
        "retrieved_on": 1580324181,
        "score": 1,
        "selftext": " \n\nWhy they go out and expose other innocent people with this deadly virus when they are very well aware that they have been already exposed and hence are potentially hosts of the virus?\n\nIt seems they just don't care whether others could suffer or even die because of them. It seems more important for them is enjoying the tour they had planned regardless how sick they are AND much harm they could make to others from the virus they carry.\n\nThey just seem not to want to lose their money by canceling flights and reservations and NOT interested in protecting other innocent people from their disease. Local people outside China would have never been exposed if these tourists were reasonable and responsible.\n\nI find it extremely selfies and irresponsible, which is also commonly seen from CCP",
        "send_replies": true,
        "spoiler": false,
        "stickied": false,
        "subreddit": "Coronavirus",
        "subreddit_id": "t5_2x4yx",
        "subreddit_subscribers": 27959,
        "subreddit_type": "public",
        "suggested_sort": "top",
        "thumbnail": "self",
        "title": "Quick rant about the tourists who spread the virus...",
        "total_awards_received": 0,
        "url": "https://www.reddit.com/r/Coronavirus/comments/evr951/quick_rant_about_the_tourists_who_spread_the_virus/"
    },
    {
        "all_awardings": [],
        "allow_live_comments": false,
        "author": "Derpherpderpdeederp",
        "author_flair_css_class": null,
        "author_flair_richtext": [],
        "author_flair_text": null,
        "author_flair_type": "text",
        "author_fullname": "t2_zd2ra",
        "author_patreon_flair": false,
        "author_premium": false,
        "awarders": [],
        "can_mod_post": false,
        "contest_mode": false,
        "created_utc": "2020-01-28 14:00:47",
        "domain": "self.Coronavirus",
        "full_link": "https://www.reddit.com/r/Coronavirus/comments/ev5ybq/the_dorks_over_at_rchina_flu_banned_me_for_being/",
        "gildings": {},
        "id": "ev5ybq",
        "is_crosspostable": true,
        "is_meta": false,
        "is_original_content": false,
        "is_reddit_media_domain": false,
        "is_robot_indexable": true,
        "is_self": true,
        "is_video": false,
        "link_flair_background_color": "",
        "link_flair_richtext": [],
        "link_flair_text_color": "dark",
        "link_flair_type": "text",
        "locked": false,
        "media_only": false,
        "no_follow": true,
        "num_comments": 74,
        "num_crossposts": 0,
        "over_18": false,
        "permalink": "/r/Coronavirus/comments/ev5ybq/the_dorks_over_at_rchina_flu_banned_me_for_being/",
        "pinned": false,
        "retrieved_on": 1580220048,
        "score": 1,
        "selftext": "They're calling me a doomer city said it's a serious virus. We have no idea what the kill rate is but so far more have died than recovered and a quarter of the cases are in critical condition, meaning they could die at any time. We don't know how many people this will kill, we can only speculate and as of right now based on the info we have, it's not looking good. \n\nDon't let anyone tell you not to worry. Everyone with two brain cells to rub together should worry. Even if it doesn't kill you personally this has the potential to seriously affect families at its current infection rate and we know these conservative estimates aren't the real number due to misdiagnosis and lack of tests. \n\nThis may be nothing, cool. You don't get an award for being right. However, if it's bad you need to be prepared. Fear has kept our species alive and sometimes being worried is healthy. Of course don't panic, but what the harm in telling people to be prepared?",
        "send_replies": true,
        "spoiler": false,
        "stickied": false,
        "subreddit": "Coronavirus",
        "subreddit_id": "t5_2x4yx",
        "subreddit_subscribers": 22380,
        "subreddit_type": "public",
        "suggested_sort": "top",
        "thumbnail": "self",
        "title": "The dorks over at r/china_flu banned me for being realistic regarding the kill rate of this virus.",
        "total_awards_received": 0,
        "url": "https://www.reddit.com/r/Coronavirus/comments/ev5ybq/the_dorks_over_at_rchina_flu_banned_me_for_being/"
    },
    {
        "all_awardings": [],
        "allow_live_comments": false,
        "author": "krethik69",
        "author_flair_css_class": null,
        "author_flair_richtext": [],
        "author_flair_text": null,
        "author_flair_type": "text",
        "author_fullname": "t2_50ez5yiz",
        "author_patreon_flair": false,
        "author_premium": false,
        "awarders": [],
        "can_mod_post": false,
        "contest_mode": false,
        "created_utc": "2020-01-26 14:46:19",
        "domain": "self.Coronavirus",
        "full_link": "https://www.reddit.com/r/Coronavirus/comments/eu7j0k/read_it_ppl/",
        "gildings": {},
        "id": "eu7j0k",
        "is_crosspostable": true,
        "is_meta": false,
        "is_original_content": false,
        "is_reddit_media_domain": false,
        "is_robot_indexable": true,
        "is_self": true,
        "is_video": false,
        "link_flair_background_color": "",
        "link_flair_richtext": [],
        "link_flair_text_color": "dark",
        "link_flair_type": "text",
        "locked": false,
        "media_only": false,
        "no_follow": true,
        "num_comments": 3,
        "num_crossposts": 0,
        "over_18": false,
        "permalink": "/r/Coronavirus/comments/eu7j0k/read_it_ppl/",
        "pinned": false,
        "post_hint": "self",
        "preview": {
            "enabled": false,
            "images": [
                {
                    "id": "0hYTJzvK-yuZ1qoGDbkmCVZnof-EBM-0lDKGrrYHp14",
                    "resolutions": [
                        {
                            "height": 71,
                            "url": "https://external-preview.redd.it/HlIewSohOtVLJY1pfquPu4fUnujOmG72mlA1j92ppFE.jpg?width=108&amp;crop=smart&amp;auto=webp&amp;s=1f131b71f628182bdab3516747a60be1085385e8",
                            "width": 108
                        },
                        {
                            "height": 143,
                            "url": "https://external-preview.redd.it/HlIewSohOtVLJY1pfquPu4fUnujOmG72mlA1j92ppFE.jpg?width=216&amp;crop=smart&amp;auto=webp&amp;s=b3582cf474883a01a944eba822decb4be68cc58f",
                            "width": 216
                        }
                    ],
                    "source": {
                        "height": 183,
                        "url": "https://external-preview.redd.it/HlIewSohOtVLJY1pfquPu4fUnujOmG72mlA1j92ppFE.jpg?auto=webp&amp;s=a0dd1f6cc64b0e3cff4bda62e3cc5f2c6fe2b257",
                        "width": 276
                    },
                    "variants": {}
                }
            ]
        },
        "retrieved_on": 1580049985,
        "score": 1,
        "selftext": "\nhttp://inquirerbuzz.com/index.php/2020/01/25/corona-virus-why-it-cannot-cause-any-harm-for-india/",
        "send_replies": true,
        "spoiler": false,
        "stickied": false,
        "subreddit": "Coronavirus",
        "subreddit_id": "t5_2x4yx",
        "subreddit_subscribers": 9070,
        "subreddit_type": "public",
        "thumbnail": "self",
        "title": "Read it ppl.....",
        "total_awards_received": 0,
        "url": "https://www.reddit.com/r/Coronavirus/comments/eu7j0k/read_it_ppl/"
    }
]