[
    {
        "all_awardings": [],
        "allow_live_comments": false,
        "author": "cheista",
        "author_flair_css_class": null,
        "author_flair_richtext": [],
        "author_flair_text": null,
        "author_flair_type": "text",
        "author_fullname": "t2_14jnsu",
        "author_patreon_flair": false,
        "author_premium": false,
        "awarders": [],
        "can_mod_post": false,
        "contest_mode": false,
        "created_utc": "2020-01-30 09:23:07",
        "domain": "self.opiates",
        "full_link": "https://www.reddit.com/r/opiates/comments/ew2rn2/iv_use_and_the_corona_virus/",
        "gildings": {},
        "id": "ew2rn2",
        "is_crosspostable": true,
        "is_meta": false,
        "is_original_content": false,
        "is_reddit_media_domain": false,
        "is_robot_indexable": true,
        "is_self": true,
        "is_video": false,
        "link_flair_background_color": "",
        "link_flair_richtext": [],
        "link_flair_text_color": "dark",
        "link_flair_type": "text",
        "locked": false,
        "media_only": false,
        "no_follow": true,
        "num_comments": 8,
        "num_crossposts": 0,
        "over_18": false,
        "parent_whitelist_status": "house_only",
        "permalink": "/r/opiates/comments/ew2rn2/iv_use_and_the_corona_virus/",
        "pinned": false,
        "pwls": 1,
        "retrieved_on": 1580376189,
        "score": 1,
        "selftext": "I never posted or commented on reddit  because I always felt I had nothing worthwhile to say but tonight I was watching YouTube videos on the corona virus and was about to do a shot and started thinking about the relation. Because I know you can get sick from old needles and I\u2019ve thought for a while that maybe you could get sick from using Dope that contains who-knows-what. Well I guess watching the videos on what the virus is got me kind of curious and I\u2019ve tried googling different keywords to find an answer that satisfies me and I\u2019m not sure you guys would have one, but I came to the conclusion this was the best place to ask. So what I\u2019m wondering is, is there anyway that something like the corona virus could get transmitted somehow to a person in the US from heroin or fent that\u2019s been made in China? I don\u2019t know that what I get even comes from China but I imagine at least some of what I do probably has something in it that was manufactured in China, right? Anyway yeah I\u2019m just curious on how viruses and stuff get transmitted through illegal drugs across different continents (or if they even do) and into the veins of users.",
        "send_replies": true,
        "spoiler": false,
        "stickied": false,
        "subreddit": "opiates",
        "subreddit_id": "t5_2r0y3",
        "subreddit_subscribers": 91465,
        "subreddit_type": "public",
        "suggested_sort": "confidence",
        "thumbnail": "self",
        "title": "Iv use and the corona virus",
        "total_awards_received": 0,
        "url": "https://www.reddit.com/r/opiates/comments/ew2rn2/iv_use_and_the_corona_virus/",
        "whitelist_status": "house_only",
        "wls": 1
    },
    {
        "all_awardings": [],
        "allow_live_comments": false,
        "author": "DamselWithTheDrugs",
        "author_flair_css_class": null,
        "author_flair_richtext": [],
        "author_flair_text": null,
        "author_flair_type": "text",
        "author_fullname": "t2_2qkmde2r",
        "author_patreon_flair": false,
        "author_premium": false,
        "awarders": [],
        "can_mod_post": false,
        "contest_mode": false,
        "created_utc": "2020-01-28 03:20:49",
        "domain": "self.opiates",
        "full_link": "https://www.reddit.com/r/opiates/comments/euzq2g/first_day_of_class_ft_roughly_30_hours_in_heroin/",
        "gildings": {},
        "id": "euzq2g",
        "is_crosspostable": true,
        "is_meta": false,
        "is_original_content": false,
        "is_reddit_media_domain": false,
        "is_robot_indexable": true,
        "is_self": true,
        "is_video": false,
        "link_flair_background_color": "",
        "link_flair_richtext": [],
        "link_flair_text_color": "dark",
        "link_flair_type": "text",
        "locked": false,
        "media_only": false,
        "no_follow": true,
        "num_comments": 8,
        "num_crossposts": 0,
        "over_18": false,
        "parent_whitelist_status": "house_only",
        "permalink": "/r/opiates/comments/euzq2g/first_day_of_class_ft_roughly_30_hours_in_heroin/",
        "pinned": false,
        "pwls": 1,
        "retrieved_on": 1580181650,
        "score": 1,
        "selftext": "All my classmates and probably thought I had the coronavirus in class today cuz sitting there a hot mess coughing with a runny nose little did I was just detoxing from heroin.",
        "send_replies": true,
        "spoiler": false,
        "stickied": false,
        "subreddit": "opiates",
        "subreddit_id": "t5_2r0y3",
        "subreddit_subscribers": 91320,
        "subreddit_type": "public",
        "suggested_sort": "confidence",
        "thumbnail": "self",
        "title": "First day of class ft roughly 30 hours in heroin w/ds.\ud83e\udd74",
        "total_awards_received": 0,
        "url": "https://www.reddit.com/r/opiates/comments/euzq2g/first_day_of_class_ft_roughly_30_hours_in_heroin/",
        "whitelist_status": "house_only",
        "wls": 1
    },
    {
        "all_awardings": [],
        "allow_live_comments": false,
        "author": "krispyks",
        "author_flair_css_class": null,
        "author_flair_richtext": [],
        "author_flair_text": null,
        "author_flair_type": "text",
        "author_fullname": "t2_jnecu",
        "author_patreon_flair": false,
        "author_premium": false,
        "awarders": [],
        "can_mod_post": false,
        "contest_mode": false,
        "created_utc": "2020-01-25 02:10:39",
        "domain": "self.opiates",
        "full_link": "https://www.reddit.com/r/opiates/comments/etklow/isolation_in_recovery/",
        "gildings": {},
        "id": "etklow",
        "is_crosspostable": true,
        "is_meta": false,
        "is_original_content": false,
        "is_reddit_media_domain": false,
        "is_robot_indexable": true,
        "is_self": true,
        "is_video": false,
        "link_flair_background_color": "",
        "link_flair_richtext": [],
        "link_flair_text_color": "dark",
        "link_flair_type": "text",
        "locked": false,
        "media_only": false,
        "no_follow": true,
        "num_comments": 12,
        "num_crossposts": 0,
        "over_18": false,
        "parent_whitelist_status": "house_only",
        "permalink": "/r/opiates/comments/etklow/isolation_in_recovery/",
        "pinned": false,
        "pwls": 1,
        "retrieved_on": 1579918240,
        "score": 1,
        "selftext": "I have been clean from heroin, fent, meth, and benzos for well over two years now. I have almost completed tapering off MMT too, I'm down to a very low dose and I've been giving clean UAs at my clinic for so long I only have to go in like twice a month. However, I am also more isolated and lonely than I have ever been. Being isolated to some extent and feeling lonely is something that obviously is just a part of life sometimes, and something I have been dealing with in different capacities since long before I started using hard drugs. But now, I'm realizing I am currently more isolated than I have ever been in my life. I have a job where I get a long really well with all my co-workers and we are all pretty friendly, but as for close friends that I hang out with, I have maybe one or two. And between work and everything our schedules usually don't always match up and I rarely see them. I live totally alone, my parents aren't too far away but still a few hours drive into a different state, and it's been years since I've been in any kind of relationship. I am seriously starting to get sick of it, but I have no idea what to do. A lot of the people in my life now don't have any idea that I'm a recovering addict either, and I don't necessarily want to tell them and alienate them, but on the other hand it feels like I'm trying to suppress or deny a huge part of who I am (unfortunately). Sorry if this is rambling, I guess I just wanted to know if there is anyone else out there who have had these experiences of isolation and staying sober.",
        "send_replies": true,
        "spoiler": false,
        "stickied": false,
        "subreddit": "opiates",
        "subreddit_id": "t5_2r0y3",
        "subreddit_subscribers": 91135,
        "subreddit_type": "public",
        "suggested_sort": "confidence",
        "thumbnail": "self",
        "title": "Isolation in recovery",
        "total_awards_received": 0,
        "url": "https://www.reddit.com/r/opiates/comments/etklow/isolation_in_recovery/",
        "whitelist_status": "house_only",
        "wls": 1
    },
    {
        "all_awardings": [],
        "allow_live_comments": false,
        "author": "Oli0scar",
        "author_flair_css_class": null,
        "author_flair_richtext": [],
        "author_flair_text": null,
        "author_flair_type": "text",
        "author_fullname": "t2_56a9jmdr",
        "author_patreon_flair": false,
        "author_premium": false,
        "awarders": [],
        "can_mod_post": false,
        "contest_mode": false,
        "created_utc": "2020-01-08 12:08:01",
        "domain": "self.opiates",
        "full_link": "https://www.reddit.com/r/opiates/comments/elrvgg/why_does_fentanyl_suck_as_a_drug_to_use/",
        "gildings": {},
        "id": "elrvgg",
        "is_crosspostable": true,
        "is_meta": false,
        "is_original_content": false,
        "is_reddit_media_domain": false,
        "is_robot_indexable": true,
        "is_self": true,
        "is_video": false,
        "link_flair_background_color": "",
        "link_flair_richtext": [],
        "link_flair_text_color": "dark",
        "link_flair_type": "text",
        "locked": false,
        "media_only": false,
        "no_follow": true,
        "num_comments": 117,
        "num_crossposts": 0,
        "over_18": false,
        "parent_whitelist_status": "house_only",
        "permalink": "/r/opiates/comments/elrvgg/why_does_fentanyl_suck_as_a_drug_to_use/",
        "pinned": false,
        "pwls": 1,
        "retrieved_on": 1578485284,
        "score": 1,
        "selftext": "Fentanyl is a powerfully terrible opiate to use. Yeah it's more potency and euphoria are two different things.\n\nI've only used it twice. One time I ate a whole patch (I forget the dose) in an hour cos it wasn't coming in like an opiate.....and it doesn't at all. It is definately more like a tranquilizer than an opiate. I woke up three days later.\n\nRecently I bought a gram of H but got what was to be fentadope instead. \n\nOkay just quickly can you guys please remember how lucky you are if you don't live in Australia. Codeine was taken off the shelves. There's no pharmaceuticals anywhere and the h we have is weak af. Good job at quarantine I guess Straya.\n\nLike I never nod off from h here ever.\n\nSo yeah this fentadope was low quality but still \"potent\". It was Morish and I ended up doing a gram in a day. But the nod? What is that about. Not euphoric at all. I couldn't escape it. \n\n2/10 would probs cop again cos I'm a dope feind. Maybe we should leave fent to the elephants at the zoo.",
        "send_replies": true,
        "spoiler": false,
        "steward_reports": [],
        "stickied": false,
        "subreddit": "opiates",
        "subreddit_id": "t5_2r0y3",
        "subreddit_subscribers": 89982,
        "subreddit_type": "public",
        "suggested_sort": "confidence",
        "thumbnail": "self",
        "title": "Why does fentanyl suck as a drug to use",
        "total_awards_received": 0,
        "url": "https://www.reddit.com/r/opiates/comments/elrvgg/why_does_fentanyl_suck_as_a_drug_to_use/",
        "whitelist_status": "house_only",
        "wls": 1
    }
]