[
    {
        "all_awardings": [],
        "allow_live_comments": false,
        "author": "BPositiveDoGudShit",
        "author_flair_css_class": null,
        "author_flair_richtext": [],
        "author_flair_text": null,
        "author_flair_type": "text",
        "author_fullname": "t2_kg2n9kn",
        "author_patreon_flair": false,
        "author_premium": false,
        "awarders": [],
        "can_mod_post": false,
        "contest_mode": false,
        "created_utc": "2020-01-30 12:05:39",
        "domain": "self.SuicideWatch",
        "full_link": "https://www.reddit.com/r/SuicideWatch/comments/ew4ewv/this_is_a_stretch_and_not_really_an_opinion_of/",
        "gildings": {},
        "id": "ew4ewv",
        "is_crosspostable": false,
        "is_meta": false,
        "is_original_content": false,
        "is_reddit_media_domain": false,
        "is_robot_indexable": true,
        "is_self": true,
        "is_video": false,
        "link_flair_background_color": "",
        "link_flair_richtext": [],
        "link_flair_text_color": "dark",
        "link_flair_type": "text",
        "locked": false,
        "media_only": false,
        "no_follow": true,
        "num_comments": 10,
        "num_crossposts": 0,
        "over_18": false,
        "parent_whitelist_status": "no_ads",
        "permalink": "/r/SuicideWatch/comments/ew4ewv/this_is_a_stretch_and_not_really_an_opinion_of/",
        "pinned": false,
        "pwls": 0,
        "retrieved_on": 1580385941,
        "score": 1,
        "selftext": " this is a stretch and not really an opinion of mine, but i kinda feel like the corona virus is a little bit exciting, at the same time of it being OBVIOUSLY a terrible disaster, and what i mean exactly is reading about different countries it has spread to, but my main feeling is sadness\n\nAND BEFORE ADMIN DELETES: I post this in this group because i feel a little bit that it has to do with me being depressed.\n\nto be completely 100% honest, i do have suicidal thoughts sometimes, and i'm scared to kill myself, so if i got the virus and died... then you figure out the rest",
        "send_replies": true,
        "spoiler": false,
        "stickied": false,
        "subreddit": "SuicideWatch",
        "subreddit_id": "t5_2qpzs",
        "subreddit_subscribers": 180079,
        "subreddit_type": "public",
        "thumbnail": "self",
        "title": "this is a stretch and not really an opinion of mine, but i kinda feel like the corona virus is a little bit exciting",
        "total_awards_received": 0,
        "url": "https://www.reddit.com/r/SuicideWatch/comments/ew4ewv/this_is_a_stretch_and_not_really_an_opinion_of/",
        "whitelist_status": "no_ads",
        "wls": 0
    },
    {
        "all_awardings": [],
        "allow_live_comments": false,
        "author": "OfficialZlinnt",
        "author_flair_css_class": null,
        "author_flair_richtext": [],
        "author_flair_text": null,
        "author_flair_type": "text",
        "author_fullname": "t2_15dywe",
        "author_patreon_flair": false,
        "author_premium": false,
        "awarders": [],
        "can_mod_post": false,
        "contest_mode": false,
        "created_utc": "2020-01-30 02:06:12",
        "domain": "self.SuicideWatch",
        "full_link": "https://www.reddit.com/r/SuicideWatch/comments/evxrw6/not_sure_why_im_posting_since_i_made_up_my_mind/",
        "gildings": {},
        "id": "evxrw6",
        "is_crosspostable": false,
        "is_meta": false,
        "is_original_content": false,
        "is_reddit_media_domain": false,
        "is_robot_indexable": true,
        "is_self": true,
        "is_video": false,
        "link_flair_background_color": "",
        "link_flair_richtext": [],
        "link_flair_text_color": "dark",
        "link_flair_type": "text",
        "locked": false,
        "media_only": false,
        "no_follow": true,
        "num_comments": 4,
        "num_crossposts": 0,
        "over_18": false,
        "parent_whitelist_status": "no_ads",
        "permalink": "/r/SuicideWatch/comments/evxrw6/not_sure_why_im_posting_since_i_made_up_my_mind/",
        "pinned": false,
        "pwls": 0,
        "retrieved_on": 1580349974,
        "score": 1,
        "selftext": "I finally decided to end my life the only thing left is to decide how. Ive had depression all my life however the last year or so (especially recent month or two) have just pushed me to my absolute limit and once my life finally started to seem like it was getting back on track slowly but surely I feel it's all for nothing which this fucking corona virus that is getting worse and worse by the day. Im poor/jobless and my family I live with who are much older and susceptible to dying for it if it spreads here (already two confirmed cases) who will never take it seriously though not like it would matter since we're too poor to stock on supplies incase it gets even worse... And thats not counting  everything else that happened last year with my physical health and my struggle that is american healthcare system or my life in general, im so tired, im so done, ive already made one attempt that failed last week, this time I intent to succeed.",
        "send_replies": true,
        "spoiler": false,
        "stickied": false,
        "subreddit": "SuicideWatch",
        "subreddit_id": "t5_2qpzs",
        "subreddit_subscribers": 180010,
        "subreddit_type": "public",
        "thumbnail": "self",
        "title": "Not sure why im posting since i made up my mind but..",
        "total_awards_received": 0,
        "url": "https://www.reddit.com/r/SuicideWatch/comments/evxrw6/not_sure_why_im_posting_since_i_made_up_my_mind/",
        "whitelist_status": "no_ads",
        "wls": 0
    },
    {
        "all_awardings": [],
        "allow_live_comments": false,
        "author": "upsidedown98",
        "author_flair_css_class": null,
        "author_flair_richtext": [],
        "author_flair_text": null,
        "author_flair_type": "text",
        "author_fullname": "t2_4diw19jg",
        "author_patreon_flair": false,
        "author_premium": false,
        "awarders": [],
        "can_mod_post": false,
        "contest_mode": false,
        "created_utc": "2020-01-31 14:17:47",
        "domain": "self.SuicideWatch",
        "full_link": "https://www.reddit.com/r/SuicideWatch/comments/ewp2u0/nothing_left_to_give_hope_it_all_ends_soon/",
        "gildings": {},
        "id": "ewp2u0",
        "is_crosspostable": false,
        "is_meta": false,
        "is_original_content": false,
        "is_reddit_media_domain": false,
        "is_robot_indexable": true,
        "is_self": true,
        "is_video": false,
        "link_flair_background_color": "",
        "link_flair_richtext": [],
        "link_flair_text_color": "dark",
        "link_flair_type": "text",
        "locked": false,
        "media_only": false,
        "no_follow": true,
        "num_comments": 1,
        "num_crossposts": 0,
        "over_18": false,
        "parent_whitelist_status": "no_ads",
        "permalink": "/r/SuicideWatch/comments/ewp2u0/nothing_left_to_give_hope_it_all_ends_soon/",
        "pinned": false,
        "pwls": 0,
        "retrieved_on": 1580480269,
        "score": 1,
        "selftext": "Tonight I stood in the mirror and looked at my face covered in tears and I started to cry even more because I wish I could just end it all but I'm too scared. I feel like I can't do anything right, not even kill myself. I just feel so pathetic. It's gotten to the point where I'm too scared to open up to anyone because no one gets it. I told a friend I was feeling suicidal maybe a month ago, and she told me she couldn't \"fathom\" wanting to kill yourself, and that she'd \"never understand\". How do you explain to someone that you hate every fibre of your being, that you are disgusted by your own thoughts and personality, that looking in the mirror repulses you, that you wish you could love yourself like everyone preaches but no matter how hard you try you just can't? That hate your entire existence? How do you make them understand? The only friend who ever truly understood me cut me off completely which ate a part of my soul away and I've never recovered. It's getting too much to bear.\n\nThere was one thing I had to look forward to - I was going back to the place I lived overseas and a friend was going to come along with me. I was excited to show them around introduce them to the place that made me happier than I'd been in a long time, but due to coronavirus she cancelled her flights and now I'm going alone. I feel stupid being mad about it but I guess she values her life whereas if I caught the virus I genuinely wouldn't care because I'd just get the ending I wanted anyway. I guess I know it's not that big of a deal but it just felt like a kick in the guts, another declaration from the universe that I'm not supposed to be happy.\n\nYeah I just don't know how long I can go on with this emptiness and loneliness. I hope I get the balls to end it as soon as possible.",
        "send_replies": true,
        "spoiler": false,
        "stickied": false,
        "subreddit": "SuicideWatch",
        "subreddit_id": "t5_2qpzs",
        "subreddit_subscribers": 180297,
        "subreddit_type": "public",
        "thumbnail": "self",
        "title": "Nothing left to give, hope it all ends soon",
        "total_awards_received": 0,
        "url": "https://www.reddit.com/r/SuicideWatch/comments/ewp2u0/nothing_left_to_give_hope_it_all_ends_soon/",
        "whitelist_status": "no_ads",
        "wls": 0
    },
    {
        "all_awardings": [],
        "allow_live_comments": false,
        "author": "Anonymousperson2001",
        "author_flair_background_color": "",
        "author_flair_css_class": "modmsg",
        "author_flair_richtext": [],
        "author_flair_text": null,
        "author_flair_text_color": "dark",
        "author_flair_type": "text",
        "author_fullname": "t2_2t6q6wq",
        "author_patreon_flair": false,
        "author_premium": false,
        "awarders": [],
        "can_mod_post": false,
        "contest_mode": false,
        "created_utc": "2020-01-31 05:54:55",
        "domain": "self.SuicideWatch",
        "full_link": "https://www.reddit.com/r/SuicideWatch/comments/ewjtee/i_hope_i_get_coronavirus_and_die/",
        "gildings": {},
        "id": "ewjtee",
        "is_crosspostable": false,
        "is_meta": false,
        "is_original_content": false,
        "is_reddit_media_domain": false,
        "is_robot_indexable": true,
        "is_self": true,
        "is_video": false,
        "link_flair_background_color": "",
        "link_flair_richtext": [],
        "link_flair_text_color": "dark",
        "link_flair_type": "text",
        "locked": false,
        "media_only": false,
        "no_follow": true,
        "num_comments": 0,
        "num_crossposts": 0,
        "over_18": false,
        "parent_whitelist_status": "no_ads",
        "permalink": "/r/SuicideWatch/comments/ewjtee/i_hope_i_get_coronavirus_and_die/",
        "pinned": false,
        "pwls": 0,
        "retrieved_on": 1580450096,
        "score": 1,
        "selftext": "I know I shouldn\u2019t be wishing this but hey if it kills me then Hell yes",
        "send_replies": true,
        "spoiler": false,
        "stickied": false,
        "subreddit": "SuicideWatch",
        "subreddit_id": "t5_2qpzs",
        "subreddit_subscribers": 180246,
        "subreddit_type": "public",
        "thumbnail": "self",
        "title": "I hope I get Coronavirus and die",
        "total_awards_received": 0,
        "url": "https://www.reddit.com/r/SuicideWatch/comments/ewjtee/i_hope_i_get_coronavirus_and_die/",
        "whitelist_status": "no_ads",
        "wls": 0
    },
    {
        "all_awardings": [],
        "allow_live_comments": false,
        "author": "EgoDeathMagic",
        "author_flair_css_class": "modmsg",
        "author_flair_richtext": [],
        "author_flair_template_id": "2a7b5518-8e45-11e5-a506-0ed10b342609",
        "author_flair_text": null,
        "author_flair_text_color": "dark",
        "author_flair_type": "text",
        "author_fullname": "t2_3uljva3z",
        "author_patreon_flair": false,
        "author_premium": false,
        "awarders": [],
        "can_mod_post": false,
        "contest_mode": false,
        "created_utc": "2020-01-30 17:31:10",
        "domain": "self.SuicideWatch",
        "full_link": "https://www.reddit.com/r/SuicideWatch/comments/ew8zs5/going_yet_another_year_without_a_girlfriendso_and/",
        "gildings": {},
        "id": "ew8zs5",
        "is_crosspostable": false,
        "is_meta": false,
        "is_original_content": false,
        "is_reddit_media_domain": false,
        "is_robot_indexable": true,
        "is_self": true,
        "is_video": false,
        "link_flair_background_color": "",
        "link_flair_richtext": [],
        "link_flair_text_color": "dark",
        "link_flair_type": "text",
        "locked": false,
        "media_only": false,
        "no_follow": true,
        "num_comments": 10,
        "num_crossposts": 0,
        "over_18": false,
        "parent_whitelist_status": "no_ads",
        "permalink": "/r/SuicideWatch/comments/ew8zs5/going_yet_another_year_without_a_girlfriendso_and/",
        "pinned": false,
        "pwls": 0,
        "retrieved_on": 1580405477,
        "score": 1,
        "selftext": "",
        "send_replies": true,
        "spoiler": false,
        "stickied": false,
        "subreddit": "SuicideWatch",
        "subreddit_id": "t5_2qpzs",
        "subreddit_subscribers": 180103,
        "subreddit_type": "public",
        "thumbnail": "self",
        "title": "Going yet another year without a girlfriend/SO and we're all gonna die from Coronavirus before I ever get one.",
        "total_awards_received": 0,
        "url": "https://www.reddit.com/r/SuicideWatch/comments/ew8zs5/going_yet_another_year_without_a_girlfriendso_and/",
        "whitelist_status": "no_ads",
        "wls": 0
    },
    {
        "all_awardings": [],
        "allow_live_comments": false,
        "author": "TheForgottenRobot",
        "author_flair_css_class": null,
        "author_flair_richtext": [],
        "author_flair_text": null,
        "author_flair_type": "text",
        "author_fullname": "t2_dsqaz",
        "author_patreon_flair": false,
        "author_premium": false,
        "awarders": [],
        "can_mod_post": false,
        "contest_mode": false,
        "created_utc": "2020-01-30 07:32:28",
        "domain": "self.SuicideWatch",
        "full_link": "https://www.reddit.com/r/SuicideWatch/comments/ew1r50/is_anyone_else_hoping_they_get_a_virus_or_disease/",
        "gildings": {},
        "id": "ew1r50",
        "is_crosspostable": false,
        "is_meta": false,
        "is_original_content": false,
        "is_reddit_media_domain": false,
        "is_robot_indexable": true,
        "is_self": true,
        "is_video": false,
        "link_flair_background_color": "",
        "link_flair_richtext": [],
        "link_flair_text_color": "dark",
        "link_flair_type": "text",
        "locked": false,
        "media_only": false,
        "no_follow": true,
        "num_comments": 26,
        "num_crossposts": 0,
        "over_18": false,
        "parent_whitelist_status": "no_ads",
        "permalink": "/r/SuicideWatch/comments/ew1r50/is_anyone_else_hoping_they_get_a_virus_or_disease/",
        "pinned": false,
        "pwls": 0,
        "retrieved_on": 1580369549,
        "score": 1,
        "selftext": "This is probably insensitive and will probably be buried but posts from people who are probably in a much worse state of mind than my own. I just needed to write this for my own sake. For catharsis. Maybe even to see if there is anyone else thinking the same dark thoughts as me. \n\nLately everything has gone pear shaped. I had a job working as a telephone operator for government welfare. I tried my best but I could never get my \"productivity KPIs\" up. After 4 months I quit. I felt relieved. Now I know the owner of my house isn't willing to re-lease the property to my partner and I. We can't move to another place in the area because we can't afford to rent on just my partner's income. We can't move more rural because I won't find a job there. We can't move to the city because then my partner will lose his job. Catch 22, huh. \n\nMy partner has told me I have a month to find a new job but I can't face another 2 months of rejection from employers. I can't face putting in more job applications. Instead of applying for jobs I lie and drink all day and brush my teeth before my partner gets home so he doesn't know. \n\nI'm so lost. I'm 24 with no education outside high school and I'm not sure if I can take control of my life while it seems to be spinning put of control. \n\nRight now I can't help but take notice of the coronavirus and wish that I could contract the virus instead of anyone that has already. I don't have much to look forward to in life. I have had one suicide attempt a year since I was 13 but have never succeeded. At this point I know I won't be able to kill myself but every day I hope that something smites me down. \n\nMaybe it's just me but I want to go into a hospital and lick a patient's face for a virus or anything else I can contract. \n\nI just feel like I can't be here anymore. \nThanks for reading, whoever made the effort.",
        "send_replies": true,
        "spoiler": false,
        "stickied": false,
        "subreddit": "SuicideWatch",
        "subreddit_id": "t5_2qpzs",
        "subreddit_subscribers": 180062,
        "subreddit_type": "public",
        "thumbnail": "self",
        "title": "Is anyone else hoping they get a virus or disease and die?",
        "total_awards_received": 0,
        "url": "https://www.reddit.com/r/SuicideWatch/comments/ew1r50/is_anyone_else_hoping_they_get_a_virus_or_disease/",
        "whitelist_status": "no_ads",
        "wls": 0
    },
    {
        "all_awardings": [],
        "allow_live_comments": false,
        "author": "AshleyRhy17",
        "author_flair_css_class": "modmsg",
        "author_flair_richtext": [],
        "author_flair_template_id": "2a7b5518-8e45-11e5-a506-0ed10b342609",
        "author_flair_text": null,
        "author_flair_text_color": "dark",
        "author_flair_type": "text",
        "author_fullname": "t2_i6xzvc",
        "author_patreon_flair": false,
        "author_premium": false,
        "awarders": [],
        "can_mod_post": false,
        "contest_mode": false,
        "created_utc": "2020-01-28 08:42:15",
        "domain": "self.SuicideWatch",
        "full_link": "https://www.reddit.com/r/SuicideWatch/comments/ev2z0j/im_absolutely_pathetic/",
        "gildings": {},
        "id": "ev2z0j",
        "is_crosspostable": false,
        "is_meta": false,
        "is_original_content": false,
        "is_reddit_media_domain": false,
        "is_robot_indexable": true,
        "is_self": true,
        "is_video": false,
        "link_flair_background_color": "",
        "link_flair_richtext": [],
        "link_flair_text_color": "dark",
        "link_flair_type": "text",
        "locked": false,
        "media_only": false,
        "no_follow": true,
        "num_comments": 2,
        "num_crossposts": 0,
        "over_18": false,
        "parent_whitelist_status": "no_ads",
        "permalink": "/r/SuicideWatch/comments/ev2z0j/im_absolutely_pathetic/",
        "pinned": false,
        "pwls": 0,
        "retrieved_on": 1580200937,
        "score": 1,
        "selftext": "Me on Thursday: Literally believing this would be my last day and barely being talked out of suicide by my therapist.\n\nMe Everyday Since Thursday: Hoping I die and never wake up. Being extremely disappointed when I wake up every morning.\n\nMe Today: Obsessively checking the news on the coronavirus and doomsday prepping, scared of my loved ones and I getting sick and possibly dying.\n\nLiterally, what is wrong with me? It's just like pain. I only want pain when I'm the one in control of it. I only want death if I'm in control of it. I'm so fucked up in the head, it's not even funny.",
        "send_replies": true,
        "spoiler": false,
        "stickied": false,
        "subreddit": "SuicideWatch",
        "subreddit_id": "t5_2qpzs",
        "subreddit_subscribers": 179724,
        "subreddit_type": "public",
        "thumbnail": "self",
        "title": "I'm Absolutely Pathetic",
        "total_awards_received": 0,
        "url": "https://www.reddit.com/r/SuicideWatch/comments/ev2z0j/im_absolutely_pathetic/",
        "whitelist_status": "no_ads",
        "wls": 0
    },
    {
        "all_awardings": [],
        "allow_live_comments": false,
        "author": "lululemonkush",
        "author_flair_css_class": "modmsg",
        "author_flair_richtext": [],
        "author_flair_template_id": "2a7b5518-8e45-11e5-a506-0ed10b342609",
        "author_flair_text": null,
        "author_flair_text_color": "dark",
        "author_flair_type": "text",
        "author_fullname": "t2_175xd8",
        "author_patreon_flair": false,
        "author_premium": false,
        "awarders": [],
        "can_mod_post": false,
        "contest_mode": false,
        "created_utc": "2020-01-27 10:42:05",
        "domain": "self.SuicideWatch",
        "full_link": "https://www.reddit.com/r/SuicideWatch/comments/eumbrs/no_matter_how_many_times_it_gets_better_i_just/",
        "gildings": {},
        "id": "eumbrs",
        "is_crosspostable": false,
        "is_meta": false,
        "is_original_content": false,
        "is_reddit_media_domain": false,
        "is_robot_indexable": true,
        "is_self": true,
        "is_video": false,
        "link_flair_background_color": "",
        "link_flair_richtext": [],
        "link_flair_text_color": "dark",
        "link_flair_type": "text",
        "locked": false,
        "media_only": false,
        "no_follow": true,
        "num_comments": 3,
        "num_crossposts": 0,
        "over_18": false,
        "parent_whitelist_status": "no_ads",
        "permalink": "/r/SuicideWatch/comments/eumbrs/no_matter_how_many_times_it_gets_better_i_just/",
        "pinned": false,
        "pwls": 0,
        "retrieved_on": 1580121726,
        "score": 1,
        "selftext": "I\u2019m 26 now, have tried to kill myself twice before which led to my 12 year on and off again journey through therapy and mental health treatment. It\u2019s gotten better, but I always fall into the ditch and wonder if I should just fucking do it already and do it right this time. The thought of my mom having to live the rest of her life with me dead, mourning me and my choices, is the only thing that sobers me from the suicidal ideations. Today has particularly been a rocky day though, and I feel like that grip on staying here for her is weakening.\n\nI started having ugly thoughts tonight, like how I was so jealous of Kobe and the other victims of that helicopter crash. Or how I wish I were infected with the coronavirus and on my way out. I\u2019m actually embarrassed to admit this, but at the same time feel so passionately about these desires, it scares me.\n\nFor the first time in I think maybe 3 or 4 years I started researching suicide methods. My dad takes anticoagulants for his artificial heart valve, and I figured if I steal some of his medicine and cut myself in the bathtub I can bleed out and die peacefully. I have the growing urge to hurt myself permanently. The only hard part will be leaving a note for my family and a letter for my ex maybe, but I don\u2019t know what I even need to say to him besides sorry. Still, this terrifies me but excites me, I just crave life to be over so often and I\u2019m getting restless.\n\nNo matter what happens in life, I always end up in the same place. I keep fighting but I\u2019m wondering who\u2019s battle is this actually? I\u2019m definitely not fighting for myself anymore. I\u2019ve officially given up and am just waiting for my dad to come home from a trip so I can see him one last time.",
        "send_replies": true,
        "spoiler": false,
        "stickied": false,
        "subreddit": "SuicideWatch",
        "subreddit_id": "t5_2qpzs",
        "subreddit_subscribers": 179525,
        "subreddit_type": "public",
        "thumbnail": "self",
        "title": "No matter how many times \u201cit gets better\u201d, I just end up at the bottom of the same hole and I\u2019m ready to lie in it.",
        "total_awards_received": 0,
        "url": "https://www.reddit.com/r/SuicideWatch/comments/eumbrs/no_matter_how_many_times_it_gets_better_i_just/",
        "whitelist_status": "no_ads",
        "wls": 0
    },
    {
        "all_awardings": [],
        "allow_live_comments": false,
        "author": "aaronbelesbian3",
        "author_flair_css_class": null,
        "author_flair_richtext": [],
        "author_flair_text": null,
        "author_flair_type": "text",
        "author_fullname": "t2_5176ahms",
        "author_patreon_flair": false,
        "author_premium": false,
        "awarders": [],
        "can_mod_post": false,
        "contest_mode": false,
        "created_utc": "2020-01-27 02:19:06",
        "domain": "self.SuicideWatch",
        "full_link": "https://www.reddit.com/r/SuicideWatch/comments/euh8fb/i_wish_i_was_worried_about_the_coronavirus/",
        "gildings": {},
        "id": "euh8fb",
        "is_crosspostable": false,
        "is_meta": false,
        "is_original_content": false,
        "is_reddit_media_domain": false,
        "is_robot_indexable": true,
        "is_self": true,
        "is_video": false,
        "link_flair_background_color": "",
        "link_flair_richtext": [],
        "link_flair_text_color": "dark",
        "link_flair_type": "text",
        "locked": false,
        "media_only": false,
        "no_follow": true,
        "num_comments": 5,
        "num_crossposts": 0,
        "over_18": false,
        "parent_whitelist_status": "no_ads",
        "permalink": "/r/SuicideWatch/comments/euh8fb/i_wish_i_was_worried_about_the_coronavirus/",
        "pinned": false,
        "pwls": 0,
        "retrieved_on": 1580091550,
        "score": 1,
        "selftext": "I wish I had a life I\u2019m worried about losing, but no... I\u2019m actively rooting for the virus to appear in my city just so it can kill me so I don\u2019t have to.",
        "send_replies": true,
        "spoiler": false,
        "stickied": false,
        "subreddit": "SuicideWatch",
        "subreddit_id": "t5_2qpzs",
        "subreddit_subscribers": 179415,
        "subreddit_type": "public",
        "thumbnail": "self",
        "title": "I wish I was worried about the coronavirus.",
        "total_awards_received": 0,
        "url": "https://www.reddit.com/r/SuicideWatch/comments/euh8fb/i_wish_i_was_worried_about_the_coronavirus/",
        "whitelist_status": "no_ads",
        "wls": 0
    },
    {
        "all_awardings": [],
        "allow_live_comments": false,
        "author": "UrbanInukai",
        "author_flair_css_class": "modmsg",
        "author_flair_richtext": [],
        "author_flair_template_id": "2a7b5518-8e45-11e5-a506-0ed10b342609",
        "author_flair_text": null,
        "author_flair_text_color": "dark",
        "author_flair_type": "text",
        "author_fullname": "t2_5g7hj3o5",
        "author_patreon_flair": false,
        "author_premium": false,
        "awarders": [],
        "can_mod_post": false,
        "contest_mode": false,
        "created_utc": "2020-01-26 18:31:32",
        "domain": "self.SuicideWatch",
        "full_link": "https://www.reddit.com/r/SuicideWatch/comments/euakgi/heard_the_news_about_the_coronavirus/",
        "gildings": {},
        "id": "euakgi",
        "is_crosspostable": false,
        "is_meta": false,
        "is_original_content": false,
        "is_reddit_media_domain": false,
        "is_robot_indexable": true,
        "is_self": true,
        "is_video": false,
        "link_flair_background_color": "",
        "link_flair_richtext": [],
        "link_flair_text_color": "dark",
        "link_flair_type": "text",
        "locked": false,
        "media_only": false,
        "no_follow": true,
        "num_comments": 7,
        "num_crossposts": 0,
        "over_18": false,
        "parent_whitelist_status": "no_ads",
        "permalink": "/r/SuicideWatch/comments/euakgi/heard_the_news_about_the_coronavirus/",
        "pinned": false,
        "pwls": 0,
        "retrieved_on": 1580063494,
        "score": 1,
        "selftext": "This might be concerning for some people,but honestly,i really feel nothing,even worst is,i kinda wanna get the virus so i can get quarantined asap,and die because of it\n\nI've been struggling with depression n anxiety disorder for quite a long time,and I've been feeling suicidal for god knows how long,never have the guts to commit suicide,and now,after hearing about the virus outbreak,i feel like,now i have a chance to actually end my life without have to commiting suicide\n\nAnd of course,obviously,i dont wanna just go out and spread more viruses to people,if there's a chance,im willing to volunteer to get the virus injected to my body and let them study virus more with my infected body,i dont really care of i died,i really just wanna end my life im the most useful kind of way,at least i died with a value and can help more people to find a cure for this disease\n\nIm on my med,im getting really confused n sorry for my bad weird grammar cuz i really cant think straight right now",
        "send_replies": true,
        "spoiler": false,
        "stickied": false,
        "subreddit": "SuicideWatch",
        "subreddit_id": "t5_2qpzs",
        "subreddit_subscribers": 179344,
        "subreddit_type": "public",
        "thumbnail": "self",
        "title": "Heard the news about the coronavirus outbreak,currently living in Taiwan,having some thoughts going on in my mind",
        "total_awards_received": 0,
        "url": "https://www.reddit.com/r/SuicideWatch/comments/euakgi/heard_the_news_about_the_coronavirus/",
        "whitelist_status": "no_ads",
        "wls": 0
    }
]