[
    {
        "all_awardings": [],
        "allow_live_comments": false,
        "author": "ErichvonderSchatz",
        "author_flair_css_class": null,
        "author_flair_richtext": [],
        "author_flair_text": null,
        "author_flair_type": "text",
        "author_fullname": "t2_mn6u5oh",
        "author_patreon_flair": false,
        "author_premium": false,
        "awarders": [],
        "can_mod_post": false,
        "contest_mode": false,
        "created_utc": "2020-08-25 03:30:41",
        "domain": "bbc.co.uk",
        "full_link": "https://www.reddit.com/r/Coronavirus/comments/ig4gcx/coronavirus_i_became_alcoholic_during_lockdown/",
        "gildings": {},
        "id": "ig4gcx",
        "is_crosspostable": true,
        "is_meta": false,
        "is_original_content": false,
        "is_reddit_media_domain": false,
        "is_robot_indexable": true,
        "is_self": false,
        "is_video": false,
        "link_flair_background_color": "#94e044",
        "link_flair_richtext": [],
        "link_flair_template_id": "fd072d2c-5e48-11ea-8569-0eaa0007e55b",
        "link_flair_text": "Europe",
        "link_flair_text_color": "dark",
        "link_flair_type": "text",
        "locked": false,
        "media_only": false,
        "no_follow": true,
        "num_comments": 57,
        "num_crossposts": 0,
        "over_18": false,
        "parent_whitelist_status": "all_ads",
        "permalink": "/r/Coronavirus/comments/ig4gcx/coronavirus_i_became_alcoholic_during_lockdown/",
        "pinned": false,
        "post_hint": "link",
        "preview": {
            "enabled": false,
            "images": [
                {
                    "id": "vPJk5jWkhcgAxxahHndMwcDLJwwODtCEVI-POKl4P8M",
                    "resolutions": [
                        {
                            "height": 60,
                            "url": "https://external-preview.redd.it/3XxbLwR8Ph1qWVJV2GGBlCSNXdkiz-kaCDuqAn47TMY.jpg?width=108&amp;crop=smart&amp;auto=webp&amp;s=256788f085ed5fadce2d96f64e5ce816cf5d3db6",
                            "width": 108
                        },
                        {
                            "height": 121,
                            "url": "https://external-preview.redd.it/3XxbLwR8Ph1qWVJV2GGBlCSNXdkiz-kaCDuqAn47TMY.jpg?width=216&amp;crop=smart&amp;auto=webp&amp;s=dcf7a415313ee18b734ee45347237e4019f25377",
                            "width": 216
                        },
                        {
                            "height": 180,
                            "url": "https://external-preview.redd.it/3XxbLwR8Ph1qWVJV2GGBlCSNXdkiz-kaCDuqAn47TMY.jpg?width=320&amp;crop=smart&amp;auto=webp&amp;s=98441b8d2585a47b63bf45b30bbed8d2f4f0b46f",
                            "width": 320
                        },
                        {
                            "height": 360,
                            "url": "https://external-preview.redd.it/3XxbLwR8Ph1qWVJV2GGBlCSNXdkiz-kaCDuqAn47TMY.jpg?width=640&amp;crop=smart&amp;auto=webp&amp;s=48e7b2fbbe09ca9ec8eb67bf597b94c516ec37e2",
                            "width": 640
                        },
                        {
                            "height": 540,
                            "url": "https://external-preview.redd.it/3XxbLwR8Ph1qWVJV2GGBlCSNXdkiz-kaCDuqAn47TMY.jpg?width=960&amp;crop=smart&amp;auto=webp&amp;s=e115d8a24ef3cdd4f6c443503e3ff0a8ba72dccb",
                            "width": 960
                        }
                    ],
                    "source": {
                        "height": 576,
                        "url": "https://external-preview.redd.it/3XxbLwR8Ph1qWVJV2GGBlCSNXdkiz-kaCDuqAn47TMY.jpg?auto=webp&amp;s=4e3e70e0aa5b43c754057b3f83ea133c5179b55a",
                        "width": 1024
                    },
                    "variants": {}
                }
            ]
        },
        "pwls": 6,
        "retrieved_on": 1598326252,
        "score": 1,
        "selftext": "",
        "send_replies": true,
        "spoiler": false,
        "stickied": false,
        "subreddit": "Coronavirus",
        "subreddit_id": "t5_2x4yx",
        "subreddit_subscribers": 2262289,
        "subreddit_type": "public",
        "suggested_sort": "confidence",
        "thumbnail": "https://b.thumbs.redditmedia.com/TGLNB2_hITUkDiB8bPd4l0zjVYkUIs4GWmEvgLV-s0c.jpg",
        "thumbnail_height": 78,
        "thumbnail_width": 140,
        "title": "Coronavirus: 'I became alcoholic during lockdown'",
        "total_awards_received": 0,
        "treatment_tags": [],
        "upvote_ratio": 1.0,
        "url": "https://www.bbc.co.uk/news/health-53807908",
        "url_overridden_by_dest": "https://www.bbc.co.uk/news/health-53807908",
        "whitelist_status": "all_ads",
        "wls": 6
    },
    {
        "all_awardings": [],
        "allow_live_comments": false,
        "author": "ds355958",
        "author_flair_css_class": null,
        "author_flair_richtext": [],
        "author_flair_text": null,
        "author_flair_type": "text",
        "author_fullname": "t2_6hpqra4n",
        "author_patreon_flair": false,
        "author_premium": false,
        "awarders": [],
        "can_mod_post": false,
        "contest_mode": false,
        "created_utc": "2020-08-23 21:14:02",
        "domain": "dailysflash.com",
        "full_link": "https://www.reddit.com/r/Coronavirus/comments/ifbfx0/coronavirus_i_became_alcoholic_during_lockdown/",
        "gildings": {},
        "id": "ifbfx0",
        "is_crosspostable": false,
        "is_meta": false,
        "is_original_content": false,
        "is_reddit_media_domain": false,
        "is_robot_indexable": false,
        "is_self": false,
        "is_video": false,
        "link_flair_background_color": "#94e044",
        "link_flair_richtext": [],
        "link_flair_template_id": "fd072d2c-5e48-11ea-8569-0eaa0007e55b",
        "link_flair_text": "Europe",
        "link_flair_text_color": "dark",
        "link_flair_type": "text",
        "locked": false,
        "media_only": false,
        "no_follow": true,
        "num_comments": 0,
        "num_crossposts": 0,
        "over_18": false,
        "parent_whitelist_status": "all_ads",
        "permalink": "/r/Coronavirus/comments/ifbfx0/coronavirus_i_became_alcoholic_during_lockdown/",
        "pinned": false,
        "post_hint": "link",
        "preview": {
            "enabled": false,
            "images": [
                {
                    "id": "vPJk5jWkhcgAxxahHndMwcDLJwwODtCEVI-POKl4P8M",
                    "resolutions": [
                        {
                            "height": 60,
                            "url": "https://external-preview.redd.it/3XxbLwR8Ph1qWVJV2GGBlCSNXdkiz-kaCDuqAn47TMY.jpg?width=108&amp;crop=smart&amp;auto=webp&amp;s=256788f085ed5fadce2d96f64e5ce816cf5d3db6",
                            "width": 108
                        },
                        {
                            "height": 121,
                            "url": "https://external-preview.redd.it/3XxbLwR8Ph1qWVJV2GGBlCSNXdkiz-kaCDuqAn47TMY.jpg?width=216&amp;crop=smart&amp;auto=webp&amp;s=dcf7a415313ee18b734ee45347237e4019f25377",
                            "width": 216
                        },
                        {
                            "height": 180,
                            "url": "https://external-preview.redd.it/3XxbLwR8Ph1qWVJV2GGBlCSNXdkiz-kaCDuqAn47TMY.jpg?width=320&amp;crop=smart&amp;auto=webp&amp;s=98441b8d2585a47b63bf45b30bbed8d2f4f0b46f",
                            "width": 320
                        },
                        {
                            "height": 360,
                            "url": "https://external-preview.redd.it/3XxbLwR8Ph1qWVJV2GGBlCSNXdkiz-kaCDuqAn47TMY.jpg?width=640&amp;crop=smart&amp;auto=webp&amp;s=48e7b2fbbe09ca9ec8eb67bf597b94c516ec37e2",
                            "width": 640
                        },
                        {
                            "height": 540,
                            "url": "https://external-preview.redd.it/3XxbLwR8Ph1qWVJV2GGBlCSNXdkiz-kaCDuqAn47TMY.jpg?width=960&amp;crop=smart&amp;auto=webp&amp;s=e115d8a24ef3cdd4f6c443503e3ff0a8ba72dccb",
                            "width": 960
                        }
                    ],
                    "source": {
                        "height": 576,
                        "url": "https://external-preview.redd.it/3XxbLwR8Ph1qWVJV2GGBlCSNXdkiz-kaCDuqAn47TMY.jpg?auto=webp&amp;s=4e3e70e0aa5b43c754057b3f83ea133c5179b55a",
                        "width": 1024
                    },
                    "variants": {}
                }
            ]
        },
        "pwls": 6,
        "removed_by_category": "reddit",
        "retrieved_on": 1598217252,
        "score": 1,
        "selftext": "",
        "send_replies": false,
        "spoiler": false,
        "stickied": false,
        "subreddit": "Coronavirus",
        "subreddit_id": "t5_2x4yx",
        "subreddit_subscribers": 2261196,
        "subreddit_type": "public",
        "suggested_sort": "confidence",
        "thumbnail": "https://b.thumbs.redditmedia.com/28k-UUBNEn-brinHA45qKi1j8WHstLCAF29EoJhzWmM.jpg",
        "thumbnail_height": 78,
        "thumbnail_width": 140,
        "title": "Coronavirus: 'I became alcoholic during lockdown'",
        "total_awards_received": 0,
        "treatment_tags": [],
        "upvote_ratio": 1.0,
        "url": "https://dailysflash.com/coronavirus-i-became-alcoholic-during-lockdown/?feed_id=6065&amp;_unique_id=5f42dc19b6994",
        "url_overridden_by_dest": "https://dailysflash.com/coronavirus-i-became-alcoholic-during-lockdown/?feed_id=6065&amp;_unique_id=5f42dc19b6994",
        "whitelist_status": "all_ads",
        "wls": 6
    },
    {
        "all_awardings": [],
        "allow_live_comments": false,
        "author": "mohiemen",
        "author_flair_css_class": null,
        "author_flair_richtext": [],
        "author_flair_text": null,
        "author_flair_type": "text",
        "author_fullname": "t2_6pmwk77w",
        "author_patreon_flair": false,
        "author_premium": false,
        "awarders": [],
        "can_mod_post": false,
        "contest_mode": false,
        "created_utc": "2020-08-17 01:06:13",
        "domain": "businessinsider.com",
        "full_link": "https://www.reddit.com/r/Coronavirus/comments/ib4gne/the_us_food_and_drug_administration_granted/",
        "gildings": {},
        "id": "ib4gne",
        "is_crosspostable": false,
        "is_meta": false,
        "is_original_content": false,
        "is_reddit_media_domain": false,
        "is_robot_indexable": false,
        "is_self": false,
        "is_video": false,
        "link_flair_background_color": "#ea0027",
        "link_flair_css_class": "rm infoquality",
        "link_flair_richtext": [],
        "link_flair_template_id": "2ac9e9e2-67cd-11ea-b6ae-0e214693e803",
        "link_flair_text": "Removed - Rule 5: Keep information quality high",
        "link_flair_text_color": "dark",
        "link_flair_type": "text",
        "locked": false,
        "media_only": false,
        "no_follow": true,
        "num_comments": 2,
        "num_crossposts": 0,
        "over_18": false,
        "parent_whitelist_status": "all_ads",
        "permalink": "/r/Coronavirus/comments/ib4gne/the_us_food_and_drug_administration_granted/",
        "pinned": false,
        "post_hint": "link",
        "preview": {
            "enabled": false,
            "images": [
                {
                    "id": "fLMHh-NTGgPFvf7i54_7XaK2o-wk_XLPtj8fKojeAXE",
                    "resolutions": [
                        {
                            "height": 54,
                            "url": "https://external-preview.redd.it/OQLRi0LKweCAg2_iEHnvplP2XHHbcDoQ83UCx8Vf8C0.jpg?width=108&amp;crop=smart&amp;auto=webp&amp;s=af43468d6af7e9f82a958ae8fbbdb4fb29bd1051",
                            "width": 108
                        },
                        {
                            "height": 108,
                            "url": "https://external-preview.redd.it/OQLRi0LKweCAg2_iEHnvplP2XHHbcDoQ83UCx8Vf8C0.jpg?width=216&amp;crop=smart&amp;auto=webp&amp;s=9fa388b290e13a615f5898f84f139a13f8f3c9b2",
                            "width": 216
                        },
                        {
                            "height": 160,
                            "url": "https://external-preview.redd.it/OQLRi0LKweCAg2_iEHnvplP2XHHbcDoQ83UCx8Vf8C0.jpg?width=320&amp;crop=smart&amp;auto=webp&amp;s=005cd90ee84209ca0396ab06d6dda2c103ba3fdf",
                            "width": 320
                        },
                        {
                            "height": 320,
                            "url": "https://external-preview.redd.it/OQLRi0LKweCAg2_iEHnvplP2XHHbcDoQ83UCx8Vf8C0.jpg?width=640&amp;crop=smart&amp;auto=webp&amp;s=bd4dcce016d4a884fa6ebf745391a3114165cc7d",
                            "width": 640
                        },
                        {
                            "height": 480,
                            "url": "https://external-preview.redd.it/OQLRi0LKweCAg2_iEHnvplP2XHHbcDoQ83UCx8Vf8C0.jpg?width=960&amp;crop=smart&amp;auto=webp&amp;s=e930a6bc8221201040e9a3d89608115f4f840b55",
                            "width": 960
                        },
                        {
                            "height": 540,
                            "url": "https://external-preview.redd.it/OQLRi0LKweCAg2_iEHnvplP2XHHbcDoQ83UCx8Vf8C0.jpg?width=1080&amp;crop=smart&amp;auto=webp&amp;s=dc05415afc7be0acc71a6b40033306656c4606f9",
                            "width": 1080
                        }
                    ],
                    "source": {
                        "height": 600,
                        "url": "https://external-preview.redd.it/OQLRi0LKweCAg2_iEHnvplP2XHHbcDoQ83UCx8Vf8C0.jpg?auto=webp&amp;s=30d5a3f85fd732d864648caa347ece31e19247df",
                        "width": 1200
                    },
                    "variants": {}
                }
            ]
        },
        "pwls": 6,
        "removed_by_category": "moderator",
        "retrieved_on": 1597626384,
        "score": 1,
        "selftext": "",
        "send_replies": true,
        "spoiler": false,
        "stickied": false,
        "subreddit": "Coronavirus",
        "subreddit_id": "t5_2x4yx",
        "subreddit_subscribers": 2254801,
        "subreddit_type": "public",
        "suggested_sort": "confidence",
        "thumbnail": "https://b.thumbs.redditmedia.com/FXLTmMTPICYSpZlFb1TpDjT27wW8Fl6Geo0EAqUHbLo.jpg",
        "thumbnail_height": 70,
        "thumbnail_width": 140,
        "title": "The US Food and Drug Administration granted emergency use authorization to a saliva-based coronavirus test funded by the NBA and NBPA to be made available for public use",
        "total_awards_received": 0,
        "treatment_tags": [],
        "upvote_ratio": 1.0,
        "url": "https://www.businessinsider.com/fda-authorizes-saliva-based-coronavirus-test-funded-by-nba-nbpa-2020-8",
        "url_overridden_by_dest": "https://www.businessinsider.com/fda-authorizes-saliva-based-coronavirus-test-funded-by-nba-nbpa-2020-8",
        "whitelist_status": "all_ads",
        "wls": 6
    },
    {
        "all_awardings": [],
        "allow_live_comments": false,
        "author": "shallah",
        "author_flair_css_class": null,
        "author_flair_richtext": [],
        "author_flair_text": null,
        "author_flair_type": "text",
        "author_fullname": "t2_38lau",
        "author_patreon_flair": false,
        "author_premium": false,
        "awarders": [],
        "can_mod_post": false,
        "contest_mode": false,
        "created_utc": "2020-08-05 09:20:08",
        "domain": "usatoday.com",
        "full_link": "https://www.reddit.com/r/Coronavirus/comments/i423tb/state_attorneys_general_use_federal_law_to_lower/",
        "gildings": {},
        "id": "i423tb",
        "is_crosspostable": true,
        "is_meta": false,
        "is_original_content": false,
        "is_reddit_media_domain": false,
        "is_robot_indexable": true,
        "is_self": false,
        "is_video": false,
        "link_flair_background_color": "#ff8717",
        "link_flair_richtext": [],
        "link_flair_template_id": "e7643a50-5e48-11ea-8e30-0e05eb9dc901",
        "link_flair_text": "USA",
        "link_flair_text_color": "dark",
        "link_flair_type": "text",
        "locked": false,
        "media_only": false,
        "no_follow": true,
        "num_comments": 6,
        "num_crossposts": 0,
        "over_18": false,
        "parent_whitelist_status": "all_ads",
        "permalink": "/r/Coronavirus/comments/i423tb/state_attorneys_general_use_federal_law_to_lower/",
        "pinned": false,
        "post_hint": "link",
        "preview": {
            "enabled": false,
            "images": [
                {
                    "id": "ZcwBzKoyGVz96tkshbCFVBkY0sD1A60EHysWeZjjdpU",
                    "resolutions": [
                        {
                            "height": 60,
                            "url": "https://external-preview.redd.it/Pn87scgS3HRa-RacBjXUgYqAtnXYjjcql6Qinyx6ZN8.jpg?width=108&amp;crop=smart&amp;auto=webp&amp;s=5b0bae20779fbf49c3d7bb66aad1ac89c8bcbbd0",
                            "width": 108
                        },
                        {
                            "height": 121,
                            "url": "https://external-preview.redd.it/Pn87scgS3HRa-RacBjXUgYqAtnXYjjcql6Qinyx6ZN8.jpg?width=216&amp;crop=smart&amp;auto=webp&amp;s=c2b304808adb574e5041a2566f3cf2347d327668",
                            "width": 216
                        },
                        {
                            "height": 179,
                            "url": "https://external-preview.redd.it/Pn87scgS3HRa-RacBjXUgYqAtnXYjjcql6Qinyx6ZN8.jpg?width=320&amp;crop=smart&amp;auto=webp&amp;s=1fe3931b8db9642f77e802b5771df4add024acaa",
                            "width": 320
                        },
                        {
                            "height": 359,
                            "url": "https://external-preview.redd.it/Pn87scgS3HRa-RacBjXUgYqAtnXYjjcql6Qinyx6ZN8.jpg?width=640&amp;crop=smart&amp;auto=webp&amp;s=7d3a87d2d35fad233515b2f67052407ddfca0df3",
                            "width": 640
                        },
                        {
                            "height": 539,
                            "url": "https://external-preview.redd.it/Pn87scgS3HRa-RacBjXUgYqAtnXYjjcql6Qinyx6ZN8.jpg?width=960&amp;crop=smart&amp;auto=webp&amp;s=0995521fa57389869beadbe39695be082e9fc886",
                            "width": 960
                        },
                        {
                            "height": 607,
                            "url": "https://external-preview.redd.it/Pn87scgS3HRa-RacBjXUgYqAtnXYjjcql6Qinyx6ZN8.jpg?width=1080&amp;crop=smart&amp;auto=webp&amp;s=a5defa82e0db328fcc6e007ac27fad1340160fb3",
                            "width": 1080
                        }
                    ],
                    "source": {
                        "height": 1241,
                        "url": "https://external-preview.redd.it/Pn87scgS3HRa-RacBjXUgYqAtnXYjjcql6Qinyx6ZN8.jpg?auto=webp&amp;s=1f9cbd12565b2bbbe045c329733fdb4838e0b3dd",
                        "width": 2207
                    },
                    "variants": {}
                }
            ]
        },
        "pwls": 6,
        "retrieved_on": 1596619218,
        "score": 1,
        "selftext": "",
        "send_replies": false,
        "spoiler": false,
        "stickied": false,
        "subreddit": "Coronavirus",
        "subreddit_id": "t5_2x4yx",
        "subreddit_subscribers": 2240959,
        "subreddit_type": "public",
        "suggested_sort": "confidence",
        "thumbnail": "https://a.thumbs.redditmedia.com/Rm-o9O_qFCnAN862-NLOFsXKXwL7KAM67kq0YQ5EKN0.jpg",
        "thumbnail_height": 78,
        "thumbnail_width": 140,
        "title": "State attorneys general: Use federal law to lower cost, increase supply of COVID-19 drug remdesivir",
        "total_awards_received": 0,
        "treatment_tags": [],
        "upvote_ratio": 1.0,
        "url": "https://www.usatoday.com/story/news/health/2020/08/04/bipartisan-coalition-attorneys-general-today-asked-u-s-department-health-and-human-services-invoke-f/5580087002/",
        "url_overridden_by_dest": "https://www.usatoday.com/story/news/health/2020/08/04/bipartisan-coalition-attorneys-general-today-asked-u-s-department-health-and-human-services-invoke-f/5580087002/",
        "whitelist_status": "all_ads",
        "wls": 6
    }
]