[
    {
        "all_awardings": [],
        "allow_live_comments": false,
        "author": "Timothy-Sumer",
        "author_flair_css_class": null,
        "author_flair_richtext": [],
        "author_flair_text": null,
        "author_flair_type": "text",
        "author_fullname": "t2_33ycuh8q",
        "author_patreon_flair": false,
        "author_premium": false,
        "awarders": [],
        "can_mod_post": false,
        "contest_mode": false,
        "created_utc": "2020-08-28 04:24:26",
        "domain": "covid19newshq.com",
        "full_link": "https://www.reddit.com/r/Coronavirus/comments/ii0ib2/how_covid_anxiety_and_personal_distress_lead_to/",
        "gildings": {},
        "id": "ii0ib2",
        "is_crosspostable": false,
        "is_meta": false,
        "is_original_content": false,
        "is_reddit_media_domain": false,
        "is_robot_indexable": false,
        "is_self": false,
        "is_video": false,
        "link_flair_background_color": "",
        "link_flair_richtext": [],
        "link_flair_text_color": "dark",
        "link_flair_type": "text",
        "locked": false,
        "media_only": false,
        "no_follow": true,
        "num_comments": 0,
        "num_crossposts": 0,
        "over_18": false,
        "parent_whitelist_status": "all_ads",
        "permalink": "/r/Coronavirus/comments/ii0ib2/how_covid_anxiety_and_personal_distress_lead_to/",
        "pinned": false,
        "post_hint": "link",
        "preview": {
            "enabled": false,
            "images": [
                {
                    "id": "3Z_Vvk5xBLtxYzFwUn0NRjWW3lyZwoahK4PQ_mzaXyE",
                    "resolutions": [
                        {
                            "height": 60,
                            "url": "https://external-preview.redd.it/oVGoEJ5n2stzagrogVrP60FYJTNj9_lVzgdbgRn15Jc.jpg?width=108&amp;crop=smart&amp;auto=webp&amp;s=12f4aa3c90da8e3e1dd90d365bd4e542acdd4631",
                            "width": 108
                        },
                        {
                            "height": 121,
                            "url": "https://external-preview.redd.it/oVGoEJ5n2stzagrogVrP60FYJTNj9_lVzgdbgRn15Jc.jpg?width=216&amp;crop=smart&amp;auto=webp&amp;s=854279fea5b5d4d165aaf5c7db6f8896fca41de0",
                            "width": 216
                        },
                        {
                            "height": 180,
                            "url": "https://external-preview.redd.it/oVGoEJ5n2stzagrogVrP60FYJTNj9_lVzgdbgRn15Jc.jpg?width=320&amp;crop=smart&amp;auto=webp&amp;s=97b2d2e34139fe7750a6ceee7fc1f2f44705232c",
                            "width": 320
                        },
                        {
                            "height": 360,
                            "url": "https://external-preview.redd.it/oVGoEJ5n2stzagrogVrP60FYJTNj9_lVzgdbgRn15Jc.jpg?width=640&amp;crop=smart&amp;auto=webp&amp;s=d3b75a77bb395cc4fd9699aaf9b4a49b5144f4e0",
                            "width": 640
                        },
                        {
                            "height": 540,
                            "url": "https://external-preview.redd.it/oVGoEJ5n2stzagrogVrP60FYJTNj9_lVzgdbgRn15Jc.jpg?width=960&amp;crop=smart&amp;auto=webp&amp;s=f62b22775bcb45ffa4ff0c240ac247be7a733ba7",
                            "width": 960
                        },
                        {
                            "height": 607,
                            "url": "https://external-preview.redd.it/oVGoEJ5n2stzagrogVrP60FYJTNj9_lVzgdbgRn15Jc.jpg?width=1080&amp;crop=smart&amp;auto=webp&amp;s=0f146343dd7d58c2816745806602756b4d4dcfa9",
                            "width": 1080
                        }
                    ],
                    "source": {
                        "height": 720,
                        "url": "https://external-preview.redd.it/oVGoEJ5n2stzagrogVrP60FYJTNj9_lVzgdbgRn15Jc.jpg?auto=webp&amp;s=ac279d1bb62f51787bd529d6dfcc84de7d4ed615",
                        "width": 1280
                    },
                    "variants": {}
                }
            ]
        },
        "pwls": 6,
        "removed_by_category": "moderator",
        "retrieved_on": 1598588677,
        "score": 1,
        "selftext": "",
        "send_replies": false,
        "spoiler": false,
        "stickied": false,
        "subreddit": "Coronavirus",
        "subreddit_id": "t5_2x4yx",
        "subreddit_subscribers": 2265214,
        "subreddit_type": "public",
        "suggested_sort": "confidence",
        "thumbnail": "https://b.thumbs.redditmedia.com/5_v6DZOmq3DuY0sbW2PVWTxzrkm6SxUcJvLox1jbDrs.jpg",
        "thumbnail_height": 78,
        "thumbnail_width": 140,
        "title": "How COVID anxiety and personal distress lead to an increase in depression cases | COVID-19 Special",
        "total_awards_received": 0,
        "treatment_tags": [],
        "upvote_ratio": 1.0,
        "url": "https://covid19newshq.com/2020/08/28/how-covid-anxiety-and-personal-distress-lead-to-an-increase-in-depression-cases-covid-19-special/",
        "url_overridden_by_dest": "https://covid19newshq.com/2020/08/28/how-covid-anxiety-and-personal-distress-lead-to-an-increase-in-depression-cases-covid-19-special/",
        "whitelist_status": "all_ads",
        "wls": 6
    },
    {
        "all_awardings": [],
        "allow_live_comments": false,
        "author": "ElonMuch",
        "author_flair_css_class": null,
        "author_flair_richtext": [],
        "author_flair_text": null,
        "author_flair_type": "text",
        "author_fullname": "t2_7o5h55wa",
        "author_patreon_flair": false,
        "author_premium": false,
        "awarders": [],
        "can_mod_post": false,
        "contest_mode": false,
        "created_utc": "2020-08-25 23:53:27",
        "domain": "hartfordhealthcare.org",
        "full_link": "https://www.reddit.com/r/Coronavirus/comments/igo20a/these_age_groups_most_affected_by_covidrelated/",
        "gildings": {},
        "id": "igo20a",
        "is_crosspostable": false,
        "is_meta": false,
        "is_original_content": false,
        "is_reddit_media_domain": false,
        "is_robot_indexable": false,
        "is_self": false,
        "is_video": false,
        "link_flair_background_color": "#ff8717",
        "link_flair_richtext": [],
        "link_flair_template_id": "e7643a50-5e48-11ea-8e30-0e05eb9dc901",
        "link_flair_text": "USA",
        "link_flair_text_color": "dark",
        "link_flair_type": "text",
        "locked": false,
        "media_only": false,
        "no_follow": true,
        "num_comments": 0,
        "num_crossposts": 0,
        "over_18": false,
        "parent_whitelist_status": "all_ads",
        "permalink": "/r/Coronavirus/comments/igo20a/these_age_groups_most_affected_by_covidrelated/",
        "pinned": false,
        "post_hint": "link",
        "preview": {
            "enabled": false,
            "images": [
                {
                    "id": "AD8WE0JDIHFutMPzk1dULej2HUsDbMEwcW1FsGdaCJM",
                    "resolutions": [
                        {
                            "height": 72,
                            "url": "https://external-preview.redd.it/BqjqNufkF7J2xGENtKa54IwAEJ0MZDsmG2kjb6Vk3WI.jpg?width=108&amp;crop=smart&amp;auto=webp&amp;s=6af628c064d350dd43779810c4ee7a4dbe087704",
                            "width": 108
                        },
                        {
                            "height": 144,
                            "url": "https://external-preview.redd.it/BqjqNufkF7J2xGENtKa54IwAEJ0MZDsmG2kjb6Vk3WI.jpg?width=216&amp;crop=smart&amp;auto=webp&amp;s=de76eedd6949c4d384a67f1cda24237890489a75",
                            "width": 216
                        },
                        {
                            "height": 213,
                            "url": "https://external-preview.redd.it/BqjqNufkF7J2xGENtKa54IwAEJ0MZDsmG2kjb6Vk3WI.jpg?width=320&amp;crop=smart&amp;auto=webp&amp;s=7b9fa08b5bb930868b52da00f70dd499faf4ba77",
                            "width": 320
                        },
                        {
                            "height": 426,
                            "url": "https://external-preview.redd.it/BqjqNufkF7J2xGENtKa54IwAEJ0MZDsmG2kjb6Vk3WI.jpg?width=640&amp;crop=smart&amp;auto=webp&amp;s=e9fd1b537c2011ca90c3b22805a17b09f22b77d2",
                            "width": 640
                        },
                        {
                            "height": 640,
                            "url": "https://external-preview.redd.it/BqjqNufkF7J2xGENtKa54IwAEJ0MZDsmG2kjb6Vk3WI.jpg?width=960&amp;crop=smart&amp;auto=webp&amp;s=597b0f9237b6b516a7d3bc584c23443a03a7e8ac",
                            "width": 960
                        },
                        {
                            "height": 720,
                            "url": "https://external-preview.redd.it/BqjqNufkF7J2xGENtKa54IwAEJ0MZDsmG2kjb6Vk3WI.jpg?width=1080&amp;crop=smart&amp;auto=webp&amp;s=c73c02b64067fdb392061f41f2e55a221a796347",
                            "width": 1080
                        }
                    ],
                    "source": {
                        "height": 800,
                        "url": "https://external-preview.redd.it/BqjqNufkF7J2xGENtKa54IwAEJ0MZDsmG2kjb6Vk3WI.jpg?auto=webp&amp;s=1ddbb175772d5200769a20cfabc58ebea494e1bb",
                        "width": 1200
                    },
                    "variants": {}
                }
            ]
        },
        "pwls": 6,
        "removed_by_category": "moderator",
        "retrieved_on": 1598399618,
        "score": 1,
        "selftext": "",
        "send_replies": true,
        "spoiler": false,
        "stickied": false,
        "subreddit": "Coronavirus",
        "subreddit_id": "t5_2x4yx",
        "subreddit_subscribers": 2262983,
        "subreddit_type": "public",
        "suggested_sort": "confidence",
        "thumbnail": "https://b.thumbs.redditmedia.com/YdXNDl3Ck2BzYQMNf7QBCtom0HRtDcPzuyl1xxE4Kng.jpg",
        "thumbnail_height": 93,
        "thumbnail_width": 140,
        "title": "These Age Groups Most Affected by COVID-Related Depression, Anxiety | Hartford HealthCare",
        "total_awards_received": 0,
        "treatment_tags": [],
        "upvote_ratio": 1.0,
        "url": "https://hartfordhealthcare.org/about-us/news-press/news-detail?articleid=26831&amp;publicId=395",
        "url_overridden_by_dest": "https://hartfordhealthcare.org/about-us/news-press/news-detail?articleid=26831&amp;publicId=395",
        "whitelist_status": "all_ads",
        "wls": 6
    },
    {
        "all_awardings": [],
        "allow_live_comments": false,
        "author": "Majnum",
        "author_flair_css_class": null,
        "author_flair_richtext": [],
        "author_flair_text": null,
        "author_flair_type": "text",
        "author_fullname": "t2_gfvhh",
        "author_patreon_flair": false,
        "author_premium": true,
        "awarders": [],
        "can_mod_post": false,
        "contest_mode": false,
        "created_utc": "2020-08-20 13:59:07",
        "domain": "uclahealth.org",
        "full_link": "https://www.reddit.com/r/Coronavirus/comments/idas45/older_adults_with_existing_depression_show/",
        "gildings": {},
        "id": "idas45",
        "is_crosspostable": true,
        "is_meta": false,
        "is_original_content": false,
        "is_reddit_media_domain": false,
        "is_robot_indexable": true,
        "is_self": false,
        "is_video": false,
        "link_flair_background_color": "#0079d3",
        "link_flair_richtext": [],
        "link_flair_template_id": "394b6910-5e49-11ea-843b-0ebc196d18f7",
        "link_flair_text": "Academic Report",
        "link_flair_text_color": "dark",
        "link_flair_type": "text",
        "locked": false,
        "media_only": false,
        "no_follow": true,
        "num_comments": 19,
        "num_crossposts": 0,
        "over_18": false,
        "parent_whitelist_status": "all_ads",
        "permalink": "/r/Coronavirus/comments/idas45/older_adults_with_existing_depression_show/",
        "pinned": false,
        "post_hint": "link",
        "preview": {
            "enabled": false,
            "images": [
                {
                    "id": "aJVOELlO88tHpP2zry-ZhR9xeSIVl-VvnaB4go8wnPQ",
                    "resolutions": [
                        {
                            "height": 72,
                            "url": "https://external-preview.redd.it/tutcJboeNz4ybQl-gp1q6T3HmZieEgEzKjw3inyRhVc.jpg?width=108&amp;crop=smart&amp;auto=webp&amp;s=95c1374c40c3fc216023772d7209b19c641f53d9",
                            "width": 108
                        },
                        {
                            "height": 144,
                            "url": "https://external-preview.redd.it/tutcJboeNz4ybQl-gp1q6T3HmZieEgEzKjw3inyRhVc.jpg?width=216&amp;crop=smart&amp;auto=webp&amp;s=df7c4fbc954b959c5aa52c217e6118bfd2b1ead2",
                            "width": 216
                        },
                        {
                            "height": 213,
                            "url": "https://external-preview.redd.it/tutcJboeNz4ybQl-gp1q6T3HmZieEgEzKjw3inyRhVc.jpg?width=320&amp;crop=smart&amp;auto=webp&amp;s=d69925fc49521c9954754780822f0e645ba3bb3e",
                            "width": 320
                        },
                        {
                            "height": 427,
                            "url": "https://external-preview.redd.it/tutcJboeNz4ybQl-gp1q6T3HmZieEgEzKjw3inyRhVc.jpg?width=640&amp;crop=smart&amp;auto=webp&amp;s=6820925c9c5f496795657048645b34b721839004",
                            "width": 640
                        }
                    ],
                    "source": {
                        "height": 427,
                        "url": "https://external-preview.redd.it/tutcJboeNz4ybQl-gp1q6T3HmZieEgEzKjw3inyRhVc.jpg?auto=webp&amp;s=ce4df41f04938d95ad18e6865e50eee643a13947",
                        "width": 640
                    },
                    "variants": {}
                }
            ]
        },
        "pwls": 6,
        "retrieved_on": 1597931958,
        "score": 1,
        "selftext": "",
        "send_replies": true,
        "spoiler": false,
        "stickied": false,
        "subreddit": "Coronavirus",
        "subreddit_id": "t5_2x4yx",
        "subreddit_subscribers": 2257880,
        "subreddit_type": "public",
        "suggested_sort": "confidence",
        "thumbnail": "https://b.thumbs.redditmedia.com/4Qde_-V1wiUnU8tD2xtskZn63bwirDErQie3Bg0E_5w.jpg",
        "thumbnail_height": 93,
        "thumbnail_width": 140,
        "title": "Older adults with existing depression show resilience during the pandemic | A multi-site study finds that seniors are more concerned with being infected with COVID-19 than the effects of social isolation.",
        "total_awards_received": 0,
        "treatment_tags": [],
        "upvote_ratio": 1.0,
        "url": "https://www.uclahealth.org/older-adults-with-existing-depression-show-resilience-during-the-pandemic",
        "url_overridden_by_dest": "https://www.uclahealth.org/older-adults-with-existing-depression-show-resilience-during-the-pandemic",
        "whitelist_status": "all_ads",
        "wls": 6
    },
    {
        "all_awardings": [],
        "allow_live_comments": false,
        "author": "Gari_305",
        "author_flair_css_class": null,
        "author_flair_richtext": [],
        "author_flair_text": null,
        "author_flair_type": "text",
        "author_fullname": "t2_65fa26pr",
        "author_patreon_flair": false,
        "author_premium": true,
        "awarders": [],
        "can_mod_post": false,
        "contest_mode": false,
        "created_utc": "2020-08-19 17:53:02",
        "domain": "theguardian.com",
        "full_link": "https://www.reddit.com/r/Coronavirus/comments/icsmpp/world_bank_covid19_pushes_poorer_nations_from/",
        "gildings": {},
        "id": "icsmpp",
        "is_crosspostable": true,
        "is_meta": false,
        "is_original_content": false,
        "is_reddit_media_domain": false,
        "is_robot_indexable": true,
        "is_self": false,
        "is_video": false,
        "link_flair_background_color": "#0dd3bb",
        "link_flair_richtext": [],
        "link_flair_template_id": "ca99103a-5e48-11ea-861e-0e14b931d16d",
        "link_flair_text": "World",
        "link_flair_text_color": "dark",
        "link_flair_type": "text",
        "locked": false,
        "media_only": false,
        "no_follow": true,
        "num_comments": 3,
        "num_crossposts": 0,
        "over_18": false,
        "parent_whitelist_status": "all_ads",
        "permalink": "/r/Coronavirus/comments/icsmpp/world_bank_covid19_pushes_poorer_nations_from/",
        "pinned": false,
        "post_hint": "link",
        "preview": {
            "enabled": false,
            "images": [
                {
                    "id": "6sue7gvbQ-0GpNNtV_F9NUHMtIpx4og5CJUliEdw6UI",
                    "resolutions": [
                        {
                            "height": 56,
                            "url": "https://external-preview.redd.it/_4F09Mnl8S9WjsoDsFK3lkKlhZD9odHCvlTBaZPnfAg.jpg?width=108&amp;crop=smart&amp;auto=webp&amp;s=181d78284fc378ac42220c9ea4e43788a6de00bf",
                            "width": 108
                        },
                        {
                            "height": 113,
                            "url": "https://external-preview.redd.it/_4F09Mnl8S9WjsoDsFK3lkKlhZD9odHCvlTBaZPnfAg.jpg?width=216&amp;crop=smart&amp;auto=webp&amp;s=6bc6c89bcf25f1893c876a876951ae3f1b62e798",
                            "width": 216
                        },
                        {
                            "height": 168,
                            "url": "https://external-preview.redd.it/_4F09Mnl8S9WjsoDsFK3lkKlhZD9odHCvlTBaZPnfAg.jpg?width=320&amp;crop=smart&amp;auto=webp&amp;s=bae3b46bb7fa722eb1d787da0a6f838850c9aae3",
                            "width": 320
                        },
                        {
                            "height": 336,
                            "url": "https://external-preview.redd.it/_4F09Mnl8S9WjsoDsFK3lkKlhZD9odHCvlTBaZPnfAg.jpg?width=640&amp;crop=smart&amp;auto=webp&amp;s=b236653712ee66ecc9e9a1d8268cd68a32a0fbb1",
                            "width": 640
                        },
                        {
                            "height": 504,
                            "url": "https://external-preview.redd.it/_4F09Mnl8S9WjsoDsFK3lkKlhZD9odHCvlTBaZPnfAg.jpg?width=960&amp;crop=smart&amp;auto=webp&amp;s=81641d8365508c7563f790e9e1b534277d696db6",
                            "width": 960
                        },
                        {
                            "height": 567,
                            "url": "https://external-preview.redd.it/_4F09Mnl8S9WjsoDsFK3lkKlhZD9odHCvlTBaZPnfAg.jpg?width=1080&amp;crop=smart&amp;auto=webp&amp;s=86db853d0eaff113602aacba6b2edf5ffe157e9e",
                            "width": 1080
                        }
                    ],
                    "source": {
                        "height": 630,
                        "url": "https://external-preview.redd.it/_4F09Mnl8S9WjsoDsFK3lkKlhZD9odHCvlTBaZPnfAg.jpg?auto=webp&amp;s=a68f1393c2378fd805515c01df17c6d699c51cc7",
                        "width": 1200
                    },
                    "variants": {}
                }
            ]
        },
        "pwls": 6,
        "retrieved_on": 1597859593,
        "score": 1,
        "selftext": "",
        "send_replies": false,
        "spoiler": false,
        "stickied": false,
        "subreddit": "Coronavirus",
        "subreddit_id": "t5_2x4yx",
        "subreddit_subscribers": 2257314,
        "subreddit_type": "public",
        "suggested_sort": "confidence",
        "thumbnail": "https://b.thumbs.redditmedia.com/aYpQmLwark9SpWwISyKcQVpU4NS31sCgRqsQI8hSEXo.jpg",
        "thumbnail_height": 73,
        "thumbnail_width": 140,
        "title": "World Bank: Covid-19 pushes poorer nations 'from recession to depression' | Business",
        "total_awards_received": 0,
        "treatment_tags": [],
        "upvote_ratio": 1.0,
        "url": "https://www.theguardian.com/business/2020/aug/19/world-bank-calls-for-greater-debt-relief-for-poorer-countries-in-wake-of-covid-19?CMP=Share_AndroidApp_Other",
        "url_overridden_by_dest": "https://www.theguardian.com/business/2020/aug/19/world-bank-calls-for-greater-debt-relief-for-poorer-countries-in-wake-of-covid-19?CMP=Share_AndroidApp_Other",
        "whitelist_status": "all_ads",
        "wls": 6
    },
    {
        "all_awardings": [],
        "allow_live_comments": false,
        "author": "CautiousIntern",
        "author_flair_css_class": null,
        "author_flair_richtext": [],
        "author_flair_text": null,
        "author_flair_type": "text",
        "author_fullname": "t2_os6bckg",
        "author_patreon_flair": false,
        "author_premium": false,
        "awarders": [],
        "can_mod_post": false,
        "contest_mode": false,
        "created_utc": "2020-08-19 11:35:22",
        "domain": "healthtuition.com",
        "full_link": "https://www.reddit.com/r/Coronavirus/comments/icly3s/coronavirus_covid19_and_depression_latest/",
        "gildings": {},
        "id": "icly3s",
        "is_crosspostable": false,
        "is_meta": false,
        "is_original_content": false,
        "is_reddit_media_domain": false,
        "is_robot_indexable": false,
        "is_self": false,
        "is_video": false,
        "link_flair_background_color": "#ff8717",
        "link_flair_richtext": [],
        "link_flair_template_id": "e7643a50-5e48-11ea-8e30-0e05eb9dc901",
        "link_flair_text": "USA",
        "link_flair_text_color": "dark",
        "link_flair_type": "text",
        "locked": false,
        "media_only": false,
        "no_follow": true,
        "num_comments": 0,
        "num_crossposts": 0,
        "over_18": false,
        "parent_whitelist_status": "all_ads",
        "permalink": "/r/Coronavirus/comments/icly3s/coronavirus_covid19_and_depression_latest/",
        "pinned": false,
        "post_hint": "link",
        "preview": {
            "enabled": false,
            "images": [
                {
                    "id": "u4yE2k5jTYtOU_iJYm5fo2giP1aKVkY5WEBsX183LY0",
                    "resolutions": [
                        {
                            "height": 72,
                            "url": "https://external-preview.redd.it/XFZIm0oGFNtZ0zlFvtud8-jZfnubOf2U0qAYSa6f7WM.jpg?width=108&amp;crop=smart&amp;auto=webp&amp;s=0d234a7a60c095431909b9341eeb8fd3451cc4b7",
                            "width": 108
                        },
                        {
                            "height": 144,
                            "url": "https://external-preview.redd.it/XFZIm0oGFNtZ0zlFvtud8-jZfnubOf2U0qAYSa6f7WM.jpg?width=216&amp;crop=smart&amp;auto=webp&amp;s=e47911c46d7fe98540d01aa1997b07126e749fc9",
                            "width": 216
                        },
                        {
                            "height": 213,
                            "url": "https://external-preview.redd.it/XFZIm0oGFNtZ0zlFvtud8-jZfnubOf2U0qAYSa6f7WM.jpg?width=320&amp;crop=smart&amp;auto=webp&amp;s=9fc5f4c91c4351a4a25461615e14fb72c50e0101",
                            "width": 320
                        },
                        {
                            "height": 426,
                            "url": "https://external-preview.redd.it/XFZIm0oGFNtZ0zlFvtud8-jZfnubOf2U0qAYSa6f7WM.jpg?width=640&amp;crop=smart&amp;auto=webp&amp;s=e498cece81258f1b387d86d51efc778623709c84",
                            "width": 640
                        },
                        {
                            "height": 640,
                            "url": "https://external-preview.redd.it/XFZIm0oGFNtZ0zlFvtud8-jZfnubOf2U0qAYSa6f7WM.jpg?width=960&amp;crop=smart&amp;auto=webp&amp;s=19e68bf9ef1afff81f43613e1141a8a9d0698326",
                            "width": 960
                        }
                    ],
                    "source": {
                        "height": 683,
                        "url": "https://external-preview.redd.it/XFZIm0oGFNtZ0zlFvtud8-jZfnubOf2U0qAYSa6f7WM.jpg?auto=webp&amp;s=cd453279d5c45d54cb6c70d3dab055863678130b",
                        "width": 1024
                    },
                    "variants": {}
                }
            ]
        },
        "pwls": 6,
        "removed_by_category": "moderator",
        "retrieved_on": 1597836932,
        "score": 1,
        "selftext": "",
        "send_replies": true,
        "spoiler": false,
        "stickied": false,
        "subreddit": "Coronavirus",
        "subreddit_id": "t5_2x4yx",
        "subreddit_subscribers": 2257040,
        "subreddit_type": "public",
        "suggested_sort": "confidence",
        "thumbnail": "https://b.thumbs.redditmedia.com/31rHtAVIl-PKXOE2MWHaXOHJcT9q8X_U-f051a3nqjg.jpg",
        "thumbnail_height": 93,
        "thumbnail_width": 140,
        "title": "Coronavirus (COVID-19) and Depression. Latest statistics on Corona-virus-induced depression According to the data from the Census Bureau, one in every three American citizens are displaying signs and symptoms of depression or clinical anxiety.",
        "total_awards_received": 0,
        "treatment_tags": [],
        "upvote_ratio": 1.0,
        "url": "https://www.healthtuition.com/coronavirus-covid-19-and-depression/",
        "url_overridden_by_dest": "https://www.healthtuition.com/coronavirus-covid-19-and-depression/",
        "whitelist_status": "all_ads",
        "wls": 6
    },
    {
        "all_awardings": [],
        "allow_live_comments": false,
        "author": "Timothy-Sumer",
        "author_flair_css_class": null,
        "author_flair_richtext": [],
        "author_flair_text": null,
        "author_flair_type": "text",
        "author_fullname": "t2_33ycuh8q",
        "author_patreon_flair": false,
        "author_premium": false,
        "awarders": [],
        "can_mod_post": false,
        "contest_mode": false,
        "created_utc": "2020-08-18 23:24:18",
        "domain": "covid19newshq.com",
        "full_link": "https://www.reddit.com/r/Coronavirus/comments/icc8e1/levels_of_depression_have_doubled_during/",
        "gildings": {},
        "id": "icc8e1",
        "is_crosspostable": false,
        "is_meta": false,
        "is_original_content": false,
        "is_reddit_media_domain": false,
        "is_robot_indexable": false,
        "is_self": false,
        "is_video": false,
        "link_flair_background_color": "",
        "link_flair_richtext": [],
        "link_flair_text_color": "dark",
        "link_flair_type": "text",
        "locked": false,
        "media_only": false,
        "no_follow": true,
        "num_comments": 0,
        "num_crossposts": 0,
        "over_18": false,
        "parent_whitelist_status": "all_ads",
        "permalink": "/r/Coronavirus/comments/icc8e1/levels_of_depression_have_doubled_during/",
        "pinned": false,
        "post_hint": "link",
        "preview": {
            "enabled": false,
            "images": [
                {
                    "id": "wlOva6GxxaZyVIBq0baICrCyenR2JGLWs8As5-GB_Bk",
                    "resolutions": [
                        {
                            "height": 81,
                            "url": "https://external-preview.redd.it/Gf7jueHWssnkTojboGBBTcF8DoKpswF0EZg31KZphA8.jpg?width=108&amp;crop=smart&amp;auto=webp&amp;s=3256b3c521e9673f666ec84260ff6b650d114a6a",
                            "width": 108
                        },
                        {
                            "height": 162,
                            "url": "https://external-preview.redd.it/Gf7jueHWssnkTojboGBBTcF8DoKpswF0EZg31KZphA8.jpg?width=216&amp;crop=smart&amp;auto=webp&amp;s=5d3a1bf8bea69292573ce3cd0b014b2caea4b2b7",
                            "width": 216
                        },
                        {
                            "height": 240,
                            "url": "https://external-preview.redd.it/Gf7jueHWssnkTojboGBBTcF8DoKpswF0EZg31KZphA8.jpg?width=320&amp;crop=smart&amp;auto=webp&amp;s=ae969e01304b4bc544d9b2ab403a02e72381d648",
                            "width": 320
                        }
                    ],
                    "source": {
                        "height": 360,
                        "url": "https://external-preview.redd.it/Gf7jueHWssnkTojboGBBTcF8DoKpswF0EZg31KZphA8.jpg?auto=webp&amp;s=2fd19ede49eaa0ac54f89cca2b97d09c12dca342",
                        "width": 480
                    },
                    "variants": {}
                }
            ]
        },
        "pwls": 6,
        "removed_by_category": "moderator",
        "retrieved_on": 1597793069,
        "score": 1,
        "selftext": "",
        "send_replies": false,
        "spoiler": false,
        "stickied": false,
        "subreddit": "Coronavirus",
        "subreddit_id": "t5_2x4yx",
        "subreddit_subscribers": 2256796,
        "subreddit_type": "public",
        "suggested_sort": "confidence",
        "thumbnail": "https://b.thumbs.redditmedia.com/V1XsF1pcM56gK1xIIUsnERJpaHaMNFYZTp5RBdW8F1I.jpg",
        "thumbnail_height": 105,
        "thumbnail_width": 140,
        "title": "Levels of depression have doubled during coronavirus pandemic \u2013 BBC News",
        "total_awards_received": 0,
        "treatment_tags": [],
        "upvote_ratio": 1.0,
        "url": "https://covid19newshq.com/2020/08/18/levels-of-depression-have-doubled-during-coronavirus-pandemic-bbc-news/",
        "url_overridden_by_dest": "https://covid19newshq.com/2020/08/18/levels-of-depression-have-doubled-during-coronavirus-pandemic-bbc-news/",
        "whitelist_status": "all_ads",
        "wls": 6
    },
    {
        "all_awardings": [],
        "allow_live_comments": false,
        "author": "mesmerizingaudio",
        "author_flair_css_class": null,
        "author_flair_richtext": [],
        "author_flair_text": null,
        "author_flair_type": "text",
        "author_fullname": "t2_5spgxomk",
        "author_patreon_flair": false,
        "author_premium": false,
        "awarders": [],
        "can_mod_post": false,
        "contest_mode": false,
        "created_utc": "2020-08-18 19:46:31",
        "domain": "youtu.be",
        "full_link": "https://www.reddit.com/r/Coronavirus/comments/ic878b/depression_in_british_adults_doubles_during/",
        "gildings": {},
        "id": "ic878b",
        "is_crosspostable": false,
        "is_meta": false,
        "is_original_content": false,
        "is_reddit_media_domain": false,
        "is_robot_indexable": false,
        "is_self": false,
        "is_video": false,
        "link_flair_background_color": "#94e044",
        "link_flair_richtext": [],
        "link_flair_template_id": "fd072d2c-5e48-11ea-8569-0eaa0007e55b",
        "link_flair_text": "Europe",
        "link_flair_text_color": "dark",
        "link_flair_type": "text",
        "locked": false,
        "media_only": false,
        "no_follow": true,
        "num_comments": 1,
        "num_crossposts": 0,
        "over_18": false,
        "parent_whitelist_status": "all_ads",
        "permalink": "/r/Coronavirus/comments/ic878b/depression_in_british_adults_doubles_during/",
        "pinned": false,
        "pwls": 6,
        "removed_by_category": "automod_filtered",
        "retrieved_on": 1597780002,
        "score": 1,
        "selftext": "",
        "send_replies": true,
        "spoiler": false,
        "stickied": false,
        "subreddit": "Coronavirus",
        "subreddit_id": "t5_2x4yx",
        "subreddit_subscribers": 2256677,
        "subreddit_type": "public",
        "suggested_sort": "confidence",
        "thumbnail": "default",
        "title": "Depression in British adults doubles during coronavirus crisis Study shows almost 20% experienced depression, with female, younger and disabled adults most affected",
        "total_awards_received": 0,
        "treatment_tags": [],
        "upvote_ratio": 1.0,
        "url": "https://youtu.be/VGXG9RYjCrA.",
        "url_overridden_by_dest": "https://youtu.be/VGXG9RYjCrA.",
        "whitelist_status": "all_ads",
        "wls": 6
    },
    {
        "all_awardings": [],
        "allow_live_comments": false,
        "author": "handlessuck",
        "author_flair_css_class": null,
        "author_flair_richtext": [],
        "author_flair_text": null,
        "author_flair_type": "text",
        "author_fullname": "t2_j63ga",
        "author_patreon_flair": false,
        "author_premium": true,
        "awarders": [],
        "can_mod_post": false,
        "contest_mode": false,
        "created_utc": "2020-08-18 16:37:49",
        "domain": "apnews.com",
        "full_link": "https://www.reddit.com/r/Coronavirus/comments/ic4h1v/uk_rates_of_depression_double_among_adults_during/",
        "gildings": {},
        "id": "ic4h1v",
        "is_crosspostable": true,
        "is_meta": false,
        "is_original_content": false,
        "is_reddit_media_domain": false,
        "is_robot_indexable": true,
        "is_self": false,
        "is_video": false,
        "link_flair_background_color": "#94e044",
        "link_flair_richtext": [],
        "link_flair_template_id": "fd072d2c-5e48-11ea-8569-0eaa0007e55b",
        "link_flair_text": "Europe",
        "link_flair_text_color": "dark",
        "link_flair_type": "text",
        "locked": false,
        "media_only": false,
        "no_follow": true,
        "num_comments": 2,
        "num_crossposts": 0,
        "over_18": false,
        "parent_whitelist_status": "all_ads",
        "permalink": "/r/Coronavirus/comments/ic4h1v/uk_rates_of_depression_double_among_adults_during/",
        "pinned": false,
        "post_hint": "link",
        "preview": {
            "enabled": false,
            "images": [
                {
                    "id": "6lY3KZUoRN-A_zh657jxfUNDWUE17jFUytN2-R46UZQ",
                    "resolutions": [
                        {
                            "height": 69,
                            "url": "https://external-preview.redd.it/p3LeiM48jenBIuVsqq8MGxPQUkzAzuWF89nU4oBLPyE.jpg?width=108&amp;crop=smart&amp;auto=webp&amp;s=7591341363d64592c32eb1fc17767fe96f79daae",
                            "width": 108
                        },
                        {
                            "height": 138,
                            "url": "https://external-preview.redd.it/p3LeiM48jenBIuVsqq8MGxPQUkzAzuWF89nU4oBLPyE.jpg?width=216&amp;crop=smart&amp;auto=webp&amp;s=981c91bc0bc8de53c94c45851e7d0cf86f8be65d",
                            "width": 216
                        },
                        {
                            "height": 205,
                            "url": "https://external-preview.redd.it/p3LeiM48jenBIuVsqq8MGxPQUkzAzuWF89nU4oBLPyE.jpg?width=320&amp;crop=smart&amp;auto=webp&amp;s=075cf04294fae34a93c1048fa13ba96140f03bbd",
                            "width": 320
                        },
                        {
                            "height": 411,
                            "url": "https://external-preview.redd.it/p3LeiM48jenBIuVsqq8MGxPQUkzAzuWF89nU4oBLPyE.jpg?width=640&amp;crop=smart&amp;auto=webp&amp;s=8aa03be0a86a5d49b55a7eb4d8d03056833a27f6",
                            "width": 640
                        }
                    ],
                    "source": {
                        "height": 450,
                        "url": "https://external-preview.redd.it/p3LeiM48jenBIuVsqq8MGxPQUkzAzuWF89nU4oBLPyE.jpg?auto=webp&amp;s=3590ba13585388b70b9532766891557f3ebcc984",
                        "width": 700
                    },
                    "variants": {}
                }
            ]
        },
        "pwls": 6,
        "retrieved_on": 1597768680,
        "score": 1,
        "selftext": "",
        "send_replies": true,
        "spoiler": false,
        "stickied": false,
        "subreddit": "Coronavirus",
        "subreddit_id": "t5_2x4yx",
        "subreddit_subscribers": 2256488,
        "subreddit_type": "public",
        "suggested_sort": "confidence",
        "thumbnail": "https://b.thumbs.redditmedia.com/2yBD0gE8WUyfVtm7hSOeSotgUIJeT9zQyn_KTxhUVmY.jpg",
        "thumbnail_height": 90,
        "thumbnail_width": 140,
        "title": "UK rates of depression double among adults during lockdown",
        "total_awards_received": 0,
        "treatment_tags": [],
        "upvote_ratio": 1.0,
        "url": "https://apnews.com/d4d4dc1ed055a187ea61f8e97804d9e6",
        "url_overridden_by_dest": "https://apnews.com/d4d4dc1ed055a187ea61f8e97804d9e6",
        "whitelist_status": "all_ads",
        "wls": 6
    },
    {
        "all_awardings": [],
        "allow_live_comments": false,
        "author": "pascal_prv",
        "author_flair_css_class": null,
        "author_flair_richtext": [],
        "author_flair_text": null,
        "author_flair_type": "text",
        "author_fullname": "t2_5tb6ld9e",
        "author_patreon_flair": false,
        "author_premium": true,
        "awarders": [],
        "can_mod_post": false,
        "contest_mode": false,
        "created_utc": "2020-08-18 13:04:55",
        "domain": "theguardian.com",
        "full_link": "https://www.reddit.com/r/Coronavirus/comments/ic0m2f/depression_in_british_adults_doubles_during/",
        "gildings": {},
        "id": "ic0m2f",
        "is_crosspostable": true,
        "is_meta": false,
        "is_original_content": false,
        "is_reddit_media_domain": false,
        "is_robot_indexable": true,
        "is_self": false,
        "is_video": false,
        "link_flair_background_color": "#94e044",
        "link_flair_richtext": [],
        "link_flair_template_id": "fd072d2c-5e48-11ea-8569-0eaa0007e55b",
        "link_flair_text": "Europe",
        "link_flair_text_color": "dark",
        "link_flair_type": "text",
        "locked": false,
        "media_only": false,
        "no_follow": true,
        "num_comments": 1,
        "num_crossposts": 0,
        "over_18": false,
        "parent_whitelist_status": "all_ads",
        "permalink": "/r/Coronavirus/comments/ic0m2f/depression_in_british_adults_doubles_during/",
        "pinned": false,
        "post_hint": "link",
        "preview": {
            "enabled": false,
            "images": [
                {
                    "id": "brpA4Bkp56KCXhqyMsRvMI5JKMT3tLKFvLXsW-u-Ilo",
                    "resolutions": [
                        {
                            "height": 56,
                            "url": "https://external-preview.redd.it/BoZ3DF2YkXXIWuzdFli0zS6_uUzkJhWl1C_d3WMv4Kg.jpg?width=108&amp;crop=smart&amp;auto=webp&amp;s=fa1bae1a8ac679d1d8a3cfa24bfcdb814d85ef25",
                            "width": 108
                        },
                        {
                            "height": 113,
                            "url": "https://external-preview.redd.it/BoZ3DF2YkXXIWuzdFli0zS6_uUzkJhWl1C_d3WMv4Kg.jpg?width=216&amp;crop=smart&amp;auto=webp&amp;s=42caf4f4ba14d33a38da2a01b9fb84706ffeaa13",
                            "width": 216
                        },
                        {
                            "height": 168,
                            "url": "https://external-preview.redd.it/BoZ3DF2YkXXIWuzdFli0zS6_uUzkJhWl1C_d3WMv4Kg.jpg?width=320&amp;crop=smart&amp;auto=webp&amp;s=332ab0a444c61ce9fb2b584c9829e8993358b1c2",
                            "width": 320
                        },
                        {
                            "height": 336,
                            "url": "https://external-preview.redd.it/BoZ3DF2YkXXIWuzdFli0zS6_uUzkJhWl1C_d3WMv4Kg.jpg?width=640&amp;crop=smart&amp;auto=webp&amp;s=2a4aa6e00bc7de8dd97bae65fcb6e192ddb5689e",
                            "width": 640
                        },
                        {
                            "height": 504,
                            "url": "https://external-preview.redd.it/BoZ3DF2YkXXIWuzdFli0zS6_uUzkJhWl1C_d3WMv4Kg.jpg?width=960&amp;crop=smart&amp;auto=webp&amp;s=afdceb9ccdfa9ce9f47eacd20e531d86e005a15c",
                            "width": 960
                        },
                        {
                            "height": 567,
                            "url": "https://external-preview.redd.it/BoZ3DF2YkXXIWuzdFli0zS6_uUzkJhWl1C_d3WMv4Kg.jpg?width=1080&amp;crop=smart&amp;auto=webp&amp;s=f82f225aa5602a366f3f84ce84bd0a3b77b3adad",
                            "width": 1080
                        }
                    ],
                    "source": {
                        "height": 630,
                        "url": "https://external-preview.redd.it/BoZ3DF2YkXXIWuzdFli0zS6_uUzkJhWl1C_d3WMv4Kg.jpg?auto=webp&amp;s=61d19d0b19e66fd014740d5b85c60b56d7b23b40",
                        "width": 1200
                    },
                    "variants": {}
                }
            ]
        },
        "pwls": 6,
        "retrieved_on": 1597755906,
        "score": 1,
        "selftext": "",
        "send_replies": true,
        "spoiler": false,
        "stickied": false,
        "subreddit": "Coronavirus",
        "subreddit_id": "t5_2x4yx",
        "subreddit_subscribers": 2256259,
        "subreddit_type": "public",
        "suggested_sort": "confidence",
        "thumbnail": "https://a.thumbs.redditmedia.com/qO9hNlFS0Q10UCwW8ZD3xhXP5nnry73KqCKuyQtU5G0.jpg",
        "thumbnail_height": 73,
        "thumbnail_width": 140,
        "title": "Depression in British adults doubles during coronavirus crisis",
        "total_awards_received": 0,
        "treatment_tags": [],
        "upvote_ratio": 1.0,
        "url": "https://www.theguardian.com/society/2020/aug/18/depression-in-british-adults-doubles-during-coronavirus-crisis?CMP=Share_AndroidApp_Other",
        "url_overridden_by_dest": "https://www.theguardian.com/society/2020/aug/18/depression-in-british-adults-doubles-during-coronavirus-crisis?CMP=Share_AndroidApp_Other",
        "whitelist_status": "all_ads",
        "wls": 6
    },
    {
        "all_awardings": [],
        "allow_live_comments": false,
        "author": "exmoor456",
        "author_flair_css_class": null,
        "author_flair_richtext": [],
        "author_flair_text": null,
        "author_flair_type": "text",
        "author_fullname": "t2_5j4ylz2g",
        "author_patreon_flair": false,
        "author_premium": true,
        "awarders": [],
        "can_mod_post": false,
        "contest_mode": false,
        "created_utc": "2020-08-18 11:50:29",
        "domain": "theguardian.com",
        "full_link": "https://www.reddit.com/r/Coronavirus/comments/ibzix7/depression_in_british_adults_doubles_during/",
        "gildings": {},
        "id": "ibzix7",
        "is_crosspostable": true,
        "is_meta": false,
        "is_original_content": false,
        "is_reddit_media_domain": false,
        "is_robot_indexable": true,
        "is_self": false,
        "is_video": false,
        "link_flair_background_color": "#94e044",
        "link_flair_richtext": [],
        "link_flair_template_id": "fd072d2c-5e48-11ea-8569-0eaa0007e55b",
        "link_flair_text": "Europe",
        "link_flair_text_color": "dark",
        "link_flair_type": "text",
        "locked": false,
        "media_only": false,
        "no_follow": true,
        "num_comments": 28,
        "num_crossposts": 0,
        "over_18": false,
        "parent_whitelist_status": "all_ads",
        "permalink": "/r/Coronavirus/comments/ibzix7/depression_in_british_adults_doubles_during/",
        "pinned": false,
        "post_hint": "link",
        "preview": {
            "enabled": false,
            "images": [
                {
                    "id": "brpA4Bkp56KCXhqyMsRvMI5JKMT3tLKFvLXsW-u-Ilo",
                    "resolutions": [
                        {
                            "height": 56,
                            "url": "https://external-preview.redd.it/BoZ3DF2YkXXIWuzdFli0zS6_uUzkJhWl1C_d3WMv4Kg.jpg?width=108&amp;crop=smart&amp;auto=webp&amp;s=fa1bae1a8ac679d1d8a3cfa24bfcdb814d85ef25",
                            "width": 108
                        },
                        {
                            "height": 113,
                            "url": "https://external-preview.redd.it/BoZ3DF2YkXXIWuzdFli0zS6_uUzkJhWl1C_d3WMv4Kg.jpg?width=216&amp;crop=smart&amp;auto=webp&amp;s=42caf4f4ba14d33a38da2a01b9fb84706ffeaa13",
                            "width": 216
                        },
                        {
                            "height": 168,
                            "url": "https://external-preview.redd.it/BoZ3DF2YkXXIWuzdFli0zS6_uUzkJhWl1C_d3WMv4Kg.jpg?width=320&amp;crop=smart&amp;auto=webp&amp;s=332ab0a444c61ce9fb2b584c9829e8993358b1c2",
                            "width": 320
                        },
                        {
                            "height": 336,
                            "url": "https://external-preview.redd.it/BoZ3DF2YkXXIWuzdFli0zS6_uUzkJhWl1C_d3WMv4Kg.jpg?width=640&amp;crop=smart&amp;auto=webp&amp;s=2a4aa6e00bc7de8dd97bae65fcb6e192ddb5689e",
                            "width": 640
                        },
                        {
                            "height": 504,
                            "url": "https://external-preview.redd.it/BoZ3DF2YkXXIWuzdFli0zS6_uUzkJhWl1C_d3WMv4Kg.jpg?width=960&amp;crop=smart&amp;auto=webp&amp;s=afdceb9ccdfa9ce9f47eacd20e531d86e005a15c",
                            "width": 960
                        },
                        {
                            "height": 567,
                            "url": "https://external-preview.redd.it/BoZ3DF2YkXXIWuzdFli0zS6_uUzkJhWl1C_d3WMv4Kg.jpg?width=1080&amp;crop=smart&amp;auto=webp&amp;s=f82f225aa5602a366f3f84ce84bd0a3b77b3adad",
                            "width": 1080
                        }
                    ],
                    "source": {
                        "height": 630,
                        "url": "https://external-preview.redd.it/BoZ3DF2YkXXIWuzdFli0zS6_uUzkJhWl1C_d3WMv4Kg.jpg?auto=webp&amp;s=61d19d0b19e66fd014740d5b85c60b56d7b23b40",
                        "width": 1200
                    },
                    "variants": {}
                }
            ]
        },
        "pwls": 6,
        "retrieved_on": 1597751439,
        "score": 1,
        "selftext": "",
        "send_replies": true,
        "spoiler": false,
        "stickied": false,
        "subreddit": "Coronavirus",
        "subreddit_id": "t5_2x4yx",
        "subreddit_subscribers": 2256228,
        "subreddit_type": "public",
        "suggested_sort": "confidence",
        "thumbnail": "https://a.thumbs.redditmedia.com/qO9hNlFS0Q10UCwW8ZD3xhXP5nnry73KqCKuyQtU5G0.jpg",
        "thumbnail_height": 73,
        "thumbnail_width": 140,
        "title": "Depression in British adults doubles during coronavirus crisis",
        "total_awards_received": 0,
        "treatment_tags": [],
        "upvote_ratio": 1.0,
        "url": "https://www.theguardian.com/society/2020/aug/18/depression-in-british-adults-doubles-during-coronavirus-crisis",
        "url_overridden_by_dest": "https://www.theguardian.com/society/2020/aug/18/depression-in-british-adults-doubles-during-coronavirus-crisis",
        "whitelist_status": "all_ads",
        "wls": 6
    },
    {
        "all_awardings": [],
        "allow_live_comments": false,
        "author": "adotmatrix",
        "author_flair_css_class": null,
        "author_flair_richtext": [],
        "author_flair_text": null,
        "author_flair_type": "text",
        "author_fullname": "t2_2dbsvbqj",
        "author_patreon_flair": false,
        "author_premium": false,
        "awarders": [],
        "can_mod_post": false,
        "contest_mode": false,
        "created_utc": "2020-08-16 15:35:37",
        "domain": "theconversation.com",
        "full_link": "https://www.reddit.com/r/Coronavirus/comments/iaudff/family_mental_health_crisis_parental_depression/",
        "gildings": {},
        "id": "iaudff",
        "is_crosspostable": true,
        "is_meta": false,
        "is_original_content": false,
        "is_reddit_media_domain": false,
        "is_robot_indexable": true,
        "is_self": false,
        "is_video": false,
        "link_flair_background_color": "#0dd3bb",
        "link_flair_richtext": [],
        "link_flair_template_id": "ca99103a-5e48-11ea-861e-0e14b931d16d",
        "link_flair_text": "World",
        "link_flair_text_color": "dark",
        "link_flair_type": "text",
        "locked": false,
        "media_only": false,
        "no_follow": true,
        "num_comments": 31,
        "num_crossposts": 0,
        "over_18": false,
        "parent_whitelist_status": "all_ads",
        "permalink": "/r/Coronavirus/comments/iaudff/family_mental_health_crisis_parental_depression/",
        "pinned": false,
        "post_hint": "link",
        "preview": {
            "enabled": false,
            "images": [
                {
                    "id": "BrYE7ETlCK_CDQKLgDU0GT5tDzHVWJCxOW54WZZOPog",
                    "resolutions": [
                        {
                            "height": 53,
                            "url": "https://external-preview.redd.it/dFdHMFiQNDoGsp2ObEc0nzfnbad3VVNLy0Lz-7MW-F8.jpg?width=108&amp;crop=smart&amp;auto=webp&amp;s=14269dd0324e983a417cd0a8819f05028e98126b",
                            "width": 108
                        },
                        {
                            "height": 106,
                            "url": "https://external-preview.redd.it/dFdHMFiQNDoGsp2ObEc0nzfnbad3VVNLy0Lz-7MW-F8.jpg?width=216&amp;crop=smart&amp;auto=webp&amp;s=21ccd27085af57c0a6b279357dccd4adb764ece3",
                            "width": 216
                        },
                        {
                            "height": 157,
                            "url": "https://external-preview.redd.it/dFdHMFiQNDoGsp2ObEc0nzfnbad3VVNLy0Lz-7MW-F8.jpg?width=320&amp;crop=smart&amp;auto=webp&amp;s=856b511fef5f0a46e64828f806a4b506ac2167a3",
                            "width": 320
                        },
                        {
                            "height": 315,
                            "url": "https://external-preview.redd.it/dFdHMFiQNDoGsp2ObEc0nzfnbad3VVNLy0Lz-7MW-F8.jpg?width=640&amp;crop=smart&amp;auto=webp&amp;s=03904cfcfe9e1c8e61d7fa7a2c15597ba309cba8",
                            "width": 640
                        },
                        {
                            "height": 472,
                            "url": "https://external-preview.redd.it/dFdHMFiQNDoGsp2ObEc0nzfnbad3VVNLy0Lz-7MW-F8.jpg?width=960&amp;crop=smart&amp;auto=webp&amp;s=337aefff78227e487ecaeddfa08539d9b286bb79",
                            "width": 960
                        },
                        {
                            "height": 532,
                            "url": "https://external-preview.redd.it/dFdHMFiQNDoGsp2ObEc0nzfnbad3VVNLy0Lz-7MW-F8.jpg?width=1080&amp;crop=smart&amp;auto=webp&amp;s=fa720c5b8328b25402ec4f6e5ee445b5bda722d4",
                            "width": 1080
                        }
                    ],
                    "source": {
                        "height": 668,
                        "url": "https://external-preview.redd.it/dFdHMFiQNDoGsp2ObEc0nzfnbad3VVNLy0Lz-7MW-F8.jpg?auto=webp&amp;s=e38d34a68434ff2d81bb6a38acfa76869881ab08",
                        "width": 1356
                    },
                    "variants": {}
                }
            ]
        },
        "pwls": 6,
        "retrieved_on": 1597592148,
        "score": 1,
        "selftext": "",
        "send_replies": true,
        "spoiler": false,
        "stickied": false,
        "subreddit": "Coronavirus",
        "subreddit_id": "t5_2x4yx",
        "subreddit_subscribers": 2254301,
        "subreddit_type": "public",
        "suggested_sort": "confidence",
        "thumbnail": "https://a.thumbs.redditmedia.com/VIRppVM3K5PciYivkvjLazNeORKyWqdEAmgC9SeDf18.jpg",
        "thumbnail_height": 68,
        "thumbnail_width": 140,
        "title": "Family mental health crisis: Parental depression, anxiety during COVID-19 will affect kids too",
        "total_awards_received": 0,
        "treatment_tags": [],
        "upvote_ratio": 1.0,
        "url": "https://theconversation.com/family-mental-health-crisis-parental-depression-anxiety-during-covid-19-will-affect-kids-too-144050",
        "url_overridden_by_dest": "https://theconversation.com/family-mental-health-crisis-parental-depression-anxiety-during-covid-19-will-affect-kids-too-144050",
        "whitelist_status": "all_ads",
        "wls": 6
    },
    {
        "all_awardings": [],
        "allow_live_comments": false,
        "author": "mczeisler",
        "author_flair_css_class": null,
        "author_flair_richtext": [],
        "author_flair_text": null,
        "author_flair_type": "text",
        "author_fullname": "t2_6arl923e",
        "author_patreon_flair": false,
        "author_premium": false,
        "awarders": [],
        "can_mod_post": false,
        "contest_mode": false,
        "created_utc": "2020-08-15 22:50:02",
        "domain": "nytimes.com",
        "full_link": "https://www.reddit.com/r/Coronavirus/comments/iah7ly/young_adults_report_rising_levels_of_anxiety_and/",
        "gildings": {},
        "id": "iah7ly",
        "is_crosspostable": true,
        "is_meta": false,
        "is_original_content": false,
        "is_reddit_media_domain": false,
        "is_robot_indexable": true,
        "is_self": false,
        "is_video": false,
        "link_flair_background_color": "#0079d3",
        "link_flair_richtext": [],
        "link_flair_template_id": "279c03dc-5e49-11ea-8af7-0ef8f68bfceb",
        "link_flair_text": "Centers for Disease Control and Prevention",
        "link_flair_text_color": "dark",
        "link_flair_type": "text",
        "locked": false,
        "media_only": false,
        "no_follow": true,
        "num_comments": 423,
        "num_crossposts": 0,
        "over_18": false,
        "parent_whitelist_status": "all_ads",
        "permalink": "/r/Coronavirus/comments/iah7ly/young_adults_report_rising_levels_of_anxiety_and/",
        "pinned": false,
        "post_hint": "link",
        "preview": {
            "enabled": false,
            "images": [
                {
                    "id": "2PqH0c9UGDcs01EcxCkoPYfD-flgr--sB0R7C7xcy_A",
                    "resolutions": [
                        {
                            "height": 56,
                            "url": "https://external-preview.redd.it/c72ShnnMtONDugqoP2PSr8ccEZKwh3tzyJS4Xh7p_JA.jpg?width=108&amp;crop=smart&amp;auto=webp&amp;s=1a9adb74e05e5d228ae3d62027de14c5e85a2327",
                            "width": 108
                        },
                        {
                            "height": 113,
                            "url": "https://external-preview.redd.it/c72ShnnMtONDugqoP2PSr8ccEZKwh3tzyJS4Xh7p_JA.jpg?width=216&amp;crop=smart&amp;auto=webp&amp;s=a2cc69f614a4032f7c38de1b5fde2dcabef09887",
                            "width": 216
                        },
                        {
                            "height": 167,
                            "url": "https://external-preview.redd.it/c72ShnnMtONDugqoP2PSr8ccEZKwh3tzyJS4Xh7p_JA.jpg?width=320&amp;crop=smart&amp;auto=webp&amp;s=96dfcb0ffd49ad77a3104440ca85b9a287dbbb84",
                            "width": 320
                        },
                        {
                            "height": 335,
                            "url": "https://external-preview.redd.it/c72ShnnMtONDugqoP2PSr8ccEZKwh3tzyJS4Xh7p_JA.jpg?width=640&amp;crop=smart&amp;auto=webp&amp;s=c358f197a7e2372d27e93db83281b200c7335c71",
                            "width": 640
                        },
                        {
                            "height": 502,
                            "url": "https://external-preview.redd.it/c72ShnnMtONDugqoP2PSr8ccEZKwh3tzyJS4Xh7p_JA.jpg?width=960&amp;crop=smart&amp;auto=webp&amp;s=3750c69a19986005b18e0083e507b2a71a974dd6",
                            "width": 960
                        }
                    ],
                    "source": {
                        "height": 550,
                        "url": "https://external-preview.redd.it/c72ShnnMtONDugqoP2PSr8ccEZKwh3tzyJS4Xh7p_JA.jpg?auto=webp&amp;s=c04162ca262b25b740765cffe2f57601bde6cac5",
                        "width": 1050
                    },
                    "variants": {}
                }
            ]
        },
        "pwls": 6,
        "retrieved_on": 1597531812,
        "score": 1,
        "selftext": "",
        "send_replies": true,
        "spoiler": false,
        "stickied": false,
        "subreddit": "Coronavirus",
        "subreddit_id": "t5_2x4yx",
        "subreddit_subscribers": 2253810,
        "subreddit_type": "public",
        "suggested_sort": "confidence",
        "thumbnail": "https://b.thumbs.redditmedia.com/MtoM2AKLSkmW75Y4qx2ceMvLOULh2t3DS05PghxtQZY.jpg",
        "thumbnail_height": 73,
        "thumbnail_width": 140,
        "title": "Young Adults Report Rising Levels of Anxiety and Depression in Pandemic",
        "total_awards_received": 0,
        "treatment_tags": [],
        "upvote_ratio": 1.0,
        "url": "https://www.nytimes.com/2020/08/13/health/Covid-mental-health-anxiety.html",
        "url_overridden_by_dest": "https://www.nytimes.com/2020/08/13/health/Covid-mental-health-anxiety.html",
        "whitelist_status": "all_ads",
        "wls": 6
    },
    {
        "all_awardings": [],
        "allow_live_comments": false,
        "author": "AdamCannon",
        "author_flair_css_class": null,
        "author_flair_richtext": [],
        "author_flair_text": null,
        "author_flair_type": "text",
        "author_fullname": "t2_931gw43",
        "author_patreon_flair": false,
        "author_premium": false,
        "awarders": [],
        "can_mod_post": false,
        "contest_mode": false,
        "created_utc": "2020-08-14 01:12:18",
        "domain": "marketwatch.com",
        "full_link": "https://www.reddit.com/r/Coronavirus/comments/i9ci0j/dr_fauci_says_people_should_not_politicize/",
        "gildings": {},
        "id": "i9ci0j",
        "is_crosspostable": true,
        "is_meta": false,
        "is_original_content": false,
        "is_reddit_media_domain": false,
        "is_robot_indexable": true,
        "is_self": false,
        "is_video": false,
        "link_flair_background_color": "#ff8717",
        "link_flair_richtext": [],
        "link_flair_template_id": "e7643a50-5e48-11ea-8e30-0e05eb9dc901",
        "link_flair_text": "USA",
        "link_flair_text_color": "dark",
        "link_flair_type": "text",
        "locked": false,
        "media_only": false,
        "no_follow": true,
        "num_comments": 1013,
        "num_crossposts": 0,
        "over_18": false,
        "parent_whitelist_status": "all_ads",
        "permalink": "/r/Coronavirus/comments/i9ci0j/dr_fauci_says_people_should_not_politicize/",
        "pinned": false,
        "post_hint": "link",
        "preview": {
            "enabled": false,
            "images": [
                {
                    "id": "GdAX_vs_4vh4jLLLMEjhWhEesBRPPc76MrmHdipgZM4",
                    "resolutions": [
                        {
                            "height": 60,
                            "url": "https://external-preview.redd.it/oMqViqCpHKYsox1HwTn1T_DQF0shFVtyitQ8SEeoLgQ.jpg?width=108&amp;crop=smart&amp;auto=webp&amp;s=d3a38d852a5484f05bf1bca7c7793958d8e051ce",
                            "width": 108
                        },
                        {
                            "height": 121,
                            "url": "https://external-preview.redd.it/oMqViqCpHKYsox1HwTn1T_DQF0shFVtyitQ8SEeoLgQ.jpg?width=216&amp;crop=smart&amp;auto=webp&amp;s=a156e6763a2883dccbba286d890b19c34c36e52b",
                            "width": 216
                        },
                        {
                            "height": 179,
                            "url": "https://external-preview.redd.it/oMqViqCpHKYsox1HwTn1T_DQF0shFVtyitQ8SEeoLgQ.jpg?width=320&amp;crop=smart&amp;auto=webp&amp;s=2176c4cc64304cece401052ec7214fe5e93cbba0",
                            "width": 320
                        },
                        {
                            "height": 359,
                            "url": "https://external-preview.redd.it/oMqViqCpHKYsox1HwTn1T_DQF0shFVtyitQ8SEeoLgQ.jpg?width=640&amp;crop=smart&amp;auto=webp&amp;s=f2033752429345e124cde4883d21aa3b55679193",
                            "width": 640
                        },
                        {
                            "height": 539,
                            "url": "https://external-preview.redd.it/oMqViqCpHKYsox1HwTn1T_DQF0shFVtyitQ8SEeoLgQ.jpg?width=960&amp;crop=smart&amp;auto=webp&amp;s=59766ccc35a0e659351c935799ca8b86d864cf69",
                            "width": 960
                        },
                        {
                            "height": 607,
                            "url": "https://external-preview.redd.it/oMqViqCpHKYsox1HwTn1T_DQF0shFVtyitQ8SEeoLgQ.jpg?width=1080&amp;crop=smart&amp;auto=webp&amp;s=ea5eaea1bfc0776f101d784116fada8b4ce9afd0",
                            "width": 1080
                        }
                    ],
                    "source": {
                        "height": 742,
                        "url": "https://external-preview.redd.it/oMqViqCpHKYsox1HwTn1T_DQF0shFVtyitQ8SEeoLgQ.jpg?auto=webp&amp;s=ac752bcf7aa2f725eb629721cb4e1509b80908a7",
                        "width": 1320
                    },
                    "variants": {}
                }
            ]
        },
        "pwls": 6,
        "retrieved_on": 1597367551,
        "score": 1,
        "selftext": "",
        "send_replies": true,
        "spoiler": false,
        "stickied": false,
        "subreddit": "Coronavirus",
        "subreddit_id": "t5_2x4yx",
        "subreddit_subscribers": 2251625,
        "subreddit_type": "public",
        "suggested_sort": "confidence",
        "thumbnail": "https://b.thumbs.redditmedia.com/ZNDySYyH1HtOYudWpyjlndNUSlg3ERn6r-dAS6xhgwk.jpg",
        "thumbnail_height": 78,
        "thumbnail_width": 140,
        "title": "Dr. Fauci says people should not politicize coronavirus: \u2018We\u2019ve been through a Depression, we\u2019ve been through a World War. We pulled together through 9/11\u2019",
        "total_awards_received": 0,
        "treatment_tags": [],
        "upvote_ratio": 1.0,
        "url": "https://www.marketwatch.com/story/dr-fauci-on-why-asian-countries-and-island-nations-are-better-controlling-covid-19-and-how-the-us-can-learn-from-them-2020-08-13",
        "url_overridden_by_dest": "https://www.marketwatch.com/story/dr-fauci-on-why-asian-countries-and-island-nations-are-better-controlling-covid-19-and-how-the-us-can-learn-from-them-2020-08-13",
        "whitelist_status": "all_ads",
        "wls": 6
    },
    {
        "all_awardings": [],
        "allow_live_comments": false,
        "author": "lgigi69",
        "author_flair_css_class": null,
        "author_flair_richtext": [],
        "author_flair_text": null,
        "author_flair_type": "text",
        "author_fullname": "t2_2aj0jzkl",
        "author_patreon_flair": false,
        "author_premium": false,
        "awarders": [],
        "can_mod_post": false,
        "contest_mode": false,
        "created_utc": "2020-08-02 18:50:15",
        "domain": "nbcnews.com",
        "full_link": "https://www.reddit.com/r/Coronavirus/comments/i2hd00/covid19_losses_and_uncertainty_have_led_to_a/",
        "gildings": {},
        "id": "i2hd00",
        "is_crosspostable": true,
        "is_meta": false,
        "is_original_content": false,
        "is_reddit_media_domain": false,
        "is_robot_indexable": true,
        "is_self": false,
        "is_video": false,
        "link_flair_background_color": "#ff8717",
        "link_flair_richtext": [],
        "link_flair_template_id": "e7643a50-5e48-11ea-8e30-0e05eb9dc901",
        "link_flair_text": "USA",
        "link_flair_text_color": "dark",
        "link_flair_type": "text",
        "locked": false,
        "media_only": false,
        "no_follow": true,
        "num_comments": 1,
        "num_crossposts": 0,
        "over_18": false,
        "parent_whitelist_status": "all_ads",
        "permalink": "/r/Coronavirus/comments/i2hd00/covid19_losses_and_uncertainty_have_led_to_a/",
        "pinned": false,
        "post_hint": "link",
        "preview": {
            "enabled": false,
            "images": [
                {
                    "id": "MjeRWVBPs2_V1N_ckTP3XBx9HmnLuF4NClsqkFiuyvE",
                    "resolutions": [
                        {
                            "height": 56,
                            "url": "https://external-preview.redd.it/XE8GgNBznTYh7ZyMXerzO79P5Vy29CDUoMKQBKRd9-c.jpg?width=108&amp;crop=smart&amp;auto=webp&amp;s=03d320c62383350af76ed6b26f94dee96cf44680",
                            "width": 108
                        },
                        {
                            "height": 113,
                            "url": "https://external-preview.redd.it/XE8GgNBznTYh7ZyMXerzO79P5Vy29CDUoMKQBKRd9-c.jpg?width=216&amp;crop=smart&amp;auto=webp&amp;s=9aabc626aee875d315c89ec78eb89ec19b8b4899",
                            "width": 216
                        },
                        {
                            "height": 168,
                            "url": "https://external-preview.redd.it/XE8GgNBznTYh7ZyMXerzO79P5Vy29CDUoMKQBKRd9-c.jpg?width=320&amp;crop=smart&amp;auto=webp&amp;s=7c64b8f1a849f2199df9c0fd24dee3473c267fd3",
                            "width": 320
                        },
                        {
                            "height": 336,
                            "url": "https://external-preview.redd.it/XE8GgNBznTYh7ZyMXerzO79P5Vy29CDUoMKQBKRd9-c.jpg?width=640&amp;crop=smart&amp;auto=webp&amp;s=85d526880b800e76b5059859139287dff0c38954",
                            "width": 640
                        },
                        {
                            "height": 504,
                            "url": "https://external-preview.redd.it/XE8GgNBznTYh7ZyMXerzO79P5Vy29CDUoMKQBKRd9-c.jpg?width=960&amp;crop=smart&amp;auto=webp&amp;s=e7ade80970e5319e1f60a042c28edbff732ed871",
                            "width": 960
                        },
                        {
                            "height": 567,
                            "url": "https://external-preview.redd.it/XE8GgNBznTYh7ZyMXerzO79P5Vy29CDUoMKQBKRd9-c.jpg?width=1080&amp;crop=smart&amp;auto=webp&amp;s=470c7e8c0dd652c8df4280dd1b335239078371a4",
                            "width": 1080
                        }
                    ],
                    "source": {
                        "height": 630,
                        "url": "https://external-preview.redd.it/XE8GgNBznTYh7ZyMXerzO79P5Vy29CDUoMKQBKRd9-c.jpg?auto=webp&amp;s=271c6c8f8cba6b6a5a335e78955b84cd02811dce",
                        "width": 1200
                    },
                    "variants": {}
                }
            ]
        },
        "pwls": 6,
        "retrieved_on": 1596394226,
        "score": 1,
        "selftext": "",
        "send_replies": true,
        "spoiler": false,
        "stickied": false,
        "subreddit": "Coronavirus",
        "subreddit_id": "t5_2x4yx",
        "subreddit_subscribers": 2237033,
        "subreddit_type": "public",
        "suggested_sort": "confidence",
        "thumbnail": "https://b.thumbs.redditmedia.com/hfwgfkTTilrexBFjj_duJXJA2-EMVtx-Np1jNeXq3ro.jpg",
        "thumbnail_height": 73,
        "thumbnail_width": 140,
        "title": "COVID-19 losses and uncertainty have led to a mental health crisis. Here's how to help. Nearly one-third of Americans are experiencing symptoms of depression or anxiety. Recognizing when and how to help is key to getting assistance.",
        "total_awards_received": 0,
        "treatment_tags": [],
        "upvote_ratio": 1.0,
        "url": "https://www.nbcnews.com/think/opinion/covid-19-losses-uncertainty-have-led-mental-health-crisis-here-ncna1235547",
        "url_overridden_by_dest": "https://www.nbcnews.com/think/opinion/covid-19-losses-uncertainty-have-led-mental-health-crisis-here-ncna1235547",
        "whitelist_status": "all_ads",
        "wls": 6
    },
    {
        "all_awardings": [],
        "allow_live_comments": false,
        "author": "HugeMacaron",
        "author_flair_css_class": null,
        "author_flair_richtext": [],
        "author_flair_text": null,
        "author_flair_type": "text",
        "author_fullname": "t2_49724o8m",
        "author_patreon_flair": false,
        "author_premium": false,
        "awarders": [],
        "can_mod_post": false,
        "contest_mode": false,
        "created_utc": "2020-08-01 04:48:45",
        "domain": "mdedge.com",
        "full_link": "https://www.reddit.com/r/Coronavirus/comments/i1mj4p/staggering_increase_in_covidlinked_depression/",
        "gildings": {},
        "id": "i1mj4p",
        "is_crosspostable": true,
        "is_meta": false,
        "is_original_content": false,
        "is_reddit_media_domain": false,
        "is_robot_indexable": true,
        "is_self": false,
        "is_video": false,
        "link_flair_background_color": "#0079d3",
        "link_flair_richtext": [],
        "link_flair_template_id": "394b6910-5e49-11ea-843b-0ebc196d18f7",
        "link_flair_text": "Academic Report",
        "link_flair_text_color": "dark",
        "link_flair_type": "text",
        "locked": false,
        "media_only": false,
        "no_follow": true,
        "num_comments": 67,
        "num_crossposts": 0,
        "over_18": false,
        "parent_whitelist_status": "all_ads",
        "permalink": "/r/Coronavirus/comments/i1mj4p/staggering_increase_in_covidlinked_depression/",
        "pinned": false,
        "pwls": 6,
        "retrieved_on": 1596257336,
        "score": 1,
        "selftext": "",
        "send_replies": true,
        "spoiler": false,
        "stickied": false,
        "subreddit": "Coronavirus",
        "subreddit_id": "t5_2x4yx",
        "subreddit_subscribers": 2234547,
        "subreddit_type": "public",
        "suggested_sort": "confidence",
        "thumbnail": "default",
        "title": "Staggering\u2019 increase in COVID-linked depression, anxiety",
        "total_awards_received": 0,
        "treatment_tags": [],
        "upvote_ratio": 1.0,
        "url": "https://www.mdedge.com/psychiatry/article/226351/depression/staggering-increase-covid-linked-depression-anxiety",
        "url_overridden_by_dest": "https://www.mdedge.com/psychiatry/article/226351/depression/staggering-increase-covid-linked-depression-anxiety",
        "whitelist_status": "all_ads",
        "wls": 6
    },
    {
        "all_awardings": [],
        "allow_live_comments": false,
        "author": "exmoor456",
        "author_flair_css_class": null,
        "author_flair_richtext": [],
        "author_flair_text": null,
        "author_flair_type": "text",
        "author_fullname": "t2_5j4ylz2g",
        "author_patreon_flair": false,
        "author_premium": true,
        "awarders": [],
        "can_mod_post": false,
        "contest_mode": false,
        "created_utc": "2020-08-13 09:14:13",
        "domain": "business-standard.com",
        "full_link": "https://www.reddit.com/r/Coronavirus/comments/i8wng7/covid19_impact_50_of_global_youth_depressed_17/",
        "gildings": {},
        "id": "i8wng7",
        "is_crosspostable": false,
        "is_meta": false,
        "is_original_content": false,
        "is_reddit_media_domain": false,
        "is_robot_indexable": false,
        "is_self": false,
        "is_video": false,
        "link_flair_background_color": "#0dd3bb",
        "link_flair_richtext": [],
        "link_flair_template_id": "ca99103a-5e48-11ea-861e-0e14b931d16d",
        "link_flair_text": "World",
        "link_flair_text_color": "dark",
        "link_flair_type": "text",
        "locked": false,
        "media_only": false,
        "no_follow": true,
        "num_comments": 1,
        "num_crossposts": 0,
        "over_18": false,
        "parent_whitelist_status": "all_ads",
        "permalink": "/r/Coronavirus/comments/i8wng7/covid19_impact_50_of_global_youth_depressed_17/",
        "pinned": false,
        "post_hint": "link",
        "preview": {
            "enabled": false,
            "images": [
                {
                    "id": "hux-IGvOahZwjJcvdEXPdd1Z4d_wTVr_QTLdPaYimHs",
                    "resolutions": [
                        {
                            "height": 80,
                            "url": "https://external-preview.redd.it/xujrasDHOpSaIpreUr-xBcJZ7LEBrwJg3CFOk1yOjmg.jpg?width=108&amp;crop=smart&amp;auto=webp&amp;s=1499fa6d6aede4e4f7f09bae10938daca6c4b989",
                            "width": 108
                        },
                        {
                            "height": 161,
                            "url": "https://external-preview.redd.it/xujrasDHOpSaIpreUr-xBcJZ7LEBrwJg3CFOk1yOjmg.jpg?width=216&amp;crop=smart&amp;auto=webp&amp;s=1573ec8877fa43a2114dffe146173922a29287d8",
                            "width": 216
                        },
                        {
                            "height": 239,
                            "url": "https://external-preview.redd.it/xujrasDHOpSaIpreUr-xBcJZ7LEBrwJg3CFOk1yOjmg.jpg?width=320&amp;crop=smart&amp;auto=webp&amp;s=e40d48ac89b811870f579526e500a36a88cfd0bf",
                            "width": 320
                        }
                    ],
                    "source": {
                        "height": 464,
                        "url": "https://external-preview.redd.it/xujrasDHOpSaIpreUr-xBcJZ7LEBrwJg3CFOk1yOjmg.jpg?auto=webp&amp;s=6523ebe222ccfe0bb27583a68df406a02afc1484",
                        "width": 620
                    },
                    "variants": {}
                }
            ]
        },
        "pwls": 6,
        "removed_by_category": "reddit",
        "retrieved_on": 1597310064,
        "score": 1,
        "selftext": "",
        "send_replies": true,
        "spoiler": false,
        "stickied": false,
        "subreddit": "Coronavirus",
        "subreddit_id": "t5_2x4yx",
        "subreddit_subscribers": 2250887,
        "subreddit_type": "public",
        "suggested_sort": "confidence",
        "thumbnail": "https://b.thumbs.redditmedia.com/bgHOgTmDX36LPkyCPS5D5JiWQZYtsa2voplTzHmUmDM.jpg",
        "thumbnail_height": 104,
        "thumbnail_width": 140,
        "title": "Covid-19 impact: 50% of global youth depressed, 17% out of jobs, says ILO",
        "total_awards_received": 0,
        "treatment_tags": [],
        "upvote_ratio": 1.0,
        "url": "https://www.business-standard.com/article/current-affairs/covid-19-impact-50-of-global-youth-depressed-17-out-of-jobs-says-ilo-120081200580_1.html",
        "url_overridden_by_dest": "https://www.business-standard.com/article/current-affairs/covid-19-impact-50-of-global-youth-depressed-17-out-of-jobs-says-ilo-120081200580_1.html",
        "whitelist_status": "all_ads",
        "wls": 6
    },
    {
        "all_awardings": [],
        "allow_live_comments": false,
        "author": "Tyui774",
        "author_flair_css_class": null,
        "author_flair_richtext": [],
        "author_flair_text": null,
        "author_flair_type": "text",
        "author_fullname": "t2_2mtw1d7j",
        "author_patreon_flair": false,
        "author_premium": false,
        "awarders": [],
        "can_mod_post": false,
        "contest_mode": false,
        "created_utc": "2020-08-12 10:34:24",
        "domain": "wap.business-standard.com",
        "full_link": "https://www.reddit.com/r/Coronavirus/comments/i8be55/covid19_impact_50_of_global_youth_depressed_17/",
        "gildings": {},
        "id": "i8be55",
        "is_crosspostable": false,
        "is_meta": false,
        "is_original_content": false,
        "is_reddit_media_domain": false,
        "is_robot_indexable": false,
        "is_self": false,
        "is_video": false,
        "link_flair_background_color": "#0dd3bb",
        "link_flair_richtext": [],
        "link_flair_template_id": "ca99103a-5e48-11ea-861e-0e14b931d16d",
        "link_flair_text": "World",
        "link_flair_text_color": "dark",
        "link_flair_type": "text",
        "locked": false,
        "media_only": false,
        "no_follow": true,
        "num_comments": 4,
        "num_crossposts": 0,
        "over_18": false,
        "parent_whitelist_status": "all_ads",
        "permalink": "/r/Coronavirus/comments/i8be55/covid19_impact_50_of_global_youth_depressed_17/",
        "pinned": false,
        "post_hint": "link",
        "preview": {
            "enabled": false,
            "images": [
                {
                    "id": "hux-IGvOahZwjJcvdEXPdd1Z4d_wTVr_QTLdPaYimHs",
                    "resolutions": [
                        {
                            "height": 80,
                            "url": "https://external-preview.redd.it/xujrasDHOpSaIpreUr-xBcJZ7LEBrwJg3CFOk1yOjmg.jpg?width=108&amp;crop=smart&amp;auto=webp&amp;s=1499fa6d6aede4e4f7f09bae10938daca6c4b989",
                            "width": 108
                        },
                        {
                            "height": 161,
                            "url": "https://external-preview.redd.it/xujrasDHOpSaIpreUr-xBcJZ7LEBrwJg3CFOk1yOjmg.jpg?width=216&amp;crop=smart&amp;auto=webp&amp;s=1573ec8877fa43a2114dffe146173922a29287d8",
                            "width": 216
                        },
                        {
                            "height": 239,
                            "url": "https://external-preview.redd.it/xujrasDHOpSaIpreUr-xBcJZ7LEBrwJg3CFOk1yOjmg.jpg?width=320&amp;crop=smart&amp;auto=webp&amp;s=e40d48ac89b811870f579526e500a36a88cfd0bf",
                            "width": 320
                        }
                    ],
                    "source": {
                        "height": 464,
                        "url": "https://external-preview.redd.it/xujrasDHOpSaIpreUr-xBcJZ7LEBrwJg3CFOk1yOjmg.jpg?auto=webp&amp;s=6523ebe222ccfe0bb27583a68df406a02afc1484",
                        "width": 620
                    },
                    "variants": {}
                }
            ]
        },
        "pwls": 6,
        "removed_by_category": "reddit",
        "retrieved_on": 1597228474,
        "score": 1,
        "selftext": "",
        "send_replies": true,
        "spoiler": false,
        "stickied": false,
        "subreddit": "Coronavirus",
        "subreddit_id": "t5_2x4yx",
        "subreddit_subscribers": 2249805,
        "subreddit_type": "public",
        "suggested_sort": "confidence",
        "thumbnail": "https://b.thumbs.redditmedia.com/bgHOgTmDX36LPkyCPS5D5JiWQZYtsa2voplTzHmUmDM.jpg",
        "thumbnail_height": 104,
        "thumbnail_width": 140,
        "title": "Covid-19 impact: 50% of global youth depressed, 17% out of jobs, says ILO",
        "total_awards_received": 0,
        "treatment_tags": [],
        "upvote_ratio": 1.0,
        "url": "https://wap.business-standard.com/article/current-affairs/covid-19-impact-50-of-global-youth-depressed-17-out-of-jobs-says-ilo-120081200580_1.html",
        "url_overridden_by_dest": "https://wap.business-standard.com/article/current-affairs/covid-19-impact-50-of-global-youth-depressed-17-out-of-jobs-says-ilo-120081200580_1.html",
        "whitelist_status": "all_ads",
        "wls": 6
    },
    {
        "all_awardings": [],
        "allow_live_comments": false,
        "author": "joeleisenberg64",
        "author_flair_css_class": null,
        "author_flair_richtext": [],
        "author_flair_text": null,
        "author_flair_type": "text",
        "author_fullname": "t2_2s2wawhf",
        "author_patreon_flair": false,
        "author_premium": false,
        "awarders": [],
        "can_mod_post": false,
        "contest_mode": false,
        "created_utc": "2020-08-11 12:45:41",
        "domain": "medium.com",
        "full_link": "https://www.reddit.com/r/Coronavirus/comments/i7r5gp/when_you_are_alone_and_depressed_while_living/",
        "gildings": {},
        "id": "i7r5gp",
        "is_crosspostable": false,
        "is_meta": false,
        "is_original_content": false,
        "is_reddit_media_domain": false,
        "is_robot_indexable": false,
        "is_self": false,
        "is_video": false,
        "link_flair_background_color": "#ea0027",
        "link_flair_css_class": "rm infoquality",
        "link_flair_richtext": [],
        "link_flair_template_id": "2ac9e9e2-67cd-11ea-b6ae-0e214693e803",
        "link_flair_text": "Removed - Rule 5: Keep information quality high",
        "link_flair_text_color": "dark",
        "link_flair_type": "text",
        "locked": false,
        "media_only": false,
        "no_follow": true,
        "num_comments": 2,
        "num_crossposts": 0,
        "over_18": false,
        "parent_whitelist_status": "all_ads",
        "permalink": "/r/Coronavirus/comments/i7r5gp/when_you_are_alone_and_depressed_while_living/",
        "pinned": false,
        "post_hint": "link",
        "preview": {
            "enabled": false,
            "images": [
                {
                    "id": "xDYKIkEKftzq2i1uZ5UpGL_2TcZR1-L4RruCuyaHWAY",
                    "resolutions": [
                        {
                            "height": 72,
                            "url": "https://external-preview.redd.it/kXBreJ5OZUh0WRrAVRmsNuuOViDUbTxK1yxH8VjEvGY.jpg?width=108&amp;crop=smart&amp;auto=webp&amp;s=2a73cccac92077a3ef8ce6b65c6ca87364524349",
                            "width": 108
                        },
                        {
                            "height": 144,
                            "url": "https://external-preview.redd.it/kXBreJ5OZUh0WRrAVRmsNuuOViDUbTxK1yxH8VjEvGY.jpg?width=216&amp;crop=smart&amp;auto=webp&amp;s=3452f41cd4fa9f72a73ad2257786ffcd737337be",
                            "width": 216
                        },
                        {
                            "height": 213,
                            "url": "https://external-preview.redd.it/kXBreJ5OZUh0WRrAVRmsNuuOViDUbTxK1yxH8VjEvGY.jpg?width=320&amp;crop=smart&amp;auto=webp&amp;s=54d7908db9e0a8c85b9d0cd13d39df655108dc2a",
                            "width": 320
                        },
                        {
                            "height": 427,
                            "url": "https://external-preview.redd.it/kXBreJ5OZUh0WRrAVRmsNuuOViDUbTxK1yxH8VjEvGY.jpg?width=640&amp;crop=smart&amp;auto=webp&amp;s=cfcf6ccc077eacba3783eb18e185f97aecbdddf5",
                            "width": 640
                        },
                        {
                            "height": 640,
                            "url": "https://external-preview.redd.it/kXBreJ5OZUh0WRrAVRmsNuuOViDUbTxK1yxH8VjEvGY.jpg?width=960&amp;crop=smart&amp;auto=webp&amp;s=55b4be495687a3a056f6e9c91005499aebd69bb9",
                            "width": 960
                        },
                        {
                            "height": 720,
                            "url": "https://external-preview.redd.it/kXBreJ5OZUh0WRrAVRmsNuuOViDUbTxK1yxH8VjEvGY.jpg?width=1080&amp;crop=smart&amp;auto=webp&amp;s=fe015b840148e214141d3da940ef452d3b0210be",
                            "width": 1080
                        }
                    ],
                    "source": {
                        "height": 801,
                        "url": "https://external-preview.redd.it/kXBreJ5OZUh0WRrAVRmsNuuOViDUbTxK1yxH8VjEvGY.jpg?auto=webp&amp;s=402f10ce23ed7b4b94a0c37fcdf15477662c520c",
                        "width": 1200
                    },
                    "variants": {}
                }
            ]
        },
        "pwls": 6,
        "removed_by_category": "moderator",
        "retrieved_on": 1597149951,
        "score": 1,
        "selftext": "",
        "send_replies": true,
        "spoiler": false,
        "stickied": false,
        "subreddit": "Coronavirus",
        "subreddit_id": "t5_2x4yx",
        "subreddit_subscribers": 2248634,
        "subreddit_type": "public",
        "suggested_sort": "confidence",
        "thumbnail": "https://a.thumbs.redditmedia.com/ezo_pW1K1Oyy9i6KXtrKxXyiykHZJ7ASXQqU7ybH9x0.jpg",
        "thumbnail_height": 93,
        "thumbnail_width": 140,
        "title": "When You Are Alone and Depressed While Living Through a Pandemic",
        "total_awards_received": 0,
        "treatment_tags": [],
        "upvote_ratio": 1.0,
        "url": "https://medium.com/@joeleisenberg/when-you-are-alone-and-depressed-and-living-through-a-pandemic-and-a-riot-9ef668a12f64?source=friends_link&amp;sk=99b47b0bc3637347defa4a22c7f1bb53",
        "url_overridden_by_dest": "https://medium.com/@joeleisenberg/when-you-are-alone-and-depressed-and-living-through-a-pandemic-and-a-riot-9ef668a12f64?source=friends_link&amp;sk=99b47b0bc3637347defa4a22c7f1bb53",
        "whitelist_status": "all_ads",
        "wls": 6
    },
    {
        "all_awardings": [],
        "allow_live_comments": false,
        "author": "Redsald",
        "author_flair_background_color": "",
        "author_flair_css_class": null,
        "author_flair_richtext": [],
        "author_flair_text": null,
        "author_flair_text_color": "",
        "author_flair_type": "text",
        "author_fullname": "t2_eu3kt",
        "author_patreon_flair": false,
        "author_premium": true,
        "awarders": [],
        "can_mod_post": false,
        "contest_mode": false,
        "created_utc": "2020-08-01 15:21:25",
        "domain": "forbes.com",
        "full_link": "https://www.reddit.com/r/Coronavirus/comments/i1tvxv/the_coronavirus_cryptocurrency_craze_whos_behind/",
        "gildings": {},
        "id": "i1tvxv",
        "is_crosspostable": false,
        "is_meta": false,
        "is_original_content": false,
        "is_reddit_media_domain": false,
        "is_robot_indexable": false,
        "is_self": false,
        "is_video": false,
        "link_flair_background_color": "#ea0027",
        "link_flair_css_class": "rm infoquality",
        "link_flair_richtext": [],
        "link_flair_template_id": "2ac9e9e2-67cd-11ea-b6ae-0e214693e803",
        "link_flair_text": "Removed - Rule 5: Keep information quality high",
        "link_flair_text_color": "dark",
        "link_flair_type": "text",
        "locked": false,
        "media_only": false,
        "no_follow": true,
        "num_comments": 2,
        "num_crossposts": 0,
        "over_18": false,
        "parent_whitelist_status": "all_ads",
        "permalink": "/r/Coronavirus/comments/i1tvxv/the_coronavirus_cryptocurrency_craze_whos_behind/",
        "pinned": false,
        "post_hint": "link",
        "preview": {
            "enabled": false,
            "images": [
                {
                    "id": "0Oo6lh25sscaX740Y5pKlONSAbpVMB4jrBWee8BCo_4",
                    "resolutions": [
                        {
                            "height": 60,
                            "url": "https://external-preview.redd.it/LDumbdi26gx7TG2P0IJ-wGKzyjbZDi_0Xj9jBLTcZR8.jpg?width=108&amp;crop=smart&amp;auto=webp&amp;s=991ef52c21d9e39267ab4f768d4d1d1e937e230e",
                            "width": 108
                        },
                        {
                            "height": 121,
                            "url": "https://external-preview.redd.it/LDumbdi26gx7TG2P0IJ-wGKzyjbZDi_0Xj9jBLTcZR8.jpg?width=216&amp;crop=smart&amp;auto=webp&amp;s=855db3307fd9960bfaa2698f16bb810f25f086af",
                            "width": 216
                        },
                        {
                            "height": 180,
                            "url": "https://external-preview.redd.it/LDumbdi26gx7TG2P0IJ-wGKzyjbZDi_0Xj9jBLTcZR8.jpg?width=320&amp;crop=smart&amp;auto=webp&amp;s=41de9b76baa470a0026e93970f118a5a8ac1ebfd",
                            "width": 320
                        },
                        {
                            "height": 360,
                            "url": "https://external-preview.redd.it/LDumbdi26gx7TG2P0IJ-wGKzyjbZDi_0Xj9jBLTcZR8.jpg?width=640&amp;crop=smart&amp;auto=webp&amp;s=905faa52d7bc699ad9e5837586f21f20f09f0a0e",
                            "width": 640
                        },
                        {
                            "height": 540,
                            "url": "https://external-preview.redd.it/LDumbdi26gx7TG2P0IJ-wGKzyjbZDi_0Xj9jBLTcZR8.jpg?width=960&amp;crop=smart&amp;auto=webp&amp;s=255e0525f0481b6ab5d5ea730ea120b53e8d0ed5",
                            "width": 960
                        },
                        {
                            "height": 608,
                            "url": "https://external-preview.redd.it/LDumbdi26gx7TG2P0IJ-wGKzyjbZDi_0Xj9jBLTcZR8.jpg?width=1080&amp;crop=smart&amp;auto=webp&amp;s=bd40926205dc9c373e8909d4a5a5b4b0017f9d56",
                            "width": 1080
                        }
                    ],
                    "source": {
                        "height": 675,
                        "url": "https://external-preview.redd.it/LDumbdi26gx7TG2P0IJ-wGKzyjbZDi_0Xj9jBLTcZR8.jpg?auto=webp&amp;s=3bbf62b63cf9d208ad27129439cc36df9037ff79",
                        "width": 1199
                    },
                    "variants": {}
                }
            ]
        },
        "pwls": 6,
        "removed_by_category": "moderator",
        "retrieved_on": 1596295296,
        "score": 1,
        "selftext": "",
        "send_replies": true,
        "spoiler": false,
        "stickied": false,
        "subreddit": "Coronavirus",
        "subreddit_id": "t5_2x4yx",
        "subreddit_subscribers": 2235318,
        "subreddit_type": "public",
        "suggested_sort": "confidence",
        "thumbnail": "https://b.thumbs.redditmedia.com/vzqsQs7IVMZwYYsYHfn6QFtYaNhk40M_mNd8zo1aTCQ.jpg",
        "thumbnail_height": 78,
        "thumbnail_width": 140,
        "title": "The Coronavirus Cryptocurrency Craze: Who\u2019s Behind The Bitcoin Buying Binge?",
        "total_awards_received": 0,
        "treatment_tags": [],
        "upvote_ratio": 1.0,
        "url": "https://www.forbes.com/sites/ronshevlin/2020/07/27/the-coronavirus-cryptocurrency-craze-whos-behind-the-bitcoin-buying-binge/",
        "url_overridden_by_dest": "https://www.forbes.com/sites/ronshevlin/2020/07/27/the-coronavirus-cryptocurrency-craze-whos-behind-the-bitcoin-buying-binge/",
        "whitelist_status": "all_ads",
        "wls": 6
    }
]